{"textures":{"0":"modelengine:entity/frankenstein"},"elements":[{"from":[5.714286,6.285714,-1.7142859],"to":[8.0,9.142858,3.4285712],"rotation":{"angle":0.0,"axis":"y","origin":[10.857143,-10.857143,6.285714]},"faces":{"east":{"uv":[9.5,7.75,11.75,9.0],"rotation":0,"texture":"#0","tintindex":0},"south":{"uv":[13.25,1.25,14.25,2.5],"rotation":0,"texture":"#0","tintindex":0},"north":{"uv":[13.0,11.5,14.0,12.75],"rotation":0,"texture":"#0","tintindex":0},"west":{"uv":[10.5,0.0,12.75,1.25],"rotation":0,"texture":"#0","tintindex":0},"up":{"uv":[7.0,14.25,6.0,12.0],"rotation":0,"texture":"#0","tintindex":0},"down":{"uv":[8.0,12.0,7.0,14.25],"rotation":0,"texture":"#0","tintindex":0}}},{"from":[6.0,7.428571,-2.285715],"to":[7.857143,9.0,-1.7142859],"rotation":{"angle":0.0,"axis":"y","origin":[10.857143,-10.857143,6.285714]},"faces":{"east":{"uv":[14.5,7.75,14.75,8.5],"rotation":0,"texture":"#0","tintindex":0},"south":{"uv":[13.75,2.5,14.5,3.25],"rotation":0,"texture":"#0","tintindex":0},"north":{"uv":[13.75,0.0,14.5,0.75],"rotation":0,"texture":"#0","tintindex":0},"west":{"uv":[14.5,12.5,14.75,13.25],"rotation":0,"texture":"#0","tintindex":0},"up":{"uv":[2.75,11.5,2.0,11.25],"rotation":0,"texture":"#0","tintindex":0},"down":{"uv":[14.5,8.25,13.75,8.5],"rotation":0,"texture":"#0","tintindex":0}}},{"from":[8.285714,7.428571,-4.5714293],"to":[9.0,8.428572,-3.4285717],"rotation":{"angle":0.0,"axis":"y","origin":[10.857143,-10.857143,6.285714]},"faces":{"east":{"uv":[3.75,14.5,4.25,14.9375],"rotation":0,"texture":"#0","tintindex":0},"south":{"uv":[2.75,14.75,3.0625,15.1875],"rotation":0,"texture":"#0","tintindex":0},"north":{"uv":[0.625,14.5,0.9375,14.9375],"rotation":0,"texture":"#0","tintindex":0},"west":{"uv":[4.25,14.5,4.75,14.9375],"rotation":0,"texture":"#0","tintindex":0},"up":{"uv":[3.0,14.75,3.1875,15.25],"rotation":0,"texture":"#0","tintindex":0},"down":{"uv":[3.25,14.75,3.5625,15.25],"rotation":0,"texture":"#0","tintindex":0}}},{"from":[7.857143,7.428571,-3.4285717],"to":[9.0,8.428572,-2.285715],"rotation":{"angle":0.0,"axis":"y","origin":[10.857143,-10.857143,6.285714]},"faces":{"east":{"uv":[14.25,1.25,14.75,1.6875],"rotation":0,"texture":"#0","tintindex":0},"south":{"uv":[14.25,1.75,14.8125,2.1875],"rotation":0,"texture":"#0","tintindex":0},"north":{"uv":[13.0,14.25,13.4375,14.6875],"rotation":0,"texture":"#0","tintindex":0},"west":{"uv":[0.0,14.5,0.5,14.9375],"rotation":0,"texture":"#0","tintindex":0},"up":{"uv":[0.5,14.5,0.9375,15.0],"rotation":0,"texture":"#0","tintindex":0},"down":{"uv":[0.5,14.5,1.0625,15.0],"rotation":0,"texture":"#0","tintindex":0}}},{"from":[6.0,7.428571,-3.4285717],"to":[7.857143,10.714286,-2.285715],"rotation":{"angle":0.0,"axis":"y","origin":[10.857143,-10.857143,6.285714]},"faces":{"east":{"uv":[9.5,13.5,10.0,15.0],"rotation":0,"texture":"#0","tintindex":0},"south":{"uv":[8.75,13.5,9.5,15.0],"rotation":0,"texture":"#0","tintindex":0},"north":{"uv":[8.0,13.5,8.75,15.0],"rotation":0,"texture":"#0","tintindex":0},"west":{"uv":[10.0,13.5,10.5,15.0],"rotation":0,"texture":"#0","tintindex":0},"up":{"uv":[14.75,12.0,14.0,11.5],"rotation":0,"texture":"#0","tintindex":0},"down":{"uv":[14.75,12.0,14.0,12.5],"rotation":0,"texture":"#0","tintindex":0}}},{"from":[6.0,9.714286,-4.5714293],"to":[7.857143,10.714286,-3.4285717],"rotation":{"angle":0.0,"axis":"y","origin":[10.857143,-10.857143,6.285714]},"faces":{"east":{"uv":[12.5,14.25,13.0,14.75],"rotation":0,"texture":"#0","tintindex":0},"south":{"uv":[14.0,9.25,14.75,9.75],"rotation":0,"texture":"#0","tintindex":0},"north":{"uv":[14.0,14.0,14.75,14.5],"rotation":0,"texture":"#0","tintindex":0},"west":{"uv":[13.0,14.25,13.5,14.75],"rotation":0,"texture":"#0","tintindex":0},"up":{"uv":[14.75,10.25,14.0,9.75],"rotation":0,"texture":"#0","tintindex":0},"down":{"uv":[14.75,10.25,14.0,10.75],"rotation":0,"texture":"#0","tintindex":0}}}],"display":{"head":{"translation":[0.0,-6.4,0.0],"scale":[4.0,4.0,4.0]}}}