{"textures":{"0":"modelengine:entity/frankenstein"},"elements":[{"from":[8.0,6.285714,-1.7142859],"to":[10.285714,9.142858,3.4285712],"rotation":{"angle":0.0,"axis":"y","origin":[5.142857,-10.857143,6.285714]},"faces":{"east":{"uv":[9.5,4.0,11.75,5.25],"rotation":0,"texture":"#0","tintindex":0},"south":{"uv":[2.0,13.0,3.0,14.25],"rotation":0,"texture":"#0","tintindex":0},"north":{"uv":[12.75,7.25,13.75,8.5],"rotation":0,"texture":"#0","tintindex":0},"west":{"uv":[9.5,5.25,11.75,6.5],"rotation":0,"texture":"#0","tintindex":0},"up":{"uv":[12.75,6.25,11.75,4.0],"rotation":0,"texture":"#0","tintindex":0},"down":{"uv":[11.75,6.25,12.75,8.5],"rotation":0,"texture":"#0","tintindex":0}}},{"from":[8.142858,7.428571,-2.285715],"to":[10.0,9.0,-1.7142859],"rotation":{"angle":0.0,"axis":"y","origin":[5.142857,-10.857143,6.285714]},"faces":{"east":{"uv":[1.5,14.5,1.75,15.1875],"rotation":0,"texture":"#0","tintindex":0},"south":{"uv":[12.0,13.5,12.8125,14.1875],"rotation":0,"texture":"#0","tintindex":0},"north":{"uv":[11.25,13.5,12.0625,14.1875],"rotation":0,"texture":"#0","tintindex":0},"west":{"uv":[5.0,14.5,4.75,15.1875],"rotation":0,"texture":"#0","tintindex":0},"up":{"uv":[5.0,2.75,5.8125,2.5],"rotation":0,"texture":"#0","tintindex":0},"down":{"uv":[11.0,10.75,11.6875,11.0],"rotation":0,"texture":"#0","tintindex":0}}},{"from":[7.0,7.428571,-4.5714293],"to":[7.714286,8.428572,-3.4285717],"rotation":{"angle":0.0,"axis":"y","origin":[5.142857,-10.857143,6.285714]},"faces":{"east":{"uv":[11.5,14.25,12.0,14.6875],"rotation":0,"texture":"#0","tintindex":0},"south":{"uv":[1.75,14.75,2.0625,15.1875],"rotation":0,"texture":"#0","tintindex":0},"north":{"uv":[14.5,13.25,14.8125,13.6875],"rotation":0,"texture":"#0","tintindex":0},"west":{"uv":[12.0,14.25,12.5,14.6875],"rotation":0,"texture":"#0","tintindex":0},"up":{"uv":[2.0,15.25,2.1875,15.75],"rotation":0,"texture":"#0","tintindex":0},"down":{"uv":[2.5,14.75,2.8125,15.25],"rotation":0,"texture":"#0","tintindex":0}}},{"from":[7.0,7.428571,-3.4285717],"to":[8.142858,8.428572,-2.285715],"rotation":{"angle":0.0,"axis":"y","origin":[5.142857,-10.857143,6.285714]},"faces":{"east":{"uv":[6.25,14.25,6.75,14.6875],"rotation":0,"texture":"#0","tintindex":0},"south":{"uv":[6.75,14.25,7.25,14.6875],"rotation":0,"texture":"#0","tintindex":0},"north":{"uv":[5.75,14.25,6.25,14.6875],"rotation":0,"texture":"#0","tintindex":0},"west":{"uv":[7.25,14.25,7.75,14.6875],"rotation":0,"texture":"#0","tintindex":0},"up":{"uv":[10.625,14.25,11.0,14.75],"rotation":0,"texture":"#0","tintindex":0},"down":{"uv":[11.5,14.25,12.0,14.75],"rotation":0,"texture":"#0","tintindex":0}}},{"from":[8.142858,7.428571,-3.4285717],"to":[10.0,10.714286,-2.285715],"rotation":{"angle":0.0,"axis":"y","origin":[5.142857,-10.857143,6.285714]},"faces":{"east":{"uv":[1.0,9.75,1.5,11.1875],"rotation":0,"texture":"#0","tintindex":0},"south":{"uv":[5.0,13.5,5.8125,14.9375],"rotation":0,"texture":"#0","tintindex":0},"north":{"uv":[13.25,9.25,13.9375,10.6875],"rotation":0,"texture":"#0","tintindex":0},"west":{"uv":[3.5,11.5,4.0,12.9375],"rotation":0,"texture":"#0","tintindex":0},"up":{"uv":[11.8125,9.5,11.0,9.0],"rotation":0,"texture":"#0","tintindex":0},"down":{"uv":[13.75,6.25,14.5625,6.75],"rotation":0,"texture":"#0","tintindex":0}}},{"from":[8.142858,9.714286,-4.5714293],"to":[10.0,10.714286,-3.4285717],"rotation":{"angle":0.0,"axis":"y","origin":[5.142857,-10.857143,6.285714]},"faces":{"east":{"uv":[2.75,14.25,3.25,14.6875],"rotation":0,"texture":"#0","tintindex":0},"south":{"uv":[13.75,7.25,14.5625,7.6875],"rotation":0,"texture":"#0","tintindex":0},"north":{"uv":[13.75,6.75,14.4375,7.1875],"rotation":0,"texture":"#0","tintindex":0},"west":{"uv":[3.25,14.25,3.75,14.6875],"rotation":0,"texture":"#0","tintindex":0},"up":{"uv":[14.5625,8.25,13.75,7.75],"rotation":0,"texture":"#0","tintindex":0},"down":{"uv":[0.75,14.0,1.5625,14.5],"rotation":0,"texture":"#0","tintindex":0}}}],"display":{"head":{"translation":[0.0,-6.4,0.0],"scale":[4.0,4.0,4.0]}}}