{"textures":{"0":"modelengine:entity/red"},"elements":[{"from":[5.991071,4.625,-3.4523811],"to":[10.008928,9.044643,1.208333],"rotation":{"angle":45.0,"axis":"x","origin":[8.0,1.3303571,3.0565472]},"faces":{"east":{"uv":[0.0,4.3125,0.9375,5.1875],"rotation":0,"texture":"#0","tintindex":0},"south":{"uv":[2.5,5.25,3.3125,6.125],"rotation":0,"texture":"#0","tintindex":0},"north":{"uv":[0.0,5.25,0.8125,6.125],"rotation":0,"texture":"#0","tintindex":0},"west":{"uv":[0.9375,4.3125,0.0,5.1875],"rotation":0,"texture":"#0","tintindex":0},"up":{"uv":[2.4375,6.125,1.625,5.1875],"rotation":0,"texture":"#0","tintindex":0},"down":{"uv":[6.0,5.0,5.1875,5.9375],"rotation":0,"texture":"#0","tintindex":0}}},{"from":[6.6339283,8.74142,-4.447796],"to":[9.366072,12.143206,2.703991],"rotation":{"angle":22.5,"axis":"x","origin":[8.0,5.1071424,-0.80059624]},"faces":{"east":{"uv":[4.8125,0.8125,6.1875,1.5],"rotation":0,"texture":"#0","tintindex":0},"south":{"uv":[1.625,6.625,2.1875,7.3125],"rotation":0,"texture":"#0","tintindex":0},"north":{"uv":[1.0,6.625,1.5625,7.3125],"rotation":0,"texture":"#0","tintindex":0},"west":{"uv":[4.8125,1.5625,6.1875,2.25],"rotation":0,"texture":"#0","tintindex":0},"up":{"uv":[5.125,6.375,4.5625,5.0],"rotation":0,"texture":"#0","tintindex":0},"down":{"uv":[1.5625,5.1875,1.0,6.5625],"rotation":0,"texture":"#0","tintindex":0}}},{"from":[5.6642857,4.9089284,3.7797618],"to":[10.260715,11.401786,13.181547],"rotation":{"angle":0.0,"axis":"y","origin":[8.0,1.3303571,14.065476]},"faces":{"east":{"uv":[0.0,0.0,1.8125,1.375],"rotation":0,"texture":"#0","tintindex":0},"south":{"uv":[2.9375,0.0,3.9375,1.375],"rotation":0,"texture":"#0","tintindex":0},"north":{"uv":[0.0,2.875,1.0,4.25],"rotation":0,"texture":"#0","tintindex":0},"west":{"uv":[0.0,1.4375,1.8125,2.8125],"rotation":0,"texture":"#0","tintindex":0},"up":{"uv":[2.875,1.8125,1.875,0.0],"rotation":0,"texture":"#0","tintindex":0},"down":{"uv":[2.875,1.875,1.875,3.6875],"rotation":0,"texture":"#0","tintindex":0}}}],"display":{"head":{"translation":[0.0,-6.4,0.0],"scale":[4.0,4.0,4.0]}}}