{"textures":{"0":"modelengine:entity/red"},"elements":[{"from":[9.716684,7.403782,6.3557615],"to":[10.841684,8.28771,12.302191],"rotation":{"angle":0.0,"axis":"y","origin":[10.279184,5.9301977,5.4978786]},"faces":{"east":{"uv":[7.3125,6.875,8.5,7.0625],"rotation":0,"texture":"#0","tintindex":0},"south":{"uv":[8.3125,3.4375,8.5625,3.625],"rotation":0,"texture":"#0","tintindex":0},"north":{"uv":[8.3125,3.1875,8.5625,3.375],"rotation":0,"texture":"#0","tintindex":0},"west":{"uv":[7.5,5.125,8.6875,5.3125],"rotation":0,"texture":"#0","tintindex":0},"up":{"uv":[6.5625,8.625,6.3125,7.4375],"rotation":0,"texture":"#0","tintindex":0},"down":{"uv":[3.5,7.5625,3.25,8.75],"rotation":0,"texture":"#0","tintindex":0}}},{"from":[12.036047,7.25959,6.943783],"to":[13.08069,8.063162,11.765212],"rotation":{"angle":22.5,"axis":"y","origin":[12.558369,8.0,8.0]},"faces":{"east":{"uv":[7.625,7.6875,8.5625,7.875],"rotation":0,"texture":"#0","tintindex":0},"south":{"uv":[5.4375,8.3125,5.625,8.5],"rotation":0,"texture":"#0","tintindex":0},"north":{"uv":[5.6875,8.3125,5.875,8.5],"rotation":0,"texture":"#0","tintindex":0},"west":{"uv":[7.6875,7.375,8.625,7.5625],"rotation":0,"texture":"#0","tintindex":0},"up":{"uv":[0.0,7.75,0.1875,8.6875],"rotation":0,"texture":"#0","tintindex":0},"down":{"uv":[0.25,8.6875,0.4375,7.75],"rotation":0,"texture":"#0","tintindex":0}}},{"from":[7.4776783,7.25959,6.943783],"to":[8.522322,8.063162,11.765212],"rotation":{"angle":-22.5,"axis":"y","origin":[8.0,8.0,8.0]},"faces":{"east":{"uv":[8.625,7.375,7.6875,7.5625],"rotation":0,"texture":"#0","tintindex":0},"south":{"uv":[5.625,8.3125,5.4375,8.5],"rotation":0,"texture":"#0","tintindex":0},"north":{"uv":[5.875,8.3125,5.6875,8.5],"rotation":0,"texture":"#0","tintindex":0},"west":{"uv":[8.5625,7.6875,7.625,7.875],"rotation":0,"texture":"#0","tintindex":0},"up":{"uv":[0.1875,7.75,0.0,8.6875],"rotation":0,"texture":"#0","tintindex":0},"down":{"uv":[0.4375,8.6875,0.25,7.75],"rotation":0,"texture":"#0","tintindex":0}}}],"display":{"head":{"translation":[0.0,-6.4,0.0],"scale":[4.0,4.0,4.0]}}}