{"textures":{"0":"modelengine:entity/red"},"elements":[{"from":[5.589286,6.6755705,8.830492],"to":[10.410714,10.6130705,15.982278],"rotation":{"angle":0.0,"axis":"y","origin":[8.0,7.7701373,7.9441066]},"faces":{"east":{"uv":[5.3125,4.193287,3.9375,4.943287],"rotation":0,"texture":"#0","tintindex":0},"south":{"uv":[5.4375,0.0,6.375,0.75],"rotation":0,"texture":"#0","tintindex":0},"north":{"uv":[5.375,3.9375,6.3125,4.6875],"rotation":0,"texture":"#0","tintindex":0},"west":{"uv":[3.9375,4.1875,5.3125,4.9375],"rotation":0,"texture":"#0","tintindex":0},"up":{"uv":[3.875,2.8125,2.9375,1.4375],"rotation":0,"texture":"#0","tintindex":0},"down":{"uv":[3.875,2.875,2.9375,4.25],"rotation":0,"texture":"#0","tintindex":0}}},{"from":[5.991071,6.062001,5.3621864],"to":[10.008928,7.990573,12.192544],"rotation":{"angle":0.0,"axis":"y","origin":[8.0,8.0,8.0]},"faces":{"east":{"uv":[1.625,6.1875,2.9375,6.5625],"rotation":0,"texture":"#0","tintindex":0},"south":{"uv":[1.875,7.4375,2.6875,7.8125],"rotation":0,"texture":"#0","tintindex":0},"north":{"uv":[1.0,7.375,1.8125,7.75],"rotation":0,"texture":"#0","tintindex":0},"west":{"uv":[6.25,1.125,7.5625,1.5],"rotation":0,"texture":"#0","tintindex":0},"up":{"uv":[4.75,2.75,3.9375,1.4375],"rotation":0,"texture":"#0","tintindex":0},"down":{"uv":[4.75,2.8125,3.9375,4.125],"rotation":0,"texture":"#0","tintindex":0}}},{"from":[5.991071,8.009427,3.6869202],"to":[10.008928,9.937999,10.758349],"rotation":{"angle":0.0,"axis":"y","origin":[8.0,8.0,8.0]},"faces":{"east":{"uv":[6.0625,4.75,7.4375,5.125],"rotation":0,"texture":"#0","tintindex":0},"south":{"uv":[7.3125,6.4375,8.125,6.8125],"rotation":0,"texture":"#0","tintindex":0},"north":{"uv":[6.8125,7.25,7.625,7.625],"rotation":0,"texture":"#0","tintindex":0},"west":{"uv":[7.4375,4.7515626,6.0625,5.1265626],"rotation":0,"texture":"#0","tintindex":0},"up":{"uv":[1.875,5.125,1.0625,3.75],"rotation":0,"texture":"#0","tintindex":0},"down":{"uv":[2.75,3.75,1.9375,5.125],"rotation":0,"texture":"#0","tintindex":0}}}],"display":{"head":{"translation":[0.0,-6.4,0.0],"scale":[4.0,4.0,4.0]}}}