{"textures":{"0":"modelengine:entity/red"},"elements":[{"from":[7.8389344,7.84485,19.975254],"to":[8.160363,10.474315,20.184183],"rotation":{"angle":-45.0,"axis":"x","origin":[7.9996486,9.216725,20.07972]},"faces":{"east":{"uv":[4.9375,8.1875,5.0,8.6875],"rotation":0,"texture":"#0","tintindex":0},"south":{"uv":[2.8125,3.75,2.875,4.25],"rotation":0,"texture":"#0","tintindex":0},"north":{"uv":[0.875,5.25,0.9375,5.75],"rotation":0,"texture":"#0","tintindex":0},"west":{"uv":[3.8125,4.3125,3.875,4.8125],"rotation":0,"texture":"#0","tintindex":0},"up":{"uv":[8.6875,0.25,8.75,0.3125],"rotation":0,"texture":"#0","tintindex":0},"down":{"uv":[8.6875,0.4375,8.75,0.375],"rotation":0,"texture":"#0","tintindex":0}}},{"from":[7.8389344,10.512417,7.998748],"to":[8.160363,12.253057,17.017906],"rotation":{"angle":0.0,"axis":"y","origin":[8.002327,7.477122,7.7811766]},"faces":{"east":{"uv":[8.125,3.0625,5.9375,3.375],"rotation":0,"texture":"#0","tintindex":0},"south":{"uv":[4.75,8.4375,4.6875,8.75],"rotation":0,"texture":"#0","tintindex":0},"north":{"uv":[4.875,8.4375,4.8125,8.75],"rotation":0,"texture":"#0","tintindex":0},"west":{"uv":[8.125,3.4375,5.9375,3.75],"rotation":0,"texture":"#0","tintindex":0},"up":{"uv":[6.6875,7.9375,6.625,10.125],"rotation":0,"texture":"#0","tintindex":0},"down":{"uv":[6.8125,10.125,6.75,7.9375],"rotation":0,"texture":"#0","tintindex":0}}},{"from":[7.8389344,8.319991,7.998748],"to":[8.160363,10.179842,19.22148],"rotation":{"angle":0.0,"axis":"y","origin":[8.002327,7.4690866,7.7811766]},"faces":{"east":{"uv":[8.125,2.3125,5.9375,2.625],"rotation":0,"texture":"#0","tintindex":0},"south":{"uv":[1.9375,8.4375,1.875,8.75],"rotation":0,"texture":"#0","tintindex":0},"north":{"uv":[2.0625,8.4375,2.0,8.75],"rotation":0,"texture":"#0","tintindex":0},"west":{"uv":[8.125,2.6875,5.9375,3.0],"rotation":0,"texture":"#0","tintindex":0},"up":{"uv":[5.125,6.4375,5.0625,8.625],"rotation":0,"texture":"#0","tintindex":0},"down":{"uv":[2.6875,10.0625,2.625,7.875],"rotation":0,"texture":"#0","tintindex":0}}},{"from":[7.8389344,8.324917,19.107193],"to":[8.160363,10.179842,20.81255],"rotation":{"angle":0.0,"axis":"y","origin":[8.00111,9.722621,17.211037]},"faces":{"east":{"uv":[8.087731,8.785822,8.82194,9.52904],"rotation":0,"texture":"#0","tintindex":0},"south":{"uv":[8.625,5.5,8.6875,5.5625],"rotation":0,"texture":"#0","tintindex":0},"north":{"uv":[3.8125,4.875,3.875,4.9375],"rotation":0,"texture":"#0","tintindex":0},"west":{"uv":[8.822114,8.788542,8.0871525,9.527362],"rotation":0,"texture":"#0","tintindex":0},"up":{"uv":[8.431019,10.10949,8.368519,9.596991],"rotation":0,"texture":"#0","tintindex":0},"down":{"uv":[0.5625,8.375,0.5,8.6875],"rotation":0,"texture":"#0","tintindex":0}}},{"from":[7.8389344,12.577595,7.998749],"to":[8.160363,13.790988,14.510765],"rotation":{"angle":0.0,"axis":"y","origin":[7.99697,7.477122,-23.21459]},"faces":{"east":{"uv":[8.247476,0.8125,6.98125,1.0484375],"rotation":0,"texture":"#0","tintindex":0},"south":{"uv":[8.5625,4.5625,8.5,4.8125],"rotation":0,"texture":"#0","tintindex":0},"north":{"uv":[8.5,8.1875,8.4375,8.4375],"rotation":0,"texture":"#0","tintindex":0},"west":{"uv":[7.3287253,5.625,6.0625,5.8609376],"rotation":0,"texture":"#0","tintindex":0},"up":{"uv":[7.625,9.203726,7.6875,7.9375],"rotation":0,"texture":"#0","tintindex":0},"down":{"uv":[7.75,7.9375,7.8125,9.203726],"rotation":0,"texture":"#0","tintindex":0}}},{"from":[7.8389344,12.253057,7.998749],"to":[8.160363,12.577595,10.653623],"rotation":{"angle":0.0,"axis":"y","origin":[7.99697,7.477122,-23.21459]},"faces":{"east":{"uv":[9.4375,0.125,8.1875,0.1875],"rotation":0,"texture":"#0","tintindex":0},"south":{"uv":[5.0,8.75,4.9375,8.8125],"rotation":0,"texture":"#0","tintindex":0},"north":{"uv":[8.8125,4.5625,8.75,4.625],"rotation":0,"texture":"#0","tintindex":0},"west":{"uv":[9.4375,0.0,8.1875,0.0625],"rotation":0,"texture":"#0","tintindex":0},"up":{"uv":[3.25,7.4375,3.3125,6.1875],"rotation":0,"texture":"#0","tintindex":0},"down":{"uv":[8.1875,2.3125,8.25,3.5625],"rotation":0,"texture":"#0","tintindex":0}}},{"from":[7.8389344,10.187878,7.998749],"to":[8.160363,10.512417,12.775051],"rotation":{"angle":0.0,"axis":"y","origin":[7.99697,7.477122,-23.21459]},"faces":{"east":{"uv":[9.5625,5.75,8.125,5.8125],"rotation":0,"texture":"#0","tintindex":0},"south":{"uv":[8.3125,8.625,8.25,8.6875],"rotation":0,"texture":"#0","tintindex":0},"north":{"uv":[8.6875,7.8125,8.625,7.875],"rotation":0,"texture":"#0","tintindex":0},"west":{"uv":[9.5625,5.625,8.125,5.6875],"rotation":0,"texture":"#0","tintindex":0},"up":{"uv":[2.75,9.4375,2.8125,8.0],"rotation":0,"texture":"#0","tintindex":0},"down":{"uv":[2.875,8.0,2.9375,9.4375],"rotation":0,"texture":"#0","tintindex":0}}},{"from":[7.6942916,7.7466927,7.8088164],"to":[8.188934,8.321693,21.389174],"rotation":{"angle":0.0,"axis":"y","origin":[7.9951844,7.4690866,-23.214592]},"faces":{"east":{"uv":[8.875,1.8125,6.25,2.0],"rotation":0,"texture":"#0","tintindex":0},"south":{"uv":[8.0625,8.3125,7.875,8.5],"rotation":0,"texture":"#0","tintindex":0},"north":{"uv":[6.125,8.3125,5.9375,8.5],"rotation":0,"texture":"#0","tintindex":0},"west":{"uv":[8.875,1.5625,6.25,1.75],"rotation":0,"texture":"#0","tintindex":0},"up":{"uv":[0.75,8.8125,0.9375,6.1875],"rotation":0,"texture":"#0","tintindex":0},"down":{"uv":[3.0,6.1875,3.1875,8.8125],"rotation":0,"texture":"#0","tintindex":0}}}],"display":{"head":{"translation":[0.0,-6.4,0.0],"scale":[4.0,4.0,4.0]}}}