{"textures":{"0":"modelengine:entity/red"},"elements":[{"from":[7.842819,7.6598234,8.009003],"to":[8.1642475,10.346862,11.368415],"rotation":{"angle":0.0,"axis":"y","origin":[7.9965024,7.6600266,9.91746]},"faces":{"east":{"uv":[6.984375,0.8125,6.25,1.046875],"rotation":0,"texture":"#0","tintindex":0},"south":{"uv":[8.5625,4.5625,8.5,4.8125],"rotation":0,"texture":"#0","tintindex":0},"north":{"uv":[8.5,8.1875,8.4375,8.4375],"rotation":0,"texture":"#0","tintindex":0},"west":{"uv":[8.068287,5.63125,7.333912,5.865625],"rotation":0,"texture":"#0","tintindex":0},"up":{"uv":[7.625463,9.935474,7.687963,9.201099],"rotation":0,"texture":"#0","tintindex":0},"down":{"uv":[7.75,9.20625,7.8125,9.940625],"rotation":0,"texture":"#0","tintindex":0}}},{"from":[7.842819,10.346862,8.009003],"to":[8.1642475,11.889719,9.523288],"rotation":{"angle":0.0,"axis":"y","origin":[7.9965024,7.6600266,9.91746]},"faces":{"east":{"uv":[8.4375,4.5625,8.0625,4.875],"rotation":0,"texture":"#0","tintindex":0},"south":{"uv":[1.5625,8.375,1.5,8.6875],"rotation":0,"texture":"#0","tintindex":0},"north":{"uv":[0.6875,8.375,0.625,8.6875],"rotation":0,"texture":"#0","tintindex":0},"west":{"uv":[8.25,7.9375,7.875,8.25],"rotation":0,"texture":"#0","tintindex":0},"up":{"uv":[6.1875,8.6875,6.25,8.3125],"rotation":0,"texture":"#0","tintindex":0},"down":{"uv":[8.3125,8.1875,8.375,8.5625],"rotation":0,"texture":"#0","tintindex":0}}},{"from":[7.842819,4.488826,8.684485],"to":[8.1642475,7.6598234,11.368415],"rotation":{"angle":0.0,"axis":"y","origin":[7.9965024,7.6600266,9.91746]},"faces":{"east":{"uv":[2.0435548,8.75,1.75,9.0968275],"rotation":0,"texture":"#0","tintindex":0},"south":{"uv":[1.6875,8.75,1.625,8.8125],"rotation":0,"texture":"#0","tintindex":0},"north":{"uv":[8.8125,1.4375,8.75,1.5],"rotation":0,"texture":"#0","tintindex":0},"west":{"uv":[1.7935548,8.75,1.5,9.0968275],"rotation":0,"texture":"#0","tintindex":0},"up":{"uv":[8.75,3.375,8.8125,3.3125],"rotation":0,"texture":"#0","tintindex":0},"down":{"uv":[8.75,3.4375,8.8125,3.5],"rotation":0,"texture":"#0","tintindex":0}}},{"from":[7.6428194,4.313454,8.4113865],"to":[8.251748,9.617025,9.100672],"rotation":{"angle":-45.0,"axis":"x","origin":[7.9965024,7.6600266,9.91746]},"faces":{"east":{"uv":[4.0,7.625,3.8125,8.6875],"rotation":0,"texture":"#0","tintindex":0},"south":{"uv":[7.1875,7.9375,7.0625,9.0],"rotation":0,"texture":"#0","tintindex":0},"north":{"uv":[7.0,7.9375,6.875,9.0],"rotation":0,"texture":"#0","tintindex":0},"west":{"uv":[3.75,7.5625,3.5625,8.625],"rotation":0,"texture":"#0","tintindex":0},"up":{"uv":[5.875,4.9375,6.0,4.75],"rotation":0,"texture":"#0","tintindex":0},"down":{"uv":[6.625,7.4375,6.75,7.625],"rotation":0,"texture":"#0","tintindex":0}}}],"display":{"head":{"translation":[0.0,-6.4,0.0],"scale":[4.0,4.0,4.0]}}}