{"textures":{"0":"modelengine:entity/red"},"elements":[{"from":[2.60119,7.7078867,7.895354],"to":[8.065476,8.254315,11.773331],"rotation":{"angle":0.0,"axis":"y","origin":[5.333333,8.0,8.905026]},"faces":{"east":{"uv":[8.8125,4.9375,8.0625,5.0625],"rotation":0,"texture":"#0","tintindex":0},"south":{"uv":[8.6875,1.375,7.625,1.5],"rotation":0,"texture":"#0","tintindex":0},"north":{"uv":[7.4375,4.5625,6.375,4.6875],"rotation":0,"texture":"#0","tintindex":0},"west":{"uv":[8.5625,0.5625,7.8125,0.6875],"rotation":0,"texture":"#0","tintindex":0},"up":{"uv":[4.8125,3.0625,5.875,2.3125],"rotation":0,"texture":"#0","tintindex":0},"down":{"uv":[4.8125,3.125,5.875,3.875],"rotation":0,"texture":"#0","tintindex":0}}},{"from":[2.60119,7.6573057,7.5738964],"to":[8.065476,8.380506,8.377497],"rotation":{"angle":0.0,"axis":"y","origin":[2.9816961,8.988407,10.30604]},"faces":{"east":{"uv":[8.6875,1.125,7.625,1.3125],"rotation":0,"texture":"#0","tintindex":0},"south":{"uv":[8.25,8.3125,8.125,8.5],"rotation":0,"texture":"#0","tintindex":0},"north":{"uv":[8.4375,7.9375,8.3125,8.125],"rotation":0,"texture":"#0","tintindex":0},"west":{"uv":[8.5625,5.375,7.5,5.5625],"rotation":0,"texture":"#0","tintindex":0},"up":{"uv":[7.25,9.0,7.375,7.9375],"rotation":0,"texture":"#0","tintindex":0},"down":{"uv":[7.4375,7.9375,7.5625,9.0],"rotation":0,"texture":"#0","tintindex":0}}}],"display":{"head":{"translation":[0.0,-6.4,0.0],"scale":[4.0,4.0,4.0]}}}