{"textures":{"0":"modelengine:entity/red"},"elements":[{"from":[7.216518,4.4920206,2.659288],"to":[8.904018,7.063449,5.311074],"rotation":{"angle":45.0,"axis":"x","origin":[8.904018,0.5545206,8.123574]},"faces":{"east":{"uv":[8.0,4.5625,7.5,5.0625],"rotation":0,"texture":"#0","tintindex":0},"south":{"uv":[1.8125,7.8125,1.5,8.3125],"rotation":0,"texture":"#0","tintindex":0},"north":{"uv":[8.125,0.0,7.8125,0.5],"rotation":0,"texture":"#0","tintindex":0},"west":{"uv":[4.5,0.8125,4.0,1.3125],"rotation":0,"texture":"#0","tintindex":0},"up":{"uv":[1.875,8.375,2.1875,7.875],"rotation":0,"texture":"#0","tintindex":0},"down":{"uv":[2.25,7.875,2.5625,8.375],"rotation":0,"texture":"#0","tintindex":0}}},{"from":[6.895089,3.849163,0.9717879],"to":[9.145089,7.625949,4.5075026],"rotation":{"angle":45.0,"axis":"x","origin":[8.904018,0.5545206,8.123574]},"faces":{"east":{"uv":[0.6875,6.1875,0.0,6.9375],"rotation":0,"texture":"#0","tintindex":0},"south":{"uv":[7.25,6.4375,6.8125,7.1875],"rotation":0,"texture":"#0","tintindex":0},"north":{"uv":[2.6875,6.625,2.25,7.375],"rotation":0,"texture":"#0","tintindex":0},"west":{"uv":[1.75,2.875,1.0625,3.625],"rotation":0,"texture":"#0","tintindex":0},"up":{"uv":[0.0,7.6875,0.4375,7.0],"rotation":0,"texture":"#0","tintindex":0},"down":{"uv":[4.5625,7.4375,5.0,8.125],"rotation":0,"texture":"#0","tintindex":0}}}],"display":{"head":{"translation":[0.0,-6.4,0.0],"scale":[4.0,4.0,4.0]}}}