{"textures":{"0":"modelengine:entity/red"},"elements":[{"from":[7.835138,7.7035317,8.026786],"to":[8.156567,10.390571,11.371912],"rotation":{"angle":0.0,"axis":"y","origin":[7.995852,7.76739,14.877268]},"faces":{"east":{"uv":[7.333912,5.63125,8.068287,5.865625],"rotation":0,"texture":"#0","tintindex":0},"south":{"uv":[8.5,4.5625,8.5625,4.8125],"rotation":0,"texture":"#0","tintindex":0},"north":{"uv":[8.4375,8.1875,8.5,8.4375],"rotation":0,"texture":"#0","tintindex":0},"west":{"uv":[6.25,0.8125,6.984375,1.046875],"rotation":0,"texture":"#0","tintindex":0},"up":{"uv":[7.687963,9.935474,7.625463,9.201099],"rotation":0,"texture":"#0","tintindex":0},"down":{"uv":[7.8125,9.20625,7.75,9.940625],"rotation":0,"texture":"#0","tintindex":0}}},{"from":[7.835138,10.390571,8.026786],"to":[8.156567,11.933428,9.526786],"rotation":{"angle":0.0,"axis":"y","origin":[7.995852,7.76739,14.877268]},"faces":{"east":{"uv":[7.875,7.9375,8.25,8.25],"rotation":0,"texture":"#0","tintindex":0},"south":{"uv":[1.5,8.375,1.5625,8.6875],"rotation":0,"texture":"#0","tintindex":0},"north":{"uv":[0.625,8.375,0.6875,8.6875],"rotation":0,"texture":"#0","tintindex":0},"west":{"uv":[8.0625,4.5625,8.4375,4.875],"rotation":0,"texture":"#0","tintindex":0},"up":{"uv":[6.25,8.6875,6.1875,8.3125],"rotation":0,"texture":"#0","tintindex":0},"down":{"uv":[8.375,8.1875,8.3125,8.5625],"rotation":0,"texture":"#0","tintindex":0}}},{"from":[7.835138,4.5325346,8.6879835],"to":[8.156567,7.7035317,11.371912],"rotation":{"angle":0.0,"axis":"y","origin":[7.995852,7.76739,14.877268]},"faces":{"east":{"uv":[1.5,8.75,1.7935548,9.0968275],"rotation":0,"texture":"#0","tintindex":0},"south":{"uv":[1.625,8.75,1.6875,8.8125],"rotation":0,"texture":"#0","tintindex":0},"north":{"uv":[8.75,1.4375,8.8125,1.5],"rotation":0,"texture":"#0","tintindex":0},"west":{"uv":[1.75,8.75,2.0435548,9.0968275],"rotation":0,"texture":"#0","tintindex":0},"up":{"uv":[8.8125,3.375,8.75,3.3125],"rotation":0,"texture":"#0","tintindex":0},"down":{"uv":[8.8125,3.4375,8.75,3.5],"rotation":0,"texture":"#0","tintindex":0}}},{"from":[7.7476377,4.3571625,8.414884],"to":[8.356566,9.660734,9.10417],"rotation":{"angle":-45.0,"axis":"x","origin":[8.002884,7.703735,9.920958]},"faces":{"east":{"uv":[3.5625,7.5625,3.75,8.625],"rotation":0,"texture":"#0","tintindex":0},"south":{"uv":[7.0625,7.9375,7.1875,9.0],"rotation":0,"texture":"#0","tintindex":0},"north":{"uv":[6.875,7.9375,7.0,9.0],"rotation":0,"texture":"#0","tintindex":0},"west":{"uv":[3.8125,7.625,4.0,8.6875],"rotation":0,"texture":"#0","tintindex":0},"up":{"uv":[6.0,4.9375,5.875,4.75],"rotation":0,"texture":"#0","tintindex":0},"down":{"uv":[6.75,7.4375,6.625,7.625],"rotation":0,"texture":"#0","tintindex":0}}}],"display":{"head":{"translation":[0.0,-6.4,0.0],"scale":[4.0,4.0,4.0]}}}