{"textures":{"0":"modelengine:entity/red"},"elements":[{"from":[7.934524,7.6572914,7.912521],"to":[13.398809,8.380506,8.716121],"rotation":{"angle":0.0,"axis":"y","origin":[10.666667,8.0,9.008262]},"faces":{"east":{"uv":[7.5,5.375,8.5625,5.5625],"rotation":0,"texture":"#0","tintindex":0},"south":{"uv":[8.125,8.3125,8.25,8.5],"rotation":0,"texture":"#0","tintindex":0},"north":{"uv":[8.3125,7.9375,8.4375,8.125],"rotation":0,"texture":"#0","tintindex":0},"west":{"uv":[7.625,1.125,8.6875,1.3125],"rotation":0,"texture":"#0","tintindex":0},"up":{"uv":[7.375,9.0,7.25,7.9375],"rotation":0,"texture":"#0","tintindex":0},"down":{"uv":[7.5625,7.9375,7.4375,9.0],"rotation":0,"texture":"#0","tintindex":0}}},{"from":[7.9345236,7.7078867,8.233978],"to":[13.398809,8.254315,12.111955],"rotation":{"angle":0.0,"axis":"y","origin":[10.666667,8.0,9.24365]},"faces":{"east":{"uv":[7.8125,0.5625,8.5625,0.6875],"rotation":0,"texture":"#0","tintindex":0},"south":{"uv":[7.625,1.375,8.6875,1.5],"rotation":0,"texture":"#0","tintindex":0},"north":{"uv":[6.375,4.5625,7.4375,4.6875],"rotation":0,"texture":"#0","tintindex":0},"west":{"uv":[8.0625,4.9375,8.8125,5.0625],"rotation":0,"texture":"#0","tintindex":0},"up":{"uv":[5.875,3.0625,4.8125,2.3125],"rotation":0,"texture":"#0","tintindex":0},"down":{"uv":[5.875,3.125,4.8125,3.875],"rotation":0,"texture":"#0","tintindex":0}}}],"display":{"head":{"translation":[0.0,-6.4,0.0],"scale":[4.0,4.0,4.0]}}}