{"textures":{"0":"modelengine:entity/red"},"elements":[{"from":[7.743892,19.314388,23.10255],"to":[8.065321,21.943853,23.31148],"rotation":{"angle":-45.0,"axis":"x","origin":[7.9046063,11.240387,35.41214]},"faces":{"east":{"uv":[3.875,4.3125,3.8125,4.8125],"rotation":0,"texture":"#0","tintindex":0},"south":{"uv":[2.875,3.75,2.8125,4.25],"rotation":0,"texture":"#0","tintindex":0},"north":{"uv":[0.9375,5.25,0.875,5.75],"rotation":0,"texture":"#0","tintindex":0},"west":{"uv":[5.0,8.1875,4.9375,8.6875],"rotation":0,"texture":"#0","tintindex":0},"up":{"uv":[8.75,0.25,8.6875,0.3125],"rotation":0,"texture":"#0","tintindex":0},"down":{"uv":[8.75,0.4375,8.6875,0.375],"rotation":0,"texture":"#0","tintindex":0}}},{"from":[7.743892,12.642139,8.021598],"to":[8.065321,13.855532,14.533614],"rotation":{"angle":0.0,"axis":"y","origin":[7.9046063,11.232351,35.569283]},"faces":{"east":{"uv":[6.0625,5.625,7.3287253,5.8609376],"rotation":0,"texture":"#0","tintindex":0},"south":{"uv":[8.5,4.5625,8.5625,4.8125],"rotation":0,"texture":"#0","tintindex":0},"north":{"uv":[8.4375,8.1875,8.5,8.4375],"rotation":0,"texture":"#0","tintindex":0},"west":{"uv":[6.98125,0.8125,8.247476,1.0484375],"rotation":0,"texture":"#0","tintindex":0},"up":{"uv":[7.6875,9.203726,7.625,7.9375],"rotation":0,"texture":"#0","tintindex":0},"down":{"uv":[7.8125,7.9375,7.75,9.203726],"rotation":0,"texture":"#0","tintindex":0}}},{"from":[7.743892,12.3176,8.021598],"to":[8.065321,12.642139,10.676472],"rotation":{"angle":0.0,"axis":"y","origin":[7.9046063,11.232351,35.569283]},"faces":{"east":{"uv":[8.1875,0.0,9.4375,0.0625],"rotation":0,"texture":"#0","tintindex":0},"south":{"uv":[4.9375,8.75,5.0,8.8125],"rotation":0,"texture":"#0","tintindex":0},"north":{"uv":[8.75,4.5625,8.8125,4.625],"rotation":0,"texture":"#0","tintindex":0},"west":{"uv":[8.1875,0.125,9.4375,0.1875],"rotation":0,"texture":"#0","tintindex":0},"up":{"uv":[3.3125,7.4375,3.25,6.1875],"rotation":0,"texture":"#0","tintindex":0},"down":{"uv":[8.25,2.3125,8.1875,3.5625],"rotation":0,"texture":"#0","tintindex":0}}},{"from":[7.743892,10.252421,8.021598],"to":[8.065321,10.576961,12.7979],"rotation":{"angle":0.0,"axis":"y","origin":[7.9046063,11.240387,35.569283]},"faces":{"east":{"uv":[8.125,5.625,9.5625,5.6875],"rotation":0,"texture":"#0","tintindex":0},"south":{"uv":[8.25,8.625,8.3125,8.6875],"rotation":0,"texture":"#0","tintindex":0},"north":{"uv":[8.625,7.8125,8.6875,7.875],"rotation":0,"texture":"#0","tintindex":0},"west":{"uv":[8.125,5.75,9.5625,5.8125],"rotation":0,"texture":"#0","tintindex":0},"up":{"uv":[2.8125,9.4375,2.75,8.0],"rotation":0,"texture":"#0","tintindex":0},"down":{"uv":[2.9375,8.0,2.875,9.4375],"rotation":0,"texture":"#0","tintindex":0}}},{"from":[7.7135353,7.8112364,7.8316665],"to":[8.208178,8.386237,21.412024],"rotation":{"angle":0.0,"axis":"y","origin":[7.907285,7.5336304,-11.836185]},"faces":{"east":{"uv":[6.25,1.5625,8.875,1.75],"rotation":0,"texture":"#0","tintindex":0},"south":{"uv":[7.875,8.3125,8.0625,8.5],"rotation":0,"texture":"#0","tintindex":0},"north":{"uv":[5.9375,8.3125,6.125,8.5],"rotation":0,"texture":"#0","tintindex":0},"west":{"uv":[6.25,1.8125,8.875,2.0],"rotation":0,"texture":"#0","tintindex":0},"up":{"uv":[0.9375,8.8125,0.75,6.1875],"rotation":0,"texture":"#0","tintindex":0},"down":{"uv":[3.1875,6.1875,3.0,8.8125],"rotation":0,"texture":"#0","tintindex":0}}},{"from":[7.743892,8.397495,19.130043],"to":[8.065321,10.252421,20.8354],"rotation":{"angle":0.0,"axis":"y","origin":[7.9046063,11.240387,35.569283]},"faces":{"east":{"uv":[8.087731,8.785822,8.82194,9.52904],"rotation":0,"texture":"#0","tintindex":0},"south":{"uv":[8.625,5.5,8.6875,5.5625],"rotation":0,"texture":"#0","tintindex":0},"north":{"uv":[3.8125,4.875,3.875,4.9375],"rotation":0,"texture":"#0","tintindex":0},"west":{"uv":[8.822114,8.788542,8.0871525,9.527362],"rotation":0,"texture":"#0","tintindex":0},"up":{"uv":[8.431019,10.10949,8.368519,9.596991],"rotation":0,"texture":"#0","tintindex":0},"down":{"uv":[0.5625,8.375,0.5,8.6875],"rotation":0,"texture":"#0","tintindex":0}}},{"from":[7.743892,8.39257,8.021599],"to":[8.065321,10.252421,19.130043],"rotation":{"angle":0.0,"axis":"y","origin":[7.9046063,11.240387,35.569283]},"faces":{"east":{"uv":[5.9375,2.6875,8.125,3.0],"rotation":0,"texture":"#0","tintindex":0},"south":{"uv":[1.875,8.4375,1.9375,8.75],"rotation":0,"texture":"#0","tintindex":0},"north":{"uv":[2.0,8.4375,2.0625,8.75],"rotation":0,"texture":"#0","tintindex":0},"west":{"uv":[5.9375,2.3125,8.125,2.625],"rotation":0,"texture":"#0","tintindex":0},"up":{"uv":[5.0625,6.4375,5.125,8.625],"rotation":0,"texture":"#0","tintindex":0},"down":{"uv":[2.625,10.0625,2.6875,7.875],"rotation":0,"texture":"#0","tintindex":0}}},{"from":[7.743892,10.576961,8.021599],"to":[8.065321,12.3176,17.040758],"rotation":{"angle":0.0,"axis":"y","origin":[7.9046063,11.240387,35.569283]},"faces":{"east":{"uv":[5.9375,3.4375,8.125,3.75],"rotation":0,"texture":"#0","tintindex":0},"south":{"uv":[4.6875,8.4375,4.75,8.75],"rotation":0,"texture":"#0","tintindex":0},"north":{"uv":[4.8125,8.4375,4.875,8.75],"rotation":0,"texture":"#0","tintindex":0},"west":{"uv":[5.9375,3.0625,8.125,3.375],"rotation":0,"texture":"#0","tintindex":0},"up":{"uv":[6.625,7.9375,6.6875,10.125],"rotation":0,"texture":"#0","tintindex":0},"down":{"uv":[6.75,10.125,6.8125,7.9375],"rotation":0,"texture":"#0","tintindex":0}}}],"display":{"head":{"translation":[0.0,-6.4,0.0],"scale":[4.0,4.0,4.0]}}}