{"textures":{"0":"modelengine:entity/red"},"elements":[{"from":[6.854911,3.849163,0.9717879],"to":[9.104911,7.625949,4.5075026],"rotation":{"angle":45.0,"axis":"x","origin":[7.095982,0.5545206,8.123574]},"faces":{"east":{"uv":[1.0625,2.875,1.75,3.625],"rotation":0,"texture":"#0","tintindex":0},"south":{"uv":[6.8125,6.4375,7.25,7.1875],"rotation":0,"texture":"#0","tintindex":0},"north":{"uv":[2.25,6.625,2.6875,7.375],"rotation":0,"texture":"#0","tintindex":0},"west":{"uv":[0.0,6.1875,0.6875,6.9375],"rotation":0,"texture":"#0","tintindex":0},"up":{"uv":[0.4375,7.6875,0.0,7.0],"rotation":0,"texture":"#0","tintindex":0},"down":{"uv":[5.0,7.4375,4.5625,8.125],"rotation":0,"texture":"#0","tintindex":0}}},{"from":[7.095982,4.4920206,2.659288],"to":[8.783483,7.063449,5.311074],"rotation":{"angle":45.0,"axis":"x","origin":[7.095982,0.5545206,8.123574]},"faces":{"east":{"uv":[4.0,0.8125,4.5,1.3125],"rotation":0,"texture":"#0","tintindex":0},"south":{"uv":[1.5,7.8125,1.8125,8.3125],"rotation":0,"texture":"#0","tintindex":0},"north":{"uv":[7.8125,0.0,8.125,0.5],"rotation":0,"texture":"#0","tintindex":0},"west":{"uv":[7.5,4.5625,8.0,5.0625],"rotation":0,"texture":"#0","tintindex":0},"up":{"uv":[2.1875,8.375,1.875,7.875],"rotation":0,"texture":"#0","tintindex":0},"down":{"uv":[2.5625,7.875,2.25,8.375],"rotation":0,"texture":"#0","tintindex":0}}}],"display":{"head":{"translation":[0.0,-6.4,0.0],"scale":[4.0,4.0,4.0]}}}