{"textures":{"0":"modelengine:entity/vamp"},"elements":[{"from":[6.285714,6.0571427,5.142857],"to":[9.942858,7.885714,8.342857],"rotation":{"angle":0.0,"axis":"y","origin":[9.485714,6.0571427,5.6]},"faces":{"east":{"uv":[6.25,2.125,7.0,2.5],"rotation":0,"texture":"#0","tintindex":0},"south":{"uv":[2.875,6.625,3.625,7.0],"rotation":0,"texture":"#0","tintindex":0},"north":{"uv":[6.125,5.625,6.875,6.0],"rotation":0,"texture":"#0","tintindex":0},"west":{"uv":[2.0,6.75,2.75,7.125],"rotation":0,"texture":"#0","tintindex":0},"up":{"uv":[4.375,6.0,3.625,5.25],"rotation":0,"texture":"#0","tintindex":0},"down":{"uv":[2.875,5.375,2.125,6.125],"rotation":0,"texture":"#0","tintindex":0}}},{"from":[7.6571426,8.342857,5.142857],"to":[8.571428,8.8,5.6],"rotation":{"angle":0.0,"axis":"y","origin":[7.6571426,8.342857,5.142857]},"faces":{"east":{"uv":[2.25,3.0,2.375,3.125],"rotation":0,"texture":"#0","tintindex":0},"south":{"uv":[5.375,5.25,5.625,5.375],"rotation":0,"texture":"#0","tintindex":0},"north":{"uv":[3.375,1.5,3.625,1.625],"rotation":0,"texture":"#0","tintindex":0},"west":{"uv":[4.625,2.25,4.75,2.375],"rotation":0,"texture":"#0","tintindex":0},"up":{"uv":[5.875,5.375,5.625,5.25],"rotation":0,"texture":"#0","tintindex":0},"down":{"uv":[6.0,2.875,5.75,3.0],"rotation":0,"texture":"#0","tintindex":0}}},{"from":[6.285714,7.885714,5.6],"to":[9.942858,11.542857,9.257143],"rotation":{"angle":0.0,"axis":"y","origin":[9.485714,6.0571427,5.6]},"faces":{"east":{"uv":[5.375,3.0,6.125,3.75],"rotation":0,"texture":"#0","tintindex":0},"south":{"uv":[5.375,3.75,6.125,4.5],"rotation":0,"texture":"#0","tintindex":0},"north":{"uv":[5.375,5.375,6.125,6.125],"rotation":0,"texture":"#0","tintindex":0},"west":{"uv":[5.375,4.5,6.125,5.25],"rotation":0,"texture":"#0","tintindex":0},"up":{"uv":[6.375,0.75,5.625,0.0],"rotation":0,"texture":"#0","tintindex":0},"down":{"uv":[6.375,0.75,5.625,1.5],"rotation":0,"texture":"#0","tintindex":0}}},{"from":[6.285714,8.342857,7.428571],"to":[6.742857,10.171429,10.6285715],"rotation":{"angle":-22.5,"axis":"y","origin":[6.285714,9.714286,7.428571]},"faces":{"east":{"uv":[5.375,6.75,6.125,7.125],"rotation":0,"texture":"#0","tintindex":0},"south":{"uv":[5.375,7.375,5.5,7.75],"rotation":0,"texture":"#0","tintindex":0},"north":{"uv":[1.625,4.375,1.75,4.75],"rotation":0,"texture":"#0","tintindex":0},"west":{"uv":[6.125,6.75,6.875,7.125],"rotation":0,"texture":"#0","tintindex":0},"up":{"uv":[5.75,2.25,5.625,1.5],"rotation":0,"texture":"#0","tintindex":0},"down":{"uv":[2.75,7.125,2.625,7.875],"rotation":0,"texture":"#0","tintindex":0}}},{"from":[9.485714,8.342857,7.428571],"to":[9.942858,10.171429,10.6285715],"rotation":{"angle":22.5,"axis":"y","origin":[9.942858,9.714286,7.428571]},"faces":{"east":{"uv":[6.875,6.75,6.125,7.125],"rotation":0,"texture":"#0","tintindex":0},"south":{"uv":[5.5,7.375,5.375,7.75],"rotation":0,"texture":"#0","tintindex":0},"north":{"uv":[1.75,4.375,1.625,4.75],"rotation":0,"texture":"#0","tintindex":0},"west":{"uv":[6.125,6.75,5.375,7.125],"rotation":0,"texture":"#0","tintindex":0},"up":{"uv":[5.625,2.25,5.75,1.5],"rotation":0,"texture":"#0","tintindex":0},"down":{"uv":[2.625,7.125,2.75,7.875],"rotation":0,"texture":"#0","tintindex":0}}}],"display":{"head":{"translation":[0.0,-6.4,0.0],"scale":[4.0,4.0,4.0]}}}