{"textures":{"0":"modelengine:entity/vamp"},"elements":[{"from":[5.742857,1.7637453,5.833028],"to":[10.314286,5.878031,6.2901707],"rotation":{"angle":-22.5,"axis":"x","origin":[7.5714283,12.735174,6.2901707]},"faces":{"east":{"uv":[3.5,7.0,3.625,7.875],"rotation":0,"texture":"#0","tintindex":0},"south":{"uv":[0.0,4.375,1.0,5.25],"rotation":0,"texture":"#0","tintindex":0},"north":{"uv":[3.625,1.5,4.625,2.375],"rotation":0,"texture":"#0","tintindex":0},"west":{"uv":[2.5,7.125,2.625,8.0],"rotation":0,"texture":"#0","tintindex":0},"up":{"uv":[6.875,8.125,5.875,8.0],"rotation":0,"texture":"#0","tintindex":0},"down":{"uv":[7.875,5.75,6.875,5.875],"rotation":0,"texture":"#0","tintindex":0}}},{"from":[2.5428567,10.057143,5.2571425],"to":[13.514286,13.714286,9.828571],"rotation":{"angle":0.0,"axis":"y","origin":[7.5714283,13.257143,5.714286]},"faces":{"east":{"uv":[4.625,0.0,5.625,0.75],"rotation":0,"texture":"#0","tintindex":0},"south":{"uv":[2.375,2.375,4.75,3.125],"rotation":0,"texture":"#0","tintindex":0},"north":{"uv":[0.0,2.0,2.375,2.75],"rotation":0,"texture":"#0","tintindex":0},"west":{"uv":[4.625,0.75,5.625,1.5],"rotation":0,"texture":"#0","tintindex":0},"up":{"uv":[2.375,1.0,0.0,0.0],"rotation":0,"texture":"#0","tintindex":0},"down":{"uv":[2.375,1.0,0.0,2.0],"rotation":0,"texture":"#0","tintindex":0}}},{"from":[5.285714,13.714286,4.342857],"to":[5.742857,16.914288,9.828571],"rotation":{"angle":0.0,"axis":"y","origin":[5.285714,16.457144,4.342857]},"faces":{"east":{"uv":[2.375,1.625,3.625,2.375],"rotation":0,"texture":"#0","tintindex":0},"south":{"uv":[7.125,5.875,7.25,6.625],"rotation":0,"texture":"#0","tintindex":0},"north":{"uv":[7.125,1.25,7.25,2.0],"rotation":0,"texture":"#0","tintindex":0},"west":{"uv":[2.5,3.125,3.75,3.875],"rotation":0,"texture":"#0","tintindex":0},"up":{"uv":[3.0,6.625,2.875,5.375],"rotation":0,"texture":"#0","tintindex":0},"down":{"uv":[3.125,5.375,3.0,6.625],"rotation":0,"texture":"#0","tintindex":0}}},{"from":[10.314286,13.714286,4.342857],"to":[10.771429,16.914288,9.828571],"rotation":{"angle":0.0,"axis":"y","origin":[10.314286,16.457144,4.342857]},"faces":{"east":{"uv":[3.375,0.0,4.625,0.75],"rotation":0,"texture":"#0","tintindex":0},"south":{"uv":[3.75,7.25,3.875,8.0],"rotation":0,"texture":"#0","tintindex":0},"north":{"uv":[3.625,7.25,3.75,8.0],"rotation":0,"texture":"#0","tintindex":0},"west":{"uv":[3.375,0.75,4.625,1.5],"rotation":0,"texture":"#0","tintindex":0},"up":{"uv":[1.875,8.125,1.75,6.875],"rotation":0,"texture":"#0","tintindex":0},"down":{"uv":[2.0,6.875,1.875,8.125],"rotation":0,"texture":"#0","tintindex":0}}},{"from":[5.742857,13.714286,9.3714285],"to":[10.314286,16.914288,9.828571],"rotation":{"angle":0.0,"axis":"y","origin":[5.285714,16.457144,4.342857]},"faces":{"east":{"uv":[3.875,7.25,4.0,8.0],"rotation":0,"texture":"#0","tintindex":0},"south":{"uv":[4.375,3.125,5.375,3.875],"rotation":0,"texture":"#0","tintindex":0},"north":{"uv":[4.375,4.375,5.375,5.125],"rotation":0,"texture":"#0","tintindex":0},"west":{"uv":[4.0,7.25,4.125,8.0],"rotation":0,"texture":"#0","tintindex":0},"up":{"uv":[7.75,2.125,6.75,2.0],"rotation":0,"texture":"#0","tintindex":0},"down":{"uv":[7.75,6.625,6.75,6.75],"rotation":0,"texture":"#0","tintindex":0}}},{"from":[5.742857,6.4,5.714286],"to":[10.314286,13.714286,8.914286],"rotation":{"angle":0.0,"axis":"y","origin":[7.5714283,13.257143,5.714286]},"faces":{"east":{"uv":[1.0,2.75,1.75,4.375],"rotation":0,"texture":"#0","tintindex":0},"south":{"uv":[0.0,2.75,1.0,4.375],"rotation":0,"texture":"#0","tintindex":0},"north":{"uv":[2.375,0.0,3.375,1.625],"rotation":0,"texture":"#0","tintindex":0},"west":{"uv":[1.75,3.125,2.5,4.75],"rotation":0,"texture":"#0","tintindex":0},"up":{"uv":[5.625,2.25,4.625,1.5],"rotation":0,"texture":"#0","tintindex":0},"down":{"uv":[5.75,2.25,4.75,3.0],"rotation":0,"texture":"#0","tintindex":0}}},{"from":[7.0,10.4,5.2571425],"to":[9.285714,12.685715,5.8285713],"rotation":{"angle":-45.0,"axis":"z","origin":[8.142858,11.542857,5.2571425]},"faces":{"east":{"uv":[7.5,4.75,7.625,5.25],"rotation":0,"texture":"#0","tintindex":0},"south":{"uv":[6.75,4.5,7.25,5.0],"rotation":0,"texture":"#0","tintindex":0},"north":{"uv":[6.75,4.0,7.25,4.5],"rotation":0,"texture":"#0","tintindex":0},"west":{"uv":[7.5,3.875,7.625,4.375],"rotation":0,"texture":"#0","tintindex":0},"up":{"uv":[7.625,5.625,8.125,5.75],"rotation":0,"texture":"#0","tintindex":0},"down":{"uv":[7.875,3.125,8.375,3.25],"rotation":0,"texture":"#0","tintindex":0}}},{"from":[7.5714283,4.1142855,5.714286],"to":[8.485714,6.4,8.457143],"rotation":{"angle":0.0,"axis":"y","origin":[7.5714283,9.6,5.714286]},"faces":{"east":{"uv":[4.375,3.875,5.0,4.375],"rotation":0,"texture":"#0","tintindex":0},"south":{"uv":[5.125,7.0,5.375,7.5],"rotation":0,"texture":"#0","tintindex":0},"north":{"uv":[4.875,7.0,5.125,7.5],"rotation":0,"texture":"#0","tintindex":0},"west":{"uv":[6.125,5.125,6.75,5.625],"rotation":0,"texture":"#0","tintindex":0},"up":{"uv":[4.625,7.625,4.375,7.0],"rotation":0,"texture":"#0","tintindex":0},"down":{"uv":[4.875,7.0,4.625,7.625],"rotation":0,"texture":"#0","tintindex":0}}},{"from":[6.6571426,13.714286,6.1714287],"to":[9.4,16.457144,8.914286],"rotation":{"angle":0.0,"axis":"y","origin":[7.5714283,13.714286,5.714286]},"faces":{"east":{"uv":[6.125,6.125,6.75,6.75],"rotation":0,"texture":"#0","tintindex":0},"south":{"uv":[6.125,2.625,6.75,3.25],"rotation":0,"texture":"#0","tintindex":0},"north":{"uv":[3.75,3.125,4.375,3.75],"rotation":0,"texture":"#0","tintindex":0},"west":{"uv":[6.125,3.25,6.75,3.875],"rotation":0,"texture":"#0","tintindex":0},"up":{"uv":[6.75,4.5,6.125,3.875],"rotation":0,"texture":"#0","tintindex":0},"down":{"uv":[6.75,4.5,6.125,5.125],"rotation":0,"texture":"#0","tintindex":0}}}],"display":{"head":{"translation":[0.0,-6.4,0.0],"scale":[4.0,4.0,4.0]}}}