{"textures":{"0":"modelengine:entity/kobold_assassin","1":"modelengine:entity/kobold_xbow"},"elements":[{"from":[10.0,-4.162939,3.5503907],"to":[11.142858,11.265633,5.264676],"rotation":{"angle":0.0,"axis":"y","origin":[8.857143,10.122776,5.264676]},"faces":{"east":{"uv":[0.025,0.025,6.725,0.725],"rotation":90,"texture":"#1","tintindex":0},"south":{"uv":[0.975,3.025,0.525,9.725],"rotation":0,"texture":"#1","tintindex":0},"north":{"uv":[0.475,9.725,0.025,3.025],"rotation":180,"texture":"#1","tintindex":0},"west":{"uv":[0.025,0.775,6.725,1.475],"rotation":270,"texture":"#1","tintindex":0},"up":{"uv":[4.275,9.275,4.725,9.975],"rotation":0,"texture":"#1","tintindex":0},"down":{"uv":[6.275,9.025,6.725,9.725],"rotation":180,"texture":"#1","tintindex":0}}},{"from":[7.142857,-7.0200825,4.1218195],"to":[11.714286,-6.448654,6.4075336],"rotation":{"angle":0.0,"axis":"y","origin":[8.857143,10.122776,5.264676]},"faces":{"east":{"uv":[6.775,4.025,6.975,4.975],"rotation":90,"texture":"#1","tintindex":0},"south":{"uv":[12.975,6.525,11.025,6.725],"rotation":0,"texture":"#1","tintindex":0},"north":{"uv":[12.975,4.975,11.025,4.775],"rotation":180,"texture":"#1","tintindex":0},"west":{"uv":[6.775,5.025,6.975,5.975],"rotation":270,"texture":"#1","tintindex":0},"up":{"uv":[8.025,8.025,9.975,8.975],"rotation":0,"texture":"#1","tintindex":0},"down":{"uv":[8.025,7.025,9.975,7.975],"rotation":180,"texture":"#1","tintindex":0}}},{"from":[5.1404705,-6.1671257,4.1218195],"to":[7.4261847,-5.5956974,6.4075336],"rotation":{"angle":-22.5,"axis":"z","origin":[5.1404705,-5.8814116,5.264676]},"faces":{"east":{"uv":[4.775,11.275,4.975,12.225],"rotation":90,"texture":"#1","tintindex":0},"south":{"uv":[6.225,11.275,5.275,11.475],"rotation":0,"texture":"#1","tintindex":0},"north":{"uv":[11.975,8.475,11.025,8.275],"rotation":180,"texture":"#1","tintindex":0},"west":{"uv":[5.025,11.275,5.225,12.225],"rotation":270,"texture":"#1","tintindex":0},"up":{"uv":[7.775,10.275,8.725,11.225],"rotation":0,"texture":"#1","tintindex":0},"down":{"uv":[5.275,10.275,6.225,11.225],"rotation":180,"texture":"#1","tintindex":0}}},{"from":[11.430958,-6.1671257,4.1218195],"to":[13.716673,-5.5956974,6.4075336],"rotation":{"angle":22.5,"axis":"z","origin":[13.716673,-5.8814116,5.264676]},"faces":{"east":{"uv":[5.225,11.275,5.025,12.225],"rotation":90,"texture":"#1","tintindex":0},"south":{"uv":[5.275,11.275,6.225,11.475],"rotation":0,"texture":"#1","tintindex":0},"north":{"uv":[11.025,8.475,11.975,8.275],"rotation":180,"texture":"#1","tintindex":0},"west":{"uv":[4.975,11.275,4.775,12.225],"rotation":270,"texture":"#1","tintindex":0},"up":{"uv":[8.725,10.275,7.775,11.225],"rotation":0,"texture":"#1","tintindex":0},"down":{"uv":[6.225,10.275,5.275,11.225],"rotation":180,"texture":"#1","tintindex":0}}},{"from":[7.714286,-6.448654,4.1218195],"to":[8.285714,-4.162939,5.264676],"rotation":{"angle":0.0,"axis":"y","origin":[9.428572,10.122776,5.264676]},"faces":{"east":{"uv":[6.275,11.025,7.225,11.475],"rotation":90,"texture":"#1","tintindex":0},"south":{"uv":[4.975,9.275,4.775,10.225],"rotation":0,"texture":"#1","tintindex":0},"north":{"uv":[6.975,9.975,6.775,9.025],"rotation":180,"texture":"#1","tintindex":0},"west":{"uv":[11.025,6.775,11.975,7.225],"rotation":270,"texture":"#1","tintindex":0},"up":{"uv":[7.775,11.275,7.975,11.725],"rotation":0,"texture":"#1","tintindex":0},"down":{"uv":[4.025,10.525,4.225,10.975],"rotation":180,"texture":"#1","tintindex":0}}},{"from":[10.571428,-6.448654,4.1218195],"to":[11.142858,-4.162939,5.264676],"rotation":{"angle":0.0,"axis":"y","origin":[12.285715,10.122776,5.264676]},"faces":{"east":{"uv":[11.025,7.275,11.975,7.725],"rotation":90,"texture":"#1","tintindex":0},"south":{"uv":[4.725,11.275,4.525,12.225],"rotation":0,"texture":"#1","tintindex":0},"north":{"uv":[1.975,11.975,1.775,11.025],"rotation":180,"texture":"#1","tintindex":0},"west":{"uv":[11.025,7.775,11.975,8.225],"rotation":270,"texture":"#1","tintindex":0},"up":{"uv":[8.275,11.275,8.475,11.725],"rotation":0,"texture":"#1","tintindex":0},"down":{"uv":[8.025,11.275,8.225,11.725],"rotation":180,"texture":"#1","tintindex":0}}},{"from":[7.714286,-4.162939,3.5503907],"to":[8.857143,11.265633,5.264676],"rotation":{"angle":0.0,"axis":"y","origin":[6.0,10.122776,5.264676]},"faces":{"east":{"uv":[0.025,1.525,6.725,2.225],"rotation":90,"texture":"#1","tintindex":0},"south":{"uv":[1.975,3.025,1.525,9.725],"rotation":0,"texture":"#1","tintindex":0},"north":{"uv":[1.475,9.725,1.025,3.025],"rotation":180,"texture":"#1","tintindex":0},"west":{"uv":[0.025,2.275,6.725,2.975],"rotation":270,"texture":"#1","tintindex":0},"up":{"uv":[8.775,11.025,9.225,11.725],"rotation":0,"texture":"#1","tintindex":0},"down":{"uv":[1.275,11.025,1.725,11.725],"rotation":180,"texture":"#1","tintindex":0}}},{"from":[8.285714,-1.3057966,5.264676],"to":[10.571428,5.551347,6.978962],"rotation":{"angle":0.0,"axis":"y","origin":[9.428572,2.1227756,6.1218195]},"faces":{"east":{"uv":[6.775,0.025,9.725,0.725],"rotation":90,"texture":"#1","tintindex":0},"south":{"uv":[6.975,6.025,6.025,8.975],"rotation":0,"texture":"#1","tintindex":0},"north":{"uv":[5.975,8.975,5.025,6.025],"rotation":180,"texture":"#1","tintindex":0},"west":{"uv":[6.775,0.775,9.725,1.475],"rotation":270,"texture":"#1","tintindex":0},"up":{"uv":[2.025,10.775,2.975,11.475],"rotation":0,"texture":"#1","tintindex":0},"down":{"uv":[10.775,0.525,11.725,1.225],"rotation":180,"texture":"#1","tintindex":0}}},{"from":[8.857143,4.9799185,6.4075336],"to":[10.0,9.551348,7.5503907],"rotation":{"angle":0.0,"axis":"y","origin":[6.0,10.694204,5.264676]},"faces":{"east":{"uv":[6.775,2.525,8.725,2.975],"rotation":90,"texture":"#1","tintindex":0},"south":{"uv":[7.725,10.025,7.275,11.975],"rotation":0,"texture":"#1","tintindex":0},"north":{"uv":[6.725,5.975,6.275,4.025],"rotation":180,"texture":"#1","tintindex":0},"west":{"uv":[10.025,8.525,11.975,8.975],"rotation":270,"texture":"#1","tintindex":0},"up":{"uv":[4.025,11.275,4.475,11.725],"rotation":0,"texture":"#1","tintindex":0},"down":{"uv":[3.525,11.275,3.975,11.725],"rotation":180,"texture":"#1","tintindex":0}}},{"from":[8.285714,7.775994,5.587307],"to":[10.571428,15.204565,7.873021],"rotation":{"angle":22.5,"axis":"x","origin":[9.428572,11.775994,6.44445]},"faces":{"east":{"uv":[3.025,4.025,6.225,4.975],"rotation":90,"texture":"#1","tintindex":0},"south":{"uv":[4.975,6.025,4.025,9.225],"rotation":0,"texture":"#1","tintindex":0},"north":{"uv":[3.975,9.225,3.025,6.025],"rotation":180,"texture":"#1","tintindex":0},"west":{"uv":[3.025,5.025,6.225,5.975],"rotation":270,"texture":"#1","tintindex":0},"up":{"uv":[4.275,10.275,5.225,11.225],"rotation":0,"texture":"#1","tintindex":0},"down":{"uv":[10.025,7.525,10.975,8.475],"rotation":180,"texture":"#1","tintindex":0}}},{"from":[8.285714,5.551347,5.264676],"to":[10.571428,8.40849,6.4075336],"rotation":{"angle":0.0,"axis":"y","origin":[9.428572,4.9799185,4.978962]},"faces":{"east":{"uv":[11.025,1.775,12.225,2.225],"rotation":90,"texture":"#1","tintindex":0},"south":{"uv":[10.975,3.775,10.025,4.975],"rotation":0,"texture":"#1","tintindex":0},"north":{"uv":[10.975,3.725,10.025,2.525],"rotation":180,"texture":"#1","tintindex":0},"west":{"uv":[11.025,2.275,12.225,2.725],"rotation":270,"texture":"#1","tintindex":0},"up":{"uv":[11.025,4.275,11.975,4.725],"rotation":0,"texture":"#1","tintindex":0},"down":{"uv":[11.025,3.775,11.975,4.225],"rotation":180,"texture":"#1","tintindex":0}}},{"from":[8.285714,9.551348,2.9789624],"to":[10.571428,12.40849,4.693248],"rotation":{"angle":0.0,"axis":"y","origin":[6.0,11.265633,5.264676]},"faces":{"east":{"uv":[8.775,10.275,9.975,10.975],"rotation":90,"texture":"#1","tintindex":0},"south":{"uv":[10.725,0.025,9.775,1.225],"rotation":0,"texture":"#1","tintindex":0},"north":{"uv":[0.975,10.975,0.025,9.775],"rotation":180,"texture":"#1","tintindex":0},"west":{"uv":[10.025,10.275,11.225,10.975],"rotation":270,"texture":"#1","tintindex":0},"up":{"uv":[10.525,9.025,11.475,9.725],"rotation":0,"texture":"#1",