{"textures":{"0":"modelengine:entity/kobold_assassin"},"elements":[{"from":[8.0,5.142857,6.285714],"to":[9.142858,8.0,9.714286],"rotation":{"angle":0.0,"axis":"y","origin":[14.857143,24.57143,4.0]},"faces":{"east":{"uv":[8.1375,9.8875,8.8625,10.4875],"rotation":0,"texture":"#0","tintindex":0},"south":{"uv":[9.8875,11.6375,10.1125,12.2375],"rotation":0,"texture":"#0","tintindex":0},"north":{"uv":[9.6375,11.6375,9.8625,12.2375],"rotation":0,"texture":"#0","tintindex":0},"west":{"uv":[10.0125,0.0125,10.7375,0.6125],"rotation":0,"texture":"#0","tintindex":0},"up":{"uv":[1.6125,4.6125,1.3875,3.8875],"rotation":0,"texture":"#0","tintindex":0},"down":{"uv":[1.3625,5.8875,1.1375,6.6125],"rotation":0,"texture":"#0","tintindex":0}}},{"from":[8.640755,4.1673675,6.2285714],"to":[10.926469,5.881653,9.657143],"rotation":{"angle":45.0,"axis":"z","origin":[9.212183,4.738796,6.857143]},"faces":{"east":{"uv":[11.0125,5.0125,11.7375,5.3625],"rotation":0,"texture":"#0","tintindex":0},"south":{"uv":[8.0125,11.5125,8.4875,11.8625],"rotation":0,"texture":"#0","tintindex":0},"north":{"uv":[11.5125,7.7625,11.9875,8.1125],"rotation":0,"texture":"#0","tintindex":0},"west":{"uv":[11.0125,5.3875,11.7375,5.7375],"rotation":0,"texture":"#0","tintindex":0},"up":{"uv":[10.2375,11.1125,9.7625,10.3875],"rotation":0,"texture":"#0","tintindex":0},"down":{"uv":[10.8625,10.0125,10.3875,10.7375],"rotation":0,"texture":"#0","tintindex":0}}},{"from":[9.142858,6.285714,6.285714],"to":[10.285714,8.0,8.571428],"rotation":{"angle":0.0,"axis":"y","origin":[14.857143,24.57143,4.0]},"faces":{"east":{"uv":[8.5125,11.5125,8.9875,11.8625],"rotation":0,"texture":"#0","tintindex":0},"south":{"uv":[7.0125,2.2625,7.2375,2.6125],"rotation":0,"texture":"#0","tintindex":0},"north":{"uv":[4.7625,3.5125,4.9875,3.8625],"rotation":0,"texture":"#0","tintindex":0},"west":{"uv":[0.0125,11.6375,0.4875,11.9875],"rotation":0,"texture":"#0","tintindex":0},"up":{"uv":[12.1125,2.9875,11.8875,2.5125],"rotation":0,"texture":"#0","tintindex":0},"down":{"uv":[2.8625,11.8875,2.6375,12.3625],"rotation":0,"texture":"#0","tintindex":0}}}],"display":{"head":{"translation":[0.0,-6.4,0.0],"scale":[4.0,4.0,4.0]}}}