{"textures":{"0":"modelengine:entity/wizpiglin_2"},"elements":[{"from":[8.372107,6.129295,6.5714283],"to":[9.514963,8.4150095,9.428572],"rotation":{"angle":22.5,"axis":"z","origin":[9.229249,7.272152,8.0]},"faces":{"east":{"uv":[2.025,8.775,3.275,9.775],"rotation":0,"texture":"#0","tintindex":0},"south":{"uv":[13.275,14.025,13.775,15.025],"rotation":0,"texture":"#0","tintindex":0},"north":{"uv":[12.775,14.025,13.275,15.025],"rotation":0,"texture":"#0","tintindex":0},"west":{"uv":[13.525,13.025,14.775,14.025],"rotation":0,"texture":"#0","tintindex":0},"up":{"uv":[2.975,15.025,2.525,13.775],"rotation":0,"texture":"#0","tintindex":0},"down":{"uv":[3.725,13.775,3.275,15.025],"rotation":0,"texture":"#0","tintindex":0}}},{"from":[8.514963,3.8435802,6.285714],"to":[9.657821,6.7007236,7.428571],"rotation":{"angle":22.5,"axis":"x","origin":[8.943535,5.557866,7.142857]},"faces":{"east":{"uv":[10.775,10.025,11.275,11.275],"rotation":0,"texture":"#0","tintindex":0},"south":{"uv":[13.275,14.025,13.775,15.275],"rotation":0,"texture":"#0","tintindex":0},"north":{"uv":[14.025,4.275,14.525,5.525],"rotation":0,"texture":"#0","tintindex":0},"west":{"uv":[13.025,14.025,13.525,15.275],"rotation":0,"texture":"#0","tintindex":0},"up":{"uv":[2.975,14.275,2.525,13.775],"rotation":0,"texture":"#0","tintindex":0},"down":{"uv":[3.725,13.775,3.275,14.275],"rotation":0,"texture":"#0","tintindex":0}}},{"from":[8.514963,3.1875515,8.440936],"to":[9.657821,6.044695,9.583794],"rotation":{"angle":-22.5,"axis":"x","origin":[8.943535,5.557866,7.142857]},"faces":{"east":{"uv":[11.275,10.025,10.775,11.275],"rotation":0,"texture":"#0","tintindex":0},"south":{"uv":[14.525,4.275,14.025,5.525],"rotation":0,"texture":"#0","tintindex":0},"north":{"uv":[13.775,14.025,13.275,15.275],"rotation":0,"texture":"#0","tintindex":0},"west":{"uv":[13.525,14.025,13.025,15.275],"rotation":0,"texture":"#0","tintindex":0},"up":{"uv":[2.975,13.775,2.525,14.275],"rotation":0,"texture":"#0","tintindex":0},"down":{"uv":[3.725,14.275,3.275,13.775],"rotation":0,"texture":"#0","tintindex":0}}},{"from":[9.142858,7.428571,5.142857],"to":[10.285714,8.571428,7.428571],"rotation":{"angle":0.0,"axis":"y","origin":[8.285714,10.571428,6.285714]},"faces":{"east":{"uv":[11.275,7.025,12.225,7.475],"rotation":0,"texture":"#0","tintindex":0},"south":{"uv":[11.775,14.525,12.225,14.975],"rotation":0,"texture":"#0","tintindex":0},"north":{"uv":[14.025,5.775,14.475,6.225],"rotation":0,"texture":"#0","tintindex":0},"west":{"uv":[14.275,4.275,15.225,4.725],"rotation":0,"texture":"#0","tintindex":0},"up":{"uv":[1.475,15.225,1.025,14.275],"rotation":0,"texture":"#0","tintindex":0},"down":{"uv":[11.475,14.525,11.025,15.475],"rotation":0,"texture":"#0","tintindex":0}}}],"display":{"head":{"translation":[0.0,-6.4,0.0],"scale":[4.0,4.0,4.0]}}}