{"textures":{"0":"modelengine:entity/lr_portapotty"},"elements":[{"from":[11.952381,18.079344,12.285715],"to":[13.666667,19.793629,14.0],"rotation":{"angle":0.0,"axis":"y","origin":[7.952381,-7.0635147,8.285714]},"faces":{"east":{"uv":[5.875,5.0,6.25,5.375],"rotation":0,"texture":"#0","tintindex":0},"south":{"uv":[6.25,5.0,6.625,5.375],"rotation":0,"texture":"#0","tintindex":0},"north":{"uv":[5.5,5.0,5.875,5.375],"rotation":0,"texture":"#0","tintindex":0},"west":{"uv":[6.5,3.5,6.875,3.875],"rotation":0,"texture":"#0","tintindex":0},"up":{"uv":[6.875,4.25,6.5,3.875],"rotation":0,"texture":"#0","tintindex":0},"down":{"uv":[6.875,4.25,6.5,4.625],"rotation":0,"texture":"#0","tintindex":0}}},{"from":[1.6666665,-7.0635147,1.9999995],"to":[13.666667,17.507915,14.571428],"rotation":{"angle":0.0,"axis":"y","origin":[7.952381,-7.0635147,8.285714]},"faces":{"east":{"uv":[0.0,0.0,2.75,5.375],"rotation":0,"texture":"#0","tintindex":0},"south":{"uv":[2.625,5.375,5.25,10.75],"rotation":0,"texture":"#0","tintindex":0},"north":{"uv":[0.0,5.375,2.625,10.75],"rotation":0,"texture":"#0","tintindex":0},"west":{"uv":[2.75,0.0,0.0,5.375],"rotation":0,"texture":"#0","tintindex":0},"up":{"uv":[7.875,8.125,5.25,5.375],"rotation":0,"texture":"#0","tintindex":0},"down":{"uv":[8.125,0.0,5.5,2.75],"rotation":0,"texture":"#0","tintindex":0}}},{"from":[3.3809524,3.2222004,1.4285712],"to":[3.9523807,6.0793433,1.9999995],"rotation":{"angle":0.0,"axis":"y","origin":[7.952381,-7.0635147,8.285714]},"faces":{"east":{"uv":[6.75,2.75,6.875,3.375],"rotation":0,"texture":"#0","tintindex":0},"south":{"uv":[6.75,4.625,6.875,5.25],"rotation":0,"texture":"#0","tintindex":0},"north":{"uv":[6.625,4.625,6.75,5.25],"rotation":0,"texture":"#0","tintindex":0},"west":{"uv":[6.875,2.75,7.0,3.375],"rotation":0,"texture":"#0","tintindex":0},"up":{"uv":[6.625,4.75,6.5,4.625],"rotation":0,"texture":"#0","tintindex":0},"down":{"uv":[6.625,4.75,6.5,4.875],"rotation":0,"texture":"#0","tintindex":0}}},{"from":[5.0952377,17.507915,1.4285712],"to":[10.809524,19.222202,15.142858],"rotation":{"angle":0.0,"axis":"y","origin":[7.952381,-7.0635147,8.285714]},"faces":{"east":{"uv":[8.125,0.0,11.125,0.375],"rotation":0,"texture":"#0","tintindex":0},"south":{"uv":[5.5,3.125,6.75,3.5],"rotation":0,"texture":"#0","tintindex":0},"north":{"uv":[5.5,2.75,6.75,3.125],"rotation":0,"texture":"#0","tintindex":0},"west":{"uv":[8.125,0.375,11.125,0.75],"rotation":0,"texture":"#0","tintindex":0},"up":{"uv":[9.125,5.75,7.875,2.75],"rotation":0,"texture":"#0","tintindex":0},"down":{"uv":[9.125,5.75,7.875,8.75],"rotation":0,"texture":"#0","tintindex":0}}},{"from":[10.416264,17.245148,1.4285712],"to":[14.987692,18.959433,15.142858],"rotation":{"angle":-22.5,"axis":"z","origin":[11.273406,18.102291,8.285714]},"faces":{"east":{"uv":[8.125,0.75,11.125,1.125],"rotation":0,"texture":"#0","tintindex":0},"south":{"uv":[5.5,3.875,6.5,4.25],"rotation":0,"texture":"#0","tintindex":0},"north":{"uv":[5.5,3.5,6.5,3.875],"rotation":0,"texture":"#0","tintindex":0},"west":{"uv":[8.125,1.125,11.125,1.5],"rotation":0,"texture":"#0","tintindex":0},"up":{"uv":[6.25,11.125,5.25,8.125],"rotation":0,"texture":"#0","tintindex":0},"down":{"uv":[7.25,8.125,6.25,11.125],"rotation":0,"texture":"#0","tintindex":0}}},{"from":[0.9170699,17.245148,1.4285712],"to":[5.4884987,18.959433,15.142858],"rotation":{"angle":22.5,"axis":"z","origin":[4.631356,18.102291,8.285714]},"faces":{"east":{"uv":[8.125,1.5,11.125,1.875],"rotation":0,"texture":"#0","tintindex":0},"south":{"uv":[5.5,4.625,6.5,5.0],"rotation":0,"texture":"#0","tintindex":0},"north":{"uv":[5.5,4.25,6.5,4.625],"rotation":0,"texture":"#0","tintindex":0},"west":{"uv":[8.125,1.875,11.125,2.25],"rotation":0,"texture":"#0","tintindex":0},"up":{"uv":[8.25,11.75,7.25,8.75],"rotation":0,"texture":"#0","tintindex":0},"down":{"uv":[9.25,8.75,8.25,11.75],"rotation":0,"texture":"#0","tintindex":0}}}],"display":{"head":{"translation":[0.0,-6.4,0.0],"scale":[4.0,4.0,4.0]}}}