{"textures":{"0":"modelengine:entity/raft"},"elements":[{"from":[7.394142,10.761905,7.290622],"to":[8.536999,15.904762,9.004909],"rotation":{"angle":22.5,"axis":"z","origin":[8.156047,8.0,7.957289]},"faces":{"east":{"uv":[10.875,5.125,10.5,6.25],"rotation":0,"texture":"#0","tintindex":0},"south":{"uv":[1.25,10.125,1.0,11.25],"rotation":0,"texture":"#0","tintindex":0},"north":{"uv":[3.5,8.875,3.25,10.0],"rotation":0,"texture":"#0","tintindex":0},"west":{"uv":[9.125,10.625,8.75,11.75],"rotation":0,"texture":"#0","tintindex":0},"up":{"uv":[9.375,5.75,9.75,5.5],"rotation":90,"texture":"#0","tintindex":0},"down":{"uv":[9.75,3.0,10.125,3.25],"rotation":270,"texture":"#0","tintindex":0}}},{"from":[7.9655704,5.6190476,7.290622],"to":[8.536999,10.761905,8.433479],"rotation":{"angle":22.5,"axis":"z","origin":[8.156047,8.0,7.957289]},"faces":{"east":{"uv":[9.375,10.625,9.125,11.75],"rotation":0,"texture":"#0","tintindex":0},"south":{"uv":[10.625,10.625,10.5,11.75],"rotation":0,"texture":"#0","tintindex":0},"north":{"uv":[10.5,10.625,10.375,11.75],"rotation":0,"texture":"#0","tintindex":0},"west":{"uv":[9.625,10.625,9.375,11.75],"rotation":0,"texture":"#0","tintindex":0},"up":{"uv":[5.875,3.75,6.125,3.625],"rotation":90,"texture":"#0","tintindex":0},"down":{"uv":[6.125,3.625,6.375,3.75],"rotation":270,"texture":"#0","tintindex":0}}},{"from":[7.9655704,-0.666667,6.147765],"to":[8.536999,5.6190476,9.576337],"rotation":{"angle":22.5,"axis":"z","origin":[8.156047,8.0,7.957289]},"faces":{"east":{"uv":[10.25,8.625,9.5,10.0],"rotation":0,"texture":"#0","tintindex":0},"south":{"uv":[10.375,10.625,10.25,12.0],"rotation":0,"texture":"#0","tintindex":0},"north":{"uv":[10.25,10.625,10.125,12.0],"rotation":0,"texture":"#0","tintindex":0},"west":{"uv":[10.5,5.125,9.75,6.5],"rotation":0,"texture":"#0","tintindex":0},"up":{"uv":[6.375,5.75,7.125,5.625],"rotation":90,"texture":"#0","tintindex":0},"down":{"uv":[7.125,5.625,7.875,5.75],"rotation":270,"texture":"#0","tintindex":0}}}],"display":{"head":{"translation":[0.0,-6.4,0.0],"scale":[4.0,4.0,4.0]}}}