{"textures":{"0":"modelengine:entity/raft"},"elements":[{"from":[16.09938,-5.7142878,-6.713519],"to":[20.670809,-1.1428585,22.42934],"rotation":{"angle":45.0,"axis":"z","origin":[18.385094,-3.4285736,10.048387]},"faces":{"east":{"uv":[0.0,3.75,6.375,4.75],"rotation":0,"texture":"#0","tintindex":0},"south":{"uv":[9.75,2.0,10.75,3.0],"rotation":0,"texture":"#0","tintindex":0},"north":{"uv":[5.75,10.0,6.75,11.0],"rotation":0,"texture":"#0","tintindex":0},"west":{"uv":[0.0,4.75,6.375,5.75],"rotation":0,"texture":"#0","tintindex":0},"up":{"uv":[11.25,1.0,4.875,0.0],"rotation":90,"texture":"#0","tintindex":0},"down":{"uv":[11.25,1.0,4.875,2.0],"rotation":270,"texture":"#0","tintindex":0}}},{"from":[15.52795,-6.285716,-3.8563757],"to":[21.242237,-0.5714302,-1.5706615],"rotation":{"angle":45.0,"axis":"z","origin":[18.385094,-3.4285736,5.6674337]},"faces":{"east":{"uv":[0.5,10.125,0.0,11.375],"rotation":0,"texture":"#0","tintindex":0},"south":{"uv":[8.25,8.75,7.0,10.0],"rotation":0,"texture":"#0","tintindex":0},"north":{"uv":[7.0,8.75,5.75,10.0],"rotation":0,"texture":"#0","tintindex":0},"west":{"uv":[1.0,10.125,0.5,11.375],"rotation":0,"texture":"#0","tintindex":0},"up":{"uv":[3.25,11.5,3.75,10.25],"rotation":90,"texture":"#0","tintindex":0},"down":{"uv":[3.75,10.25,4.25,11.5],"rotation":270,"texture":"#0","tintindex":0}}},{"from":[15.52795,-6.285716,16.715054],"to":[21.242237,-0.5714302,19.000767],"rotation":{"angle":45.0,"axis":"z","origin":[18.385094,-3.4285736,9.096005]},"faces":{"east":{"uv":[4.75,10.25,4.25,11.5],"rotation":0,"texture":"#0","tintindex":0},"south":{"uv":[1.25,8.875,0.0,10.125],"rotation":0,"texture":"#0","tintindex":0},"north":{"uv":[9.5,8.75,8.25,10.0],"rotation":0,"texture":"#0","tintindex":0},"west":{"uv":[5.25,10.25,4.75,11.5],"rotation":0,"texture":"#0","tintindex":0},"up":{"uv":[5.25,11.5,5.75,10.25],"rotation":90,"texture":"#0","tintindex":0},"down":{"uv":[10.25,8.625,10.75,9.875],"rotation":270,"texture":"#0","tintindex":0}}},{"from":[6.385093,-2.8571444,0.1436243],"to":[11.52795,-1.9073486E-6,7.000767],"rotation":{"angle":0.0,"axis":"y","origin":[10.956522,-1.1428585,7.000767]},"faces":{"east":{"uv":[5.0,7.0,3.5,7.625],"rotation":0,"texture":"#0","tintindex":0},"south":{"uv":[5.75,8.625,4.625,9.25],"rotation":0,"texture":"#0","tintindex":0},"north":{"uv":[4.625,8.625,3.5,9.25],"rotation":0,"texture":"#0","tintindex":0},"west":{"uv":[6.5,7.0,5.0,7.625],"rotation":0,"texture":"#0","tintindex":0},"up":{"uv":[6.375,5.625,7.875,4.5],"rotation":90,"texture":"#0","tintindex":0},"down":{"uv":[7.875,4.5,9.375,5.625],"rotation":270,"texture":"#0","tintindex":0}}},{"from":[8.385093,9.142856,1.2864814],"to":[9.52795,32.0,2.4293385],"rotation":{"angle":0.0,"axis":"y","origin":[10.099379,3.4285698,7.000767]},"faces":{"east":{"uv":[1.5,8.875,1.25,13.875],"rotation":0,"texture":"#0","tintindex":0},"south":{"uv":[2.25,8.875,2.0,13.875],"rotation":0,"texture":"#0","tintindex":0},"north":{"uv":[1.75,8.875,1.5,13.875],"rotation":0,"texture":"#0","tintindex":0},"west":{"uv":[2.0,8.875,1.75,13.875],"rotation":0,"texture":"#0","tintindex":0},"up":{"uv":[3.25,10.25,3.5,10.0],"rotation":90,"texture":"#0","tintindex":0},"down":{"uv":[10.125,3.0,10.375,3.25],"rotation":270,"texture":"#0","tintindex":0}}},{"from":[-2.4720497,10.633911,0.14358044],"to":[19.813665,11.776769,1.2864375],"rotation":{"angle":0.0,"axis":"y","origin":[10.099379,3.2053394,7.000724]},"faces":{"east":{"uv":[10.625,3.0,10.375,3.25],"rotation":0,"texture":"#0","tintindex":0},"south":{"uv":[14.125,7.25,9.25,7.5],"rotation":0,"texture":"#0","tintindex":0},"north":{"uv":[14.125,7.0,9.25,7.25],"rotation":0,"texture":"#0","tintindex":0},"west":{"uv":[10.75,6.25,10.5,6.5],"rotation":0,"texture":"#0","tintindex":0},"up":{"uv":[2.25,13.75,2.5,8.875],"rotation":90,"texture":"#0","tintindex":0},"down":{"uv":[2.5,8.875,2.75,13.75],"rotation":270,"texture":"#0","tintindex":0}}},{"from":[7.8136644,-1.9073486E-6,0.7150526],"to":[10.099379,9.142856,3.0007672],"rotation":{"angle":0.0,"axis":"y","origin":[10.099379,-17.714289,7.000767]},"faces":{"east":{"uv":[7.25,10.0,6.75,12.0],"rotation":0,"texture":"#0","tintindex":0},"south":{"uv":[8.75,10.0,8.25,12.0],"rotation":0,"texture":"#0","tintindex":0},"north":{"uv":[7.75,10.0,7.25,12.0],"rotation":0,"texture":"#0","tintindex":0},"west":{"uv":[8.25,10.0,7.75,12.0],"rotation":0,"texture":"#0","tintindex":0},"up":{"uv":[4.875,3.75,5.375,3.25],"rotation":90,"texture":"#0","tintindex":0},"down":{"uv":[5.375,3.25,5.875,3.75],"rotation":270,"texture":"#0","tintindex":0}}},{"from":[-2.4720497,29.714285,0.1436243],"to":[19.813665,30.857143,1.2864814],"rotation":{"angle":0.0,"axis":"y","origin":[10.099379,22.285713,7.000767]},"faces":{"east":{"uv":[10.875,3.0,10.625,3.25],"rotation":0,"texture":"#0","tintindex":0},"south":{"uv":[14.125,7.75,9.25,8.0],"rotation":0,"texture":"#0","tintindex":0},"north":{"uv":[14.125,7.5,9.25,7.75],"rotation":0,"texture":"#0","tintindex":0},"west":{"uv":[11.0,2.0,10.75,2.25],"rotation":0,"texture":"#0","tintindex":0},"up":{"uv":[2.75,13.75,3.0,8.875],"rotation":90,"texture":"#0","tintindex":0},"down":{"uv":[3.0,8.875,3.25,13.75],"rotation":270,"texture":"#0","tintindex":0}}},{"from":[-2.4720497,25.142857,-0.99923325],"to":[19.813665,30.857143,-0.99923325],"rotation":{"angle":22.5,"axis":"x","origin":[8.670808,27.428572,-0.99923325]},"faces":{"east":{"uv":[0.0,0.0,0.0,1.25],"rotation":0,"texture":"#0","tintindex":0},"south":{"uv":[11.25,0.0,16.0,1.25],"rotation":0,"texture":"#0","tintindex":0},"north":{"uv":[16.0,0.0,11.25,1.25],"rotation":0,"texture":"#0","tintindex":0},"west":{"uv":[0.0,0.0,0.0,1.25],"rotation":0,"texture":"#0","tintindex":0},"up":{"uv":[0.0,4.875,0.0,0.0],"rotation":90,"texture":"#0","tintindex":0},"down":{"uv":[0.0,0.0,0.0,4.875],"rotation":270,"texture":"#0","tintindex":0}}},{"from":[-2.4720497,11.205339,-0.9992771],"to":[19.813665,16.919626,-0.9992771],"rotation":{"angle":-22.5,"axis":"x","origin":[8.670808,14.633911,-0.9992771]},"faces":{"east":{"uv":[0.0,0.0,0.0,1.25],"rotation":0,"texture":"#0","tintindex":0},"south":{"uv":[11.25,3.125,16.0,4.375],"rotation":0,"texture":"#0","tintindex":0},"north":{"uv":[16.0,3.125,11.25,4.375],"rotation":0,"texture":"#0","tintindex":0},"west":{"uv":[0.0,0.0,0.0,1.25],"rotation":0,"texture":"#0","tintindex":0},"up":{"uv":[0.0,4.875,0.0,0.0],"rotation":90,"texture":"#0","tintindex":0},"down":{"uv":[0.0,0.0,0.0,4.875],"rotation":270,"texture":"#0","tintindex":0}}},{"from":[-2.4720497,16.745417,-1.8739376],"to":[19.813665,25.316847,-1.8739376],"rotation":{"angle":0.0,"axis":"y","origin":[8.670808,21.088274,-1.8739376]},"faces":{"east":{"uv":[0.0,0.0,0.0,1.875],"rotation":0,"texture":"#0","tintindex":0},"south":{"uv":[11.25,1.125,16.0,3.0],"rotation":0,"texture":"#0","tintindex":0},"north":{"uv":[16.0,1.125,11.25,3.0],"rotation":0,"texture":"#0","tintindex":0},"west":{"uv":[0.0,0.0,0.0,1.875],"rotation":0,"texture":"#0","tintindex":0},"up":{"uv":[0.0,4.875,0.0,0.0],"rotation":90,"texture":"#0","tintindex":0},"down":{"uv":[0.0,0.0,0.0,4.875],"rotation":270,"texture":"#0","tintindex":0}}},{"from":[20.670809,-5.7142878,10.429338],"to":[22.385094,-4.000002,12.715054],"rotation":{"angle":45.0,"axis":"z","origin":[18.385094,-3.4285736,5.6674337]},"faces":{"east":{"uv":[6.375,3.25,5.875,3.625],"rotation":0,"texture":"#0","tintindex":0},"south":{"uv":[11.0,10.625,10.625,11.0],"rotation":0,"texture":"#0","tintindex":0},"north":{"uv":[9.75,5.125,9.375,5.5],"rotation":0,"texture":"#0","tintindex":0},"west":{"uv":[10.25,6.5,9.75,6.875],"rotation":0,"texture":"#0","tintindex":0},"up":{"uv":[10.25,6.875,10.75,6.5],"rotation":90,"texture":"#0","tintindex":0},"down":{"uv":[9.625,10.625,10.125,11.0],"rotation":270,"texture":"#0","tintindex":0}}},{"from":[10.956522,-9.714287,24.000769],"to":[18.956524,-1.1428585,24.000769],"rotation":{"angle":-22.5,"axis":"x","origin":[14.956522,-5.4285736,24.000769]},"faces":{"east":{"uv":[0.0,0.0,0.0,1.875],"rotation":0,"texture":"#0","tintindex":0},