{"textures":{"0":"modelengine:entity/glume_vines"},"elements":[{"from":[-0.13615322,2.954173,3.5106134],"to":[16.435276,17.811317,17.2249],"rotation":{"angle":22.5,"axis":"x","origin":[10.435275,10.382745,10.367757]},"faces":{"east":{"uv":[6.4355,1.627,4.9395,3.248],"rotation":0,"texture":"#0","tintindex":0},"south":{"uv":[3.127,1.627,4.9355,3.248],"rotation":0,"texture":"#0","tintindex":0},"north":{"uv":[3.127,0.002,4.9355,1.623],"rotation":0,"texture":"#0","tintindex":0},"west":{"uv":[4.9395,1.627,6.4355,3.248],"rotation":0,"texture":"#0","tintindex":0},"up":{"uv":[4.9355,4.748,3.127,3.252],"rotation":0,"texture":"#0","tintindex":0},"down":{"uv":[4.9355,4.752,3.127,6.248],"rotation":0,"texture":"#0","tintindex":0}}},{"from":[-0.13615322,-1.856246,1.1897912],"to":[16.435276,6.1437545,1.1897912],"rotation":{"angle":0.0,"axis":"y","origin":[10.435275,2.7151828,8.046934]},"faces":{"east":{"uv":[-0.001,0.002,-0.06875,0.873],"rotation":0,"texture":"#0","tintindex":0},"south":{"uv":[9.498,0.002,7.6895,0.873],"rotation":0,"texture":"#0","tintindex":0},"north":{"uv":[7.6895,0.002,9.498,0.873],"rotation":0,"texture":"#0","tintindex":0},"west":{"uv":[-0.001,0.002,-0.06875,0.873],"rotation":0,"texture":"#0","tintindex":0},"up":{"uv":[1.8105,-0.001,0.002,-0.06875],"rotation":0,"texture":"#0","tintindex":0},"down":{"uv":[1.8105,-0.001,0.002,-0.06875],"rotation":0,"texture":"#0","tintindex":0}}},{"from":[-5.279011,12.668459,15.510614],"to":[6.149561,23.525602,15.510614],"rotation":{"angle":45.0,"axis":"y","origin":[0.43527508,18.09703,15.510614]},"faces":{"east":{"uv":[-0.001,0.002,-0.06875,1.1855],"rotation":0,"texture":"#0","tintindex":0},"south":{"uv":[2.498,7.752,1.252,8.9355],"rotation":0,"texture":"#0","tintindex":0},"north":{"uv":[1.252,7.752,2.498,8.9355],"rotation":0,"texture":"#0","tintindex":0},"west":{"uv":[-0.001,0.002,-0.06875,1.1855],"rotation":0,"texture":"#0","tintindex":0},"up":{"uv":[1.248,-0.001,0.002,-0.06875],"rotation":0,"texture":"#0","tintindex":0},"down":{"uv":[1.248,-0.001,0.002,-0.06875],"rotation":0,"texture":"#0","tintindex":0}}},{"from":[2.435275,11.999998,6.365362],"to":[13.863848,26.857141,17.793934],"rotation":{"angle":-22.5,"axis":"x","origin":[8.149561,17.714285,12.079648]},"faces":{"east":{"uv":[7.6855,0.0,6.4395,1.621],"rotation":0,"texture":"#0","tintindex":0},"south":{"uv":[6.377,4.877,7.623,6.498],"rotation":0,"texture":"#0","tintindex":0},"north":{"uv":[3.002,6.252,4.248,7.873],"rotation":0,"texture":"#0","tintindex":0},"west":{"uv":[6.4395,0.002,7.6855,1.623],"rotation":0,"texture":"#0","tintindex":0},"up":{"uv":[1.248,8.998,0.002,7.752],"rotation":0,"texture":"#0","tintindex":0},"down":{"uv":[8.998,0.877,7.752,2.123],"rotation":0,"texture":"#0","tintindex":0}}},{"from":[2.435275,24.571428,6.365362],"to":[2.435275,32.0,13.793934],"rotation":{"angle":22.5,"axis":"z","origin":[2.435275,28.571428,10.079648]},"faces":{"east":{"uv":[4.0605,10.6895,3.252,11.498],"rotation":0,"texture":"#0","tintindex":0},"south":{"uv":[-0.001,0.002,-0.06875,0.8105],"rotation":0,"texture":"#0","tintindex":0},"north":{"uv":[-0.001,0.002,-0.06875,0.8105],"rotation":0,"texture":"#0","tintindex":0},"west":{"uv":[3.252,10.6895,4.0605,11.498],"rotation":0,"texture":"#0","tintindex":0},"up":{"uv":[-0.001,0.8105,-0.06875,0.002],"rotation":0,"texture":"#0","tintindex":0},"down":{"uv":[-0.001,0.002,-0.06875,0.8105],"rotation":0,"texture":"#0","tintindex":0}}},{"from":[10.149561,12.668459,15.510614],"to":[21.578133,23.525602,15.510614],"rotation":{"angle":-45.0,"axis":"y","origin":[15.863848,18.09703,15.510614]},"faces":{"east":{"uv":[-0.001,0.002,-0.06875,1.1855],"rotation":0,"texture":"#0","tintindex":0},"south":{"uv":[1.252,7.752,2.498,8.9355],"rotation":0,"texture":"#0","tintindex":0},"north":{"uv":[2.498,7.752,1.252,8.9355],"rotation":0,"texture":"#0","tintindex":0},"west":{"uv":[-0.001,0.002,-0.06875,1.1855],"rotation":0,"texture":"#0","tintindex":0},"up":{"uv":[0.002,-0.001,1.248,-0.06875],"rotation":0,"texture":"#0","tintindex":0},"down":{"uv":[0.002,-0.001,1.248,-0.06875],"rotation":0,"texture":"#0","tintindex":0}}},{"from":[15.006704,24.571428,6.365362],"to":[15.006704,32.0,13.793934],"rotation":{"angle":-22.5,"axis":"z","origin":[15.006704,28.571428,10.079648]},"faces":{"east":{"uv":[4.0605,10.6895,3.252,11.498],"rotation":0,"texture":"#0","tintindex":0},"south":{"uv":[-0.001,0.002,-0.06875,0.8105],"rotation":0,"texture":"#0","tintindex":0},"north":{"uv":[-0.001,0.002,-0.06875,0.8105],"rotation":0,"texture":"#0","tintindex":0},"west":{"uv":[3.252,10.6895,4.0605,11.498],"rotation":0,"texture":"#0","tintindex":0},"up":{"uv":[-0.001,0.8105,-0.06875,0.002],"rotation":0,"texture":"#0","tintindex":0},"down":{"uv":[-0.001,0.002,-0.06875,0.8105],"rotation":0,"texture":"#0","tintindex":0}}}],"display":{"head":{"translation":[0.0,-0.41182566,0.0],"scale":[4.0,4.0,4.0]}}}