{"textures":{"0":"modelengine:entity/glume_vines"},"elements":[{"from":[3.0,7.404762,3.7857141],"to":[10.428572,17.11905,12.357143],"rotation":{"angle":0.0,"axis":"y","origin":[7.0,-1.166667,8.928572]},"faces":{"east":{"uv":[5.3145,8.9395,6.248,9.998],"rotation":0,"texture":"#0","tintindex":0},"south":{"uv":[5.127,10.002,5.9355,11.0605],"rotation":0,"texture":"#0","tintindex":0},"north":{"uv":[10.002,2.6895,10.8105,3.748],"rotation":0,"texture":"#0","tintindex":0},"west":{"uv":[6.252,8.9395,7.1855,9.998],"rotation":0,"texture":"#0","tintindex":0},"up":{"uv":[10.873,6.123,10.0645,5.1895],"rotation":0,"texture":"#0","tintindex":0},"down":{"uv":[10.9355,1.627,10.127,2.5605],"rotation":0,"texture":"#0","tintindex":0}}}],"display":{"head":{"translation":[0.0,-6.4,0.0],"scale":[4.0,4.0,4.0]}}}