{"textures":{"0":"modelengine:entity/glume_vines"},"elements":[{"from":[5.142857,3.2655783,8.941735],"to":[10.285714,9.551293,15.798878],"rotation":{"angle":-22.5,"axis":"x","origin":[6.5714283,6.408436,12.370306]},"faces":{"east":{"uv":[0.8145,10.8145,1.5605,11.498],"rotation":0,"texture":"#0","tintindex":0},"south":{"uv":[8.377,10.8145,8.9355,11.498],"rotation":0,"texture":"#0","tintindex":0},"north":{"uv":[7.8145,10.8145,8.373,11.498],"rotation":0,"texture":"#0","tintindex":0},"west":{"uv":[1.5645,10.8145,2.3105,11.498],"rotation":0,"texture":"#0","tintindex":0},"up":{"uv":[2.873,11.5605,2.3145,10.8145],"rotation":0,"texture":"#0","tintindex":0},"down":{"uv":[11.373,2.5645,10.8145,3.3105],"rotation":0,"texture":"#0","tintindex":0}}},{"from":[5.714286,2.1927571,10.405439],"to":[9.714286,5.6213284,16.119724],"rotation":{"angle":0.0,"axis":"y","origin":[6.5714283,5.335614,13.83401]},"faces":{"east":{"uv":[4.252,6.252,4.873,6.623],"rotation":0,"texture":"#0","tintindex":0},"south":{"uv":[10.8145,3.3145,11.248,3.6855],"rotation":0,"texture":"#0","tintindex":0},"north":{"uv":[0.8145,10.377,1.248,10.748],"rotation":0,"texture":"#0","tintindex":0},"west":{"uv":[5.3145,8.502,5.9355,8.873],"rotation":0,"texture":"#0","tintindex":0},"up":{"uv":[9.373,11.4355,8.9395,10.8145],"rotation":0,"texture":"#0","tintindex":0},"down":{"uv":[9.8105,10.8145,9.377,11.4355],"rotation":0,"texture":"#0","tintindex":0}}}],"display":{"head":{"translation":[0.0,-6.4,0.0],"scale":[4.0,4.0,4.0]}}}