{"textures":{"0":"modelengine:entity/glume_vines"},"elements":[{"from":[3.0476189,2.0004969,3.338431],"to":[11.047619,11.714783,11.90986],"rotation":{"angle":0.0,"axis":"y","origin":[18.190477,12.847221,10.217609]},"faces":{"east":{"uv":[7.1895,9.002,8.123,10.0605],"rotation":0,"texture":"#0","tintindex":0},"south":{"uv":[2.377,9.752,3.248,10.8105],"rotation":0,"texture":"#0","tintindex":0},"north":{"uv":[1.502,9.752,2.373,10.8105],"rotation":0,"texture":"#0","tintindex":0},"west":{"uv":[9.1895,1.627,10.123,2.6855],"rotation":0,"texture":"#0","tintindex":0},"up":{"uv":[6.8105,10.9355,5.9395,10.002],"rotation":0,"texture":"#0","tintindex":0},"down":{"uv":[10.9355,4.252,10.0645,5.1855],"rotation":0,"texture":"#0","tintindex":0}}}],"display":{"head":{"translation":[0.0,-6.4,0.0],"scale":[4.0,4.0,4.0]}}}