{"textures":{"0":"modelengine:entity/glume_vines"},"elements":[{"from":[4.0,3.4285712,-10.285715],"to":[12.571428,12.0,7.428571],"rotation":{"angle":0.0,"axis":"y","origin":[8.285714,7.714286,-5.4285717]},"faces":{"east":{"uv":[4.252,6.627,6.1855,7.5605],"rotation":0,"texture":"#0","tintindex":0},"south":{"uv":[4.1895,9.752,5.123,10.6855],"rotation":0,"texture":"#0","tintindex":0},"north":{"uv":[3.252,9.752,4.1855,10.6855],"rotation":0,"texture":"#0","tintindex":0},"west":{"uv":[4.252,7.5645,6.1855,8.498],"rotation":0,"texture":"#0","tintindex":0},"up":{"uv":[8.5605,4.998,7.627,3.0645],"rotation":0,"texture":"#0","tintindex":0},"down":{"uv":[8.623,5.002,7.6895,6.9355],"rotation":0,"texture":"#0","tintindex":0}}},{"from":[8.571428,-5.714287,-6.285715],"to":[8.571428,3.4285712,6.285714],"rotation":{"angle":0.0,"axis":"y","origin":[8.571428,-1.1428576,0.0]},"faces":{"east":{"uv":[7.5605,7.9395,6.1895,8.9355],"rotation":0,"texture":"#0","tintindex":0},"south":{"uv":[-0.001,0.002,-0.06875,0.998],"rotation":0,"texture":"#0","tintindex":0},"north":{"uv":[-0.001,0.002,-0.06875,0.998],"rotation":0,"texture":"#0","tintindex":0},"west":{"uv":[6.1895,7.9395,7.5605,8.9355],"rotation":0,"texture":"#0","tintindex":0},"up":{"uv":[-0.001,1.373,-0.06875,0.002],"rotation":0,"texture":"#0","tintindex":0},"down":{"uv":[-0.001,0.002,-0.06875,1.373],"rotation":0,"texture":"#0","tintindex":0}}},{"from":[4.0,-2.6179075,-9.082996],"to":[12.571428,3.667807,-9.082996],"rotation":{"angle":-22.5,"axis":"x","origin":[8.285714,0.52495,-9.082996]},"faces":{"east":{"uv":[-0.001,0.002,-0.06875,0.6855],"rotation":0,"texture":"#0","tintindex":0},"south":{"uv":[4.998,10.6895,4.0645,11.373],"rotation":0,"texture":"#0","tintindex":0},"north":{"uv":[4.0645,10.6895,4.998,11.373],"rotation":0,"texture":"#0","tintindex":0},"west":{"uv":[-0.001,0.002,-0.06875,0.6855],"rotation":0,"texture":"#0","tintindex":0},"up":{"uv":[0.9355,-0.001,0.002,-0.06875],"rotation":0,"texture":"#0","tintindex":0},"down":{"uv":[0.9355,-0.001,0.002,-0.06875],"rotation":0,"texture":"#0","tintindex":0}}}],"display":{"head":{"translation":[0.0,-6.4,0.0],"scale":[4.0,4.0,4.0]}}}