{"textures":{"0":"modelengine:entity/guardian"},"elements":[{"name":"cube","from":[-6.3987694,6.672595,6.8],"to":[8.001231,9.072596,9.2],"rotation":{"angle":-22.5,"axis":"z","origin":[8.001231,7.8725953,8.0]},"faces":{"down":{"uv":[10.25,9.875,13.25,9.375],"rotation":0,"texture":"#0","tintindex":0},"east":{"uv":[10.25,9.875,10.75,10.375],"rotation":0,"texture":"#0","tintindex":0},"north":{"uv":[10.75,9.875,13.75,10.375],"rotation":0,"texture":"#0","tintindex":0},"south":{"uv":[7.25,9.875,10.25,10.375],"rotation":0,"texture":"#0","tintindex":0},"up":{"uv":[7.25,9.375,10.25,9.875],"rotation":0,"texture":"#0","tintindex":0},"west":{"uv":[6.75,9.875,7.25,10.375],"rotation":0,"texture":"#0","tintindex":0}}},{"name":"cube","from":[-5.348769,0.8225949,6.8],"to":[-2.948769,12.222595,9.2],"rotation":{"angle":-22.5,"axis":"z","origin":[-5.348769,13.422595,8.0]},"faces":{"down":{"uv":[10.25,6.125,9.75,5.625],"rotation":90,"texture":"#0","tintindex":0},"east":{"uv":[15.0,5.125,12.625,5.625],"rotation":90,"texture":"#0","tintindex":0},"north":{"uv":[13.125,5.625,15.5,6.125],"rotation":90,"texture":"#0","tintindex":0},"south":{"uv":[10.25,5.625,12.625,6.125],"rotation":270,"texture":"#0","tintindex":0},"up":{"uv":[13.125,6.125,12.625,5.625],"rotation":90,"texture":"#0","tintindex":0},"west":{"uv":[12.625,5.625,10.25,5.125],"rotation":90,"texture":"#0","tintindex":0}}}],"display":{"head":{"translation":[0.0,-6.4,0.0],"rotation":[0.0,0.0,0.0],"scale":[3.8095,3.8095,3.8095]}}}