{"textures":{"0":"modelengine:entity/guardian"},"elements":[{"from":[1.5714283,6.857143,1.7244897],"to":[14.428572,19.714287,14.581633],"rotation":{"angle":0.0,"axis":"y","origin":[8.0,6.857143,8.153061]},"faces":{"east":{"uv":[0.0,11.625,2.25,13.875],"rotation":0,"texture":"#0","tintindex":0},"south":{"uv":[0.0,11.625,2.25,13.875],"rotation":0,"texture":"#0","tintindex":0},"north":{"uv":[2.25,11.625,4.5,13.875],"rotation":0,"texture":"#0","tintindex":0},"west":{"uv":[0.0,11.625,2.25,13.875],"rotation":0,"texture":"#0","tintindex":0},"up":{"uv":[4.5,11.625,2.25,9.375],"rotation":0,"texture":"#0","tintindex":0},"down":{"uv":[6.75,9.375,4.5,11.625],"rotation":0,"texture":"#0","tintindex":0}}},{"from":[5.142857,9.714286,1.0102038],"to":[10.857143,15.428572,1.7244897],"rotation":{"angle":0.0,"axis":"y","origin":[5.8571424,-14.57143,7.4387755]},"faces":{"east":{"uv":[9.375,14.375,9.75,15.375],"rotation":0,"texture":"#0","tintindex":0},"south":{"uv":[11.125,14.375,12.125,15.375],"rotation":0,"texture":"#0","tintindex":0},"north":{"uv":[9.75,14.375,10.75,15.375],"rotation":0,"texture":"#0","tintindex":0},"west":{"uv":[10.75,14.375,11.125,15.375],"rotation":0,"texture":"#0","tintindex":0},"up":{"uv":[10.75,14.375,9.75,14.0],"rotation":0,"texture":"#0","tintindex":0},"down":{"uv":[10.75,15.375,9.75,15.75],"rotation":0,"texture":"#0","tintindex":0}}},{"from":[-1.2857151,16.142857,8.153061],"to":[5.8571424,24.0,8.153061],"rotation":{"angle":0.0,"axis":"y","origin":[3.7142854,-5.285715,1.7244897]},"faces":{"east":{"uv":[0.0,2.5,0.0,3.75],"rotation":0,"texture":"#0","tintindex":0},"south":{"uv":[1.25,2.375,0.0,3.75],"rotation":0,"texture":"#0","tintindex":0},"north":{"uv":[0.0,2.375,1.25,3.75],"rotation":0,"texture":"#0","tintindex":0},"west":{"uv":[1.125,2.5,1.125,3.75],"rotation":0,"texture":"#0","tintindex":0},"up":{"uv":[1.25,2.5,0.0,2.5],"rotation":0,"texture":"#0","tintindex":0},"down":{"uv":[2.375,2.5,1.125,2.5],"rotation":0,"texture":"#0","tintindex":0}}},{"from":[10.142858,16.142857,8.153061],"to":[17.285715,24.0,8.153061],"rotation":{"angle":0.0,"axis":"y","origin":[15.857143,-5.285715,1.7244897]},"faces":{"east":{"uv":[0.0,2.5,0.0,3.75],"rotation":0,"texture":"#0","tintindex":0},"south":{"uv":[0.0,2.375,1.25,3.75],"rotation":0,"texture":"#0","tintindex":0},"north":{"uv":[1.25,2.375,0.0,3.75],"rotation":0,"texture":"#0","tintindex":0},"west":{"uv":[1.125,2.5,1.125,3.75],"rotation":0,"texture":"#0","tintindex":0},"up":{"uv":[1.25,2.5,0.0,2.5],"rotation":0,"texture":"#0","tintindex":0},"down":{"uv":[2.375,2.5,1.125,2.5],"rotation":0,"texture":"#0","tintindex":0}}},{"from":[5.142857,16.142857,13.867348],"to":[12.285715,24.0,13.867348],"rotation":{"angle":45.0,"axis":"y","origin":[8.357142,19.714287,14.22449]},"faces":{"east":{"uv":[0.0,2.5,0.0,3.75],"rotation":0,"texture":"#0","tintindex":0},"south":{"uv":[1.25,2.375,0.0,3.75],"rotation":0,"texture":"#0","tintindex":0},"north":{"uv":[0.0,2.375,1.25,3.75],"rotation":0,"texture":"#0","tintindex":0},"west":{"uv":[1.125,2.5,1.125,3.75],"rotation":0,"texture":"#0","tintindex":0},"up":{"uv":[1.25,2.5,0.0,2.5],"rotation":0,"texture":"#0","tintindex":0},"down":{"uv":[2.375,2.5,1.125,2.5],"rotation":0,"texture":"#0","tintindex":0}}},{"from":[-2.3571434,-5.285715,-2.561225],"to":[19.07143,1.1428566,18.867348],"rotation":{"angle":0.0,"axis":"y","origin":[8.357142,-2.0714293,8.153061]},"faces":{"east":{"uv":[4.0,4.0,7.75,5.125],"rotation":0,"texture":"#0","tintindex":0},"south":{"uv":[4.0,4.0,7.75,5.125],"rotation":0,"texture":"#0","tintindex":0},"north":{"uv":[4.0,4.0,7.75,5.125],"rotation":0,"texture":"#0","tintindex":0},"west":{"uv":[4.0,4.0,7.75,5.125],"rotation":0,"texture":"#0","tintindex":0},"up":{"uv":[7.75,3.75,4.0,0.0],"rotation":0,"texture":"#0","tintindex":0},"down":{"uv":[11.75,0.0,8.0,3.75],"rotation":0,"texture":"#0","tintindex":0}}},{"from":[-0.9285717,1.1428566,-0.4183674],"to":[16.214287,6.857143,16.724491],"rotation":{"angle":0.0,"axis":"y","origin":[7.642857,1.1428566,8.153061]},"faces":{"east":{"uv":[9.75,8.375,12.75,9.375],"rotation":0,"texture":"#0","tintindex":0},"south":{"uv":[9.75,8.375,12.75,9.375],"rotation":0,"texture":"#0","tintindex":0},"north":{"uv":[9.75,8.375,12.75,9.375],"rotation":0,"texture":"#0","tintindex":0},"west":{"uv":[9.75,8.375,12.75,9.375],"rotation":0,"texture":"#0","tintindex":0},"up":{"uv":[6.75,8.375,3.75,5.375],"rotation":0,"texture":"#0","tintindex":0},"down":{"uv":[9.75,5.375,6.75,8.375],"rotation":0,"texture":"#0","tintindex":0}}}],"display":{"head":{"translation":[0.0,-6.4,0.0],"scale":[4.0,4.0,4.0]}}}