{"textures":{"0":"modelengine:entity/guardian"},"elements":[{"from":[8.039409,3.8384929,6.5714283],"to":[25.182266,6.695636,9.428572],"rotation":{"angle":22.5,"axis":"z","origin":[8.039409,5.267064,8.0]},"faces":{"east":{"uv":[6.75,9.875,7.25,10.375],"rotation":0,"texture":"#0","tintindex":0},"south":{"uv":[10.75,9.875,13.75,10.375],"rotation":0,"texture":"#0","tintindex":0},"north":{"uv":[7.25,9.875,10.25,10.375],"rotation":0,"texture":"#0","tintindex":0},"west":{"uv":[10.25,9.875,10.75,10.375],"rotation":0,"texture":"#0","tintindex":0},"up":{"uv":[10.25,9.875,7.25,9.375],"rotation":0,"texture":"#0","tintindex":0},"down":{"uv":[13.25,9.375,10.25,9.875],"rotation":0,"texture":"#0","tintindex":0}}},{"from":[21.075123,-3.1257925,6.5714283],"to":[23.932266,10.445636,9.428572],"rotation":{"angle":22.5,"axis":"z","origin":[23.932266,11.8742075,8.0]},"faces":{"east":{"uv":[12.625,5.625,10.25,5.125],"rotation":90,"texture":"#0","tintindex":0},"south":{"uv":[13.125,5.625,15.5,6.125],"rotation":90,"texture":"#0","tintindex":0},"north":{"uv":[10.25,5.625,12.625,6.125],"rotation":270,"texture":"#0","tintindex":0},"west":{"uv":[15.0,5.125,12.625,5.625],"rotation":90,"texture":"#0","tintindex":0},"up":{"uv":[12.625,5.625,13.125,6.125],"rotation":90,"texture":"#0","tintindex":0},"down":{"uv":[9.75,5.625,10.25,6.125],"rotation":90,"texture":"#0","tintindex":0}}}],"display":{"head":{"translation":[0.0,-6.4,0.0],"scale":[4.0,4.0,4.0]}}}