{"textures":{"0":"modelengine:entity/guardian"},"elements":[{"from":[-9.182266,3.8384929,6.5714283],"to":[7.960591,6.695636,9.428572],"rotation":{"angle":-22.5,"axis":"z","origin":[7.960591,5.267064,8.0]},"faces":{"east":{"uv":[10.75,9.875,10.25,10.375],"rotation":0,"texture":"#0","tintindex":0},"south":{"uv":[13.75,9.875,10.75,10.375],"rotation":0,"texture":"#0","tintindex":0},"north":{"uv":[10.25,9.875,7.25,10.375],"rotation":0,"texture":"#0","tintindex":0},"west":{"uv":[7.25,9.875,6.75,10.375],"rotation":0,"texture":"#0","tintindex":0},"up":{"uv":[7.25,9.875,10.25,9.375],"rotation":0,"texture":"#0","tintindex":0},"down":{"uv":[10.25,9.375,13.25,9.875],"rotation":0,"texture":"#0","tintindex":0}}},{"from":[-7.932267,-3.1257925,6.5714283],"to":[-5.075124,10.445636,9.428572],"rotation":{"angle":-22.5,"axis":"z","origin":[-7.932267,11.8742075,8.0]},"faces":{"east":{"uv":[15.0,5.625,12.625,5.125],"rotation":90,"texture":"#0","tintindex":0},"south":{"uv":[13.125,6.125,15.5,5.625],"rotation":90,"texture":"#0","tintindex":0},"north":{"uv":[10.25,6.125,12.625,5.625],"rotation":270,"texture":"#0","tintindex":0},"west":{"uv":[12.625,5.125,10.25,5.625],"rotation":90,"texture":"#0","tintindex":0},"up":{"uv":[12.625,6.125,13.125,5.625],"rotation":90,"texture":"#0","tintindex":0},"down":{"uv":[9.75,6.125,10.25,5.625],"rotation":90,"texture":"#0","tintindex":0}}}],"display":{"head":{"translation":[0.0,-6.4,0.0],"scale":[4.0,4.0,4.0]}}}