{"textures":{"0":"modelengine:entity/guardian"},"elements":[{"from":[-9.141392,4.5626135,6.5714283],"to":[8.001466,7.4197564,9.428572],"rotation":{"angle":-22.5,"axis":"z","origin":[8.001466,5.9911847,8.0]},"faces":{"east":{"uv":[10.25,9.875,10.75,10.375],"rotation":0,"texture":"#0","tintindex":0},"south":{"uv":[7.25,9.875,10.25,10.375],"rotation":0,"texture":"#0","tintindex":0},"north":{"uv":[10.75,9.875,13.75,10.375],"rotation":0,"texture":"#0","tintindex":0},"west":{"uv":[6.75,9.875,7.25,10.375],"rotation":0,"texture":"#0","tintindex":0},"up":{"uv":[7.25,9.375,10.25,9.875],"rotation":0,"texture":"#0","tintindex":0},"down":{"uv":[10.25,9.875,13.25,9.375],"rotation":0,"texture":"#0","tintindex":0}}},{"from":[-7.8913918,-2.4016724,6.5714283],"to":[-5.0342493,11.169756,9.428572],"rotation":{"angle":-22.5,"axis":"z","origin":[-7.8913918,12.598328,8.0]},"faces":{"east":{"uv":[15.0,5.125,12.625,5.625],"rotation":90,"texture":"#0","tintindex":0},"south":{"uv":[10.25,5.625,12.625,6.125],"rotation":270,"texture":"#0","tintindex":0},"north":{"uv":[13.125,5.625,15.5,6.125],"rotation":90,"texture":"#0","tintindex":0},"west":{"uv":[12.625,5.625,10.25,5.125],"rotation":90,"texture":"#0","tintindex":0},"up":{"uv":[13.125,6.125,12.625,5.625],"rotation":90,"texture":"#0","tintindex":0},"down":{"uv":[10.25,6.125,9.75,5.625],"rotation":90,"texture":"#0","tintindex":0}}}],"display":{"head":{"translation":[0.0,-6.4,0.0],"scale":[4.0,4.0,4.0]}}}