{"textures":{"1":"modelengine:entity/gokart_blue"},"elements":[{"from":[-7.714287,9.163162,6.5714283],"to":[-4.8571434,11.448876,9.428572],"rotation":{"angle":0.0,"axis":"y","origin":[-7.1428576,9.163162,6.5714283]},"faces":{"east":{"uv":[4.125,14.5,4.75,15.0],"rotation":0,"texture":"#1","tintindex":0},"south":{"uv":[8.375,14.5,9.0,15.0],"rotation":0,"texture":"#1","tintindex":0},"north":{"uv":[3.5,14.5,4.125,15.0],"rotation":0,"texture":"#1","tintindex":0},"west":{"uv":[14.5,8.5,15.125,9.0],"rotation":0,"texture":"#1","tintindex":0},"up":{"uv":[4.125,14.5,3.5,13.875],"rotation":0,"texture":"#1","tintindex":0},"down":{"uv":[4.75,13.875,4.125,14.5],"rotation":0,"texture":"#1","tintindex":0}}},{"from":[-7.714287,5.142857,8.571428],"to":[-4.8571434,8.0,10.857143],"rotation":{"angle":45.0,"axis":"x","origin":[-6.000001,6.5714283,9.428572]},"faces":{"east":{"uv":[1.25,14.625,1.75,15.25],"rotation":0,"texture":"#1","tintindex":0},"south":{"uv":[14.0,1.375,14.625,2.0],"rotation":0,"texture":"#1","tintindex":0},"north":{"uv":[1.25,14.0,1.875,14.625],"rotation":0,"texture":"#1","tintindex":0},"west":{"uv":[14.625,1.5,15.125,2.125],"rotation":0,"texture":"#1","tintindex":0},"up":{"uv":[2.375,15.125,1.75,14.625],"rotation":0,"texture":"#1","tintindex":0},"down":{"uv":[15.25,2.125,14.625,2.625],"rotation":0,"texture":"#1","tintindex":0}}},{"from":[-7.714287,6.5714283,9.163162],"to":[-4.8571434,9.428572,11.448876],"rotation":{"angle":0.0,"axis":"y","origin":[-7.1428576,9.428572,9.163162]},"faces":{"east":{"uv":[14.625,2.625,15.125,3.25],"rotation":0,"texture":"#1","tintindex":0},"south":{"uv":[14.0,5.0,14.625,5.625],"rotation":0,"texture":"#1","tintindex":0},"north":{"uv":[1.875,14.0,2.5,14.625],"rotation":0,"texture":"#1","tintindex":0},"west":{"uv":[14.625,5.0,15.125,5.625],"rotation":0,"texture":"#1","tintindex":0},"up":{"uv":[15.25,6.125,14.625,5.625],"rotation":0,"texture":"#1","tintindex":0},"down":{"uv":[15.25,6.125,14.625,6.625],"rotation":0,"texture":"#1","tintindex":0}}},{"from":[-7.714287,8.571428,8.0],"to":[-4.8571434,10.857143,10.857143],"rotation":{"angle":45.0,"axis":"x","origin":[-6.000001,9.428572,9.428572]},"faces":{"east":{"uv":[9.5,14.5,10.125,15.0],"rotation":0,"texture":"#1","tintindex":0},"south":{"uv":[14.5,9.5,15.125,10.0],"rotation":0,"texture":"#1","tintindex":0},"north":{"uv":[14.5,9.0,15.125,9.5],"rotation":0,"texture":"#1","tintindex":0},"west":{"uv":[14.5,10.0,15.125,10.5],"rotation":0,"texture":"#1","tintindex":0},"up":{"uv":[14.5,10.0,13.875,9.375],"rotation":0,"texture":"#1","tintindex":0},"down":{"uv":[14.5,10.0,13.875,10.625],"rotation":0,"texture":"#1","tintindex":0}}},{"from":[-7.714287,4.5511236,6.5714283],"to":[-4.8571434,6.836838,9.428572],"rotation":{"angle":0.0,"axis":"y","origin":[-7.1428576,6.836838,9.428572]},"faces":{"east":{"uv":[14.625,0.0,15.25,0.5],"rotation":0,"texture":"#1","tintindex":0},"south":{"uv":[0.625,14.625,1.25,15.125],"rotation":0,"texture":"#1","tintindex":0},"north":{"uv":[0.0,14.625,0.625,15.125],"rotation":0,"texture":"#1","tintindex":0},"west":{"uv":[14.625,1.0,15.25,1.5],"rotation":0,"texture":"#1","tintindex":0},"up":{"uv":[14.625,0.625,14.0,0.0],"rotation":0,"texture":"#1","tintindex":0},"down":{"uv":[1.25,14.0,0.625,14.625],"rotation":0,"texture":"#1","tintindex":0}}},{"from":[-7.714287,5.142857,5.142857],"to":[-4.8571434,7.428571,8.0],"rotation":{"angle":45.0,"axis":"x","origin":[-6.000001,6.5714283,6.5714283]},"faces":{"east":{"uv":[14.5,11.0,15.125,11.5],"rotation":0,"texture":"#1","tintindex":0},"south":{"uv":[14.5,12.375,15.125,12.875],"rotation":0,"texture":"#1","tintindex":0},"north":{"uv":[10.75,14.5,11.375,15.0],"rotation":0,"texture":"#1","tintindex":0},"west":{"uv":[14.5,14.375,15.125,14.875],"rotation":0,"texture":"#1","tintindex":0},"up":{"uv":[11.375,14.5,10.75,13.875],"rotation":0,"texture":"#1","tintindex":0},"down":{"uv":[0.625,14.0,0.0,14.625],"rotation":0,"texture":"#1","tintindex":0}}},{"from":[-7.714287,6.5714283,4.5511236],"to":[-4.8571434,9.428572,6.836838],"rotation":{"angle":0.0,"axis":"y","origin":[-7.1428576,6.5714283,6.836838]},"faces":{"east":{"uv":[4.25,10.75,4.75,11.375],"rotation":0,"texture":"#1","tintindex":0},"south":{"uv":[12.75,13.75,13.375,14.375],"rotation":0,"texture":"#1","tintindex":0},"north":{"uv":[12.125,13.75,12.75,14.375],"rotation":0,"texture":"#1","tintindex":0},"west":{"uv":[9.25,12.0,9.75,12.625],"rotation":0,"texture":"#1","tintindex":0},"up":{"uv":[15.0,8.5,14.375,8.0],"rotation":0,"texture":"#1","tintindex":0},"down":{"uv":[12.875,14.375,12.25,14.875],"rotation":0,"texture":"#1","tintindex":0}}},{"from":[-7.714287,8.0,5.142857],"to":[-4.8571434,10.857143,7.428571],"rotation":{"angle":45.0,"axis":"x","origin":[-6.000001,9.428572,6.5714283]},"faces":{"east":{"uv":[12.875,14.375,13.375,15.0],"rotation":0,"texture":"#1","tintindex":0},"south":{"uv":[13.875,3.375,14.5,4.0],"rotation":0,"texture":"#1","tintindex":0},"north":{"uv":[13.375,13.75,14.0,14.375],"rotation":0,"texture":"#1","tintindex":0},"west":{"uv":[13.375,14.375,13.875,15.0],"rotation":0,"texture":"#1","tintindex":0},"up":{"uv":[14.5,14.875,13.875,14.375],"rotation":0,"texture":"#1","tintindex":0},"down":{"uv":[15.125,3.375,14.5,3.875],"rotation":0,"texture":"#1","tintindex":0}}},{"from":[6.5714283,9.163162,6.5714283],"to":[9.428572,11.448876,9.428572],"rotation":{"angle":0.0,"axis":"y","origin":[8.857143,9.163162,6.5714283]},"faces":{"east":{"uv":[15.125,8.5,14.5,9.0],"rotation":0,"texture":"#1","tintindex":0},"south":{"uv":[9.0,14.5,8.375,15.0],"rotation":0,"texture":"#1","tintindex":0},"north":{"uv":[4.125,14.5,3.5,15.0],"rotation":0,"texture":"#1","tintindex":0},"west":{"uv":[4.75,14.5,4.125,15.0],"rotation":0,"texture":"#1","tintindex":0},"up":{"uv":[3.5,14.5,4.125,13.875],"rotation":0,"texture":"#1","tintindex":0},"down":{"uv":[4.125,13.875,4.75,14.5],"rotation":0,"texture":"#1","tintindex":0}}},{"from":[6.5714283,8.571428,8.0],"to":[9.428572,10.857143,10.857143],"rotation":{"angle":45.0,"axis":"x","origin":[7.714286,9.428572,9.428572]},"faces":{"east":{"uv":[15.125,10.0,14.5,10.5],"rotation":0,"texture":"#1","tintindex":0},"south":{"uv":[15.125,9.5,14.5,10.0],"rotation":0,"texture":"#1","tintindex":0},"north":{"uv":[15.125,9.0,14.5,9.5],"rotation":0,"texture":"#1","tintindex":0},"west":{"uv":[10.125,14.5,9.5,15.0],"rotation":0,"texture":"#1","tintindex":0},"up":{"uv":[13.875,10.0,14.5,9.375],"rotation":0,"texture":"#1","tintindex":0},"down":{"uv":[13.875,10.0,14.5,10.625],"rotation":0,"texture":"#1","tintindex":0}}},{"from":[6.5714283,6.5714283,9.163162],"to":[9.428572,9.428572,11.448876],"rotation":{"angle":0.0,"axis":"y","origin":[8.857143,9.428572,9.163162]},"faces":{"east":{"uv":[15.125,5.0,14.625,5.625],"rotation":0,"texture":"#1","tintindex":0},"south":{"uv":[14.625,5.0,14.0,5.625],"rotation":0,"texture":"#1","tintindex":0},"north":{"uv":[2.5,14.0,1.875,14.625],"rotation":0,"texture":"#1","tintindex":0},"west":{"uv":[15.125,2.625,14.625,3.25],"rotation":0,"texture":"#1","tintindex":0},"up":{"uv":[14.625,6.125,15.25,5.625],"rotation":0,"texture":"#1","tintindex":0},"down":{"uv":[14.625,6.125,15.25,6.625],"rotation":0,"texture":"#1","tintindex":0}}},{"from":[6.5714283,5.142857,8.571428],"to":[9.428572,8.0,10.857143],"rotation":{"angle":45.0,"axis":"x","origin":[7.714286,6.5714283,9.428572]},"faces":{"east":{"uv":[15.125,1.5,14.625,2.125],"rotation":0,"texture":"#1","tintindex":0},"south":{"uv":[14.625,1.375,14.0,2.0],"rotation":0,"texture":"#1","tintindex":0},"north":{"uv":[1.875,14.0,1.25,14.625],"rotation":0,"texture":"#1","tintindex":0},"west":{"uv":[1.75,14.625,1.25,15.25],"rotation":0,"texture":"#1","tintindex":0},"up":{"uv":[1.75,15.125,2.375,14.625],"rotation":0,"texture":"#1","tintindex":0},"down":{"uv":[14.625,2.125,15.25,2.625],"rotation":0,"texture":"#1","tintindex":0}}},{"from":[6.5714283,4.5511236,6.5714283],"to":[9.428572,6.836838,9.428572],"rotation":{"angle":0.0,"axis":"y","origin":[8.857143,6.836838,9.428572]},