{"textures":{"0":"modelengine:entity/cannon"},"elements":[{"from":[5.714286,6.0,16.57143],"to":[10.285714,7.142857,21.714287],"rotation":{"angle":0.0,"axis":"y","origin":[6.0,3.4285712,12.857143]},"faces":{"east":{"uv":[12.75,1.125,11.625,1.375],"rotation":0,"texture":"#0","tintindex":0},"south":{"uv":[12.625,1.375,11.625,1.625],"rotation":0,"texture":"#0","tintindex":0},"north":{"uv":[13.75,0.875,12.75,1.125],"rotation":0,"texture":"#0","tintindex":0},"west":{"uv":[12.75,0.875,11.625,1.125],"rotation":0,"texture":"#0","tintindex":0},"up":{"uv":[12.75,2.25,13.75,1.125],"rotation":0,"texture":"#0","tintindex":0},"down":{"uv":[11.625,1.625,12.625,2.75],"rotation":0,"texture":"#0","tintindex":0}}},{"from":[5.142857,2.5714283,11.428572],"to":[5.714286,4.8571424,22.285715],"rotation":{"angle":-22.5,"axis":"x","origin":[6.0,3.4285712,12.857143]},"faces":{"east":{"uv":[12.0,0.5,9.625,1.0],"rotation":0,"texture":"#0","tintindex":0},"south":{"uv":[9.75,1.0,9.625,1.5],"rotation":0,"texture":"#0","tintindex":0},"north":{"uv":[10.0,1.0,9.875,1.5],"rotation":0,"texture":"#0","tintindex":0},"west":{"uv":[12.0,0.0,9.625,0.5],"rotation":0,"texture":"#0","tintindex":0},"up":{"uv":[9.625,3.875,9.75,1.5],"rotation":0,"texture":"#0","tintindex":0},"down":{"uv":[9.875,1.5,10.0,3.875],"rotation":0,"texture":"#0","tintindex":0}}},{"from":[10.285714,2.5714283,11.428572],"to":[10.857143,4.8571424,22.285715],"rotation":{"angle":-22.5,"axis":"x","origin":[10.0,3.4285712,12.857143]},"faces":{"east":{"uv":[9.625,0.0,12.0,0.5],"rotation":0,"texture":"#0","tintindex":0},"south":{"uv":[9.625,1.0,9.75,1.5],"rotation":0,"texture":"#0","tintindex":0},"north":{"uv":[9.875,1.0,10.0,1.5],"rotation":0,"texture":"#0","tintindex":0},"west":{"uv":[9.625,0.5,12.0,1.0],"rotation":0,"texture":"#0","tintindex":0},"up":{"uv":[9.75,3.875,9.625,1.5],"rotation":0,"texture":"#0","tintindex":0},"down":{"uv":[10.0,1.5,9.875,3.875],"rotation":0,"texture":"#0","tintindex":0}}},{"from":[5.142857,5.142857,0.5714283],"to":[10.857143,10.857143,12.571428],"rotation":{"angle":0.0,"axis":"y","origin":[8.0,1.1428566,9.714286]},"faces":{"east":{"uv":[2.625,1.25,0.0,2.5],"rotation":0,"texture":"#0","tintindex":0},"south":{"uv":[5.375,4.125,6.625,5.375],"rotation":0,"texture":"#0","tintindex":0},"north":{"uv":[5.375,5.375,6.625,6.625],"rotation":0,"texture":"#0","tintindex":0},"west":{"uv":[0.0,1.25,2.625,2.5],"rotation":0,"texture":"#0","tintindex":0},"up":{"uv":[1.25,5.375,0.0,2.75],"rotation":0,"texture":"#0","tintindex":0},"down":{"uv":[2.5,2.75,1.25,5.375],"rotation":0,"texture":"#0","tintindex":0}}},{"from":[7.142857,10.285714,10.857143],"to":[8.857143,11.428572,12.571428],"rotation":{"angle":22.5,"axis":"x","origin":[8.0,11.714286,11.714286]},"faces":{"east":{"uv":[4.75,1.5,5.125,1.625],"rotation":0,"texture":"#0","tintindex":0},"south":{"uv":[5.125,1.5,5.5,1.625],"rotation":0,"texture":"#0","tintindex":0},"north":{"uv":[4.375,1.5,4.75,1.625],"rotation":0,"texture":"#0","tintindex":0},"west":{"uv":[7.875,4.875,8.25,5.0],"rotation":0,"texture":"#0","tintindex":0},"up":{"uv":[4.5,8.625,4.125,8.25],"rotation":0,"texture":"#0","tintindex":0},"down":{"uv":[1.875,8.375,1.5,8.75],"rotation":0,"texture":"#0","tintindex":0}}},{"from":[7.428571,11.428572,11.142858],"to":[8.571428,13.142858,12.285715],"rotation":{"angle":22.5,"axis":"x","origin":[8.0,11.714286,11.714286]},"faces":{"east":{"uv":[7.375,8.125,7.625,8.5],"rotation":0,"texture":"#0","tintindex":0},"south":{"uv":[4.5,8.25,4.75,8.625],"rotation":0,"texture":"#0","tintindex":0},"north":{"uv":[2.25,7.75,2.5,8.125],"rotation":0,"texture":"#0","tintindex":0},"west":{"uv":[8.375,4.0,8.625,4.375],"rotation":0,"texture":"#0","tintindex":0},"up":{"uv":[8.625,4.625,8.375,4.375],"rotation":0,"texture":"#0","tintindex":0},"down":{"uv":[8.625,7.5,8.375,7.75],"rotation":0,"texture":"#0","tintindex":0}}}],"display":{"head":{"translation":[0.0,-6.4,0.0],"scale":[4.0,4.0,4.0]}}}