{"textures":{"0":"modelengine:entity/jackpot"},"elements":[{"from":[3.4285712,7.1142855,3.6723523],"to":[12.571428,8.828571,4.8152094],"rotation":{"angle":0.0,"axis":"y","origin":[8.0,7.9714284,7.9815006]},"faces":{"east":{"uv":[4.0,8.25,4.25,8.625],"rotation":0,"texture":"#0","tintindex":0},"south":{"uv":[10.375,9.125,12.375,9.5],"rotation":0,"texture":"#0","tintindex":0},"north":{"uv":[0.0,14.5,2.0,14.875],"rotation":0,"texture":"#0","tintindex":0},"west":{"uv":[1.75,10.375,2.0,10.75],"rotation":0,"texture":"#0","tintindex":0},"up":{"uv":[12.5,10.5,10.5,10.25],"rotation":0,"texture":"#0","tintindex":0},"down":{"uv":[5.0,11.75,3.0,12.0],"rotation":0,"texture":"#0","tintindex":0}}},{"from":[3.4285712,7.1142855,3.6723523],"to":[12.571428,8.828571,4.8152094],"rotation":{"angle":22.5,"axis":"x","origin":[8.0,7.9714284,7.9815006]},"faces":{"east":{"uv":[6.0,10.625,6.25,11.0],"rotation":0,"texture":"#0","tintindex":0},"south":{"uv":[8.375,10.5,10.375,10.875],"rotation":0,"texture":"#0","tintindex":0},"north":{"uv":[4.0,15.625,6.0,16.0],"rotation":0,"texture":"#0","tintindex":0},"west":{"uv":[4.0,12.75,4.25,13.125],"rotation":0,"texture":"#0","tintindex":0},"up":{"uv":[3.0,12.125,1.0,11.875],"rotation":0,"texture":"#0","tintindex":0},"down":{"uv":[5.0,12.0,3.0,12.25],"rotation":0,"texture":"#0","tintindex":0}}},{"from":[3.4285712,7.1142855,3.6723523],"to":[12.571428,8.828571,4.8152094],"rotation":{"angle":45.0,"axis":"x","origin":[8.0,7.9714284,7.9815006]},"faces":{"east":{"uv":[4.25,12.75,4.5,13.125],"rotation":0,"texture":"#0","tintindex":0},"south":{"uv":[10.5,9.875,12.5,10.25],"rotation":0,"texture":"#0","tintindex":0},"north":{"uv":[4.0,15.25,6.0,15.625],"rotation":0,"texture":"#0","tintindex":0},"west":{"uv":[4.5,12.75,4.75,13.125],"rotation":0,"texture":"#0","tintindex":0},"up":{"uv":[10.375,12.25,8.375,12.0],"rotation":0,"texture":"#0","tintindex":0},"down":{"uv":[12.375,12.0,10.375,12.25],"rotation":0,"texture":"#0","tintindex":0}}},{"from":[3.4285712,11.13772,7.1243577],"to":[12.571428,12.280577,8.838644],"rotation":{"angle":0.0,"axis":"y","origin":[8.0,7.9714284,7.9815006]},"faces":{"east":{"uv":[3.0,10.75,3.375,11.0],"rotation":0,"texture":"#0","tintindex":0},"south":{"uv":[12.125,0.0,14.125,0.25],"rotation":0,"texture":"#0","tintindex":0},"north":{"uv":[1.0,12.125,3.0,12.375],"rotation":0,"texture":"#0","tintindex":0},"west":{"uv":[3.375,10.75,3.75,11.0],"rotation":0,"texture":"#0","tintindex":0},"up":{"uv":[6.0,14.875,4.0,14.5],"rotation":0,"texture":"#0","tintindex":0},"down":{"uv":[3.0,10.75,1.0,11.125],"rotation":0,"texture":"#0","tintindex":0}}},{"from":[3.4285712,11.13772,7.1243577],"to":[12.571428,12.280577,8.838644],"rotation":{"angle":22.5,"axis":"x","origin":[8.0,7.9714284,7.9815006]},"faces":{"east":{"uv":[12.5,10.25,12.875,10.5],"rotation":0,"texture":"#0","tintindex":0},"south":{"uv":[3.0,12.25,5.0,12.5],"rotation":0,"texture":"#0","tintindex":0},"north":{"uv":[12.125,0.25,14.125,0.5],"rotation":0,"texture":"#0","tintindex":0},"west":{"uv":[8.375,12.75,8.75,13.0],"rotation":0,"texture":"#0","tintindex":0},"up":{"uv":[8.0,16.0,6.0,15.625],"rotation":0,"texture":"#0","tintindex":0},"down":{"uv":[12.75,1.0,10.75,1.375],"rotation":0,"texture":"#0","tintindex":0}}},{"from":[3.4285712,11.13772,7.1243577],"to":[12.571428,12.280577,8.838644],"rotation":{"angle":45.0,"axis":"x","origin":[8.0,7.9714284,7.9815006]},"faces":{"east":{"uv":[8.75,12.75,9.125,13.0],"rotation":0,"texture":"#0","tintindex":0},"south":{"uv":[10.375,12.25,12.375,12.5],"rotation":0,"texture":"#0","tintindex":0},"north":{"uv":[8.375,12.25,10.375,12.5],"rotation":0,"texture":"#0","tintindex":0},"west":{"uv":[9.125,12.75,9.5,13.0],"rotation":0,"texture":"#0","tintindex":0},"up":{"uv":[8.0,15.625,6.0,15.25],"rotation":0,"texture":"#0","tintindex":0},"down":{"uv":[12.75,1.75,10.75,2.125],"rotation":0,"texture":"#0","tintindex":0}}},{"from":[3.4285712,11.13772,7.1243577],"to":[12.571428,12.280577,8.838644],"rotation":{"angle":-22.5,"axis":"x","origin":[8.0,7.9714284,7.9815006]},"faces":{"east":{"uv":[9.5,12.75,9.875,13.0],"rotation":0,"texture":"#0","tintindex":0},"south":{"uv":[12.375,12.375,14.375,12.625],"rotation":0,"texture":"#0","tintindex":0},"north":{"uv":[1.0,12.375,3.0,12.625],"rotation":0,"texture":"#0","tintindex":0},"west":{"uv":[9.875,12.75,10.25,13.0],"rotation":0,"texture":"#0","tintindex":0},"up":{"uv":[6.0,15.25,4.0,14.875],"rotation":0,"texture":"#0","tintindex":0},"down":{"uv":[12.75,2.5,10.75,2.875],"rotation":0,"texture":"#0","tintindex":0}}},{"from":[3.4285712,7.1142855,11.147792],"to":[12.571428,8.828571,12.290649],"rotation":{"angle":-22.5,"axis":"x","origin":[8.0,7.9714284,7.9815006]},"faces":{"east":{"uv":[4.75,12.75,5.0,13.125],"rotation":0,"texture":"#0","tintindex":0},"south":{"uv":[8.0,15.25,6.0,14.875],"rotation":0,"texture":"#0","tintindex":0},"north":{"uv":[10.75,2.875,12.75,3.25],"rotation":0,"texture":"#0","tintindex":0},"west":{"uv":[10.25,12.75,10.5,13.125],"rotation":0,"texture":"#0","tintindex":0},"up":{"uv":[14.375,5.0,12.375,4.75],"rotation":0,"texture":"#0","tintindex":0},"down":{"uv":[14.375,5.0,12.375,5.25],"rotation":0,"texture":"#0","tintindex":0}}},{"from":[3.4285712,7.1142855,11.147792],"to":[12.571428,8.828571,12.290649],"rotation":{"angle":0.0,"axis":"y","origin":[8.0,7.9714284,7.9815006]},"faces":{"east":{"uv":[10.5,12.75,10.75,13.125],"rotation":0,"texture":"#0","tintindex":0},"south":{"uv":[8.0,14.875,6.0,14.5],"rotation":0,"texture":"#0","tintindex":0},"north":{"uv":[10.75,3.625,12.75,4.0],"rotation":0,"texture":"#0","tintindex":0},"west":{"uv":[10.75,12.75,11.0,13.125],"rotation":0,"texture":"#0","tintindex":0},"up":{"uv":[14.375,8.125,12.375,7.875],"rotation":0,"texture":"#0","tintindex":0},"down":{"uv":[14.375,8.125,12.375,8.375],"rotation":0,"texture":"#0","tintindex":0}}},{"from":[3.4285712,7.1142855,3.6723523],"to":[12.571428,8.828571,4.8152094],"rotation":{"angle":-22.5,"axis":"x","origin":[8.0,7.9714284,7.9815006]},"faces":{"east":{"uv":[11.0,12.75,11.25,13.125],"rotation":0,"texture":"#0","tintindex":0},"south":{"uv":[8.375,10.875,10.375,11.25],"rotation":0,"texture":"#0","tintindex":0},"north":{"uv":[0.0,14.875,2.0,15.25],"rotation":0,"texture":"#0","tintindex":0},"west":{"uv":[11.25,12.75,11.5,13.125],"rotation":0,"texture":"#0","tintindex":0},"up":{"uv":[14.375,9.0,12.375,8.75],"rotation":0,"texture":"#0","tintindex":0},"down":{"uv":[14.375,9.0,12.375,9.25],"rotation":0,"texture":"#0","tintindex":0}}},{"from":[3.4285712,7.1142855,3.6723523],"to":[12.571428,8.828571,4.8152094],"rotation":{"angle":-45.0,"axis":"x","origin":[8.0,7.9714284,7.9815006]},"faces":{"east":{"uv":[11.5,12.75,11.75,13.125],"rotation":0,"texture":"#0","tintindex":0},"south":{"uv":[3.0,11.0,5.0,11.375],"rotation":0,"texture":"#0","tintindex":0},"north":{"uv":[0.0,15.25,2.0,15.625],"rotation":0,"texture":"#0","tintindex":0},"west":{"uv":[11.75,12.75,12.0,13.125],"rotation":0,"texture":"#0","tintindex":0},"up":{"uv":[14.375,9.5,12.375,9.25],"rotation":0,"texture":"#0","tintindex":0},"down":{"uv":[14.375,9.5,12.375,9.75],"rotation":0,"texture":"#0","tintindex":0}}},{"from":[3.4285712,3.66228,7.1243577],"to":[12.571428,4.8051376,8.838644],"rotation":{"angle":22.5,"axis":"x","origin":[8.0,7.9714284,7.9815006]},"faces":{"east":{"uv":[12.0,12.75,12.375,13.0],"rotation":0,"texture":"#0","tintindex":0},"south":{"uv":[12.375,10.75,14.375,11.0],"rotation":0,"texture":"#0","tintindex":0},"north":{"uv":[12.375,10.5,14.375,10.75],"rotation":0,"texture":"#0","tintindex":0},"west":{"uv":[12.75,12.75,13.125,13.0],"rotation":0,"texture":"#0","tintindex":0},"up":{"uv":[3.0,11.5,1.0,11.125],"rotation":0,"texture":"#0","tintindex":0},"down":{"uv":[2.0,16.0,0.0,15.625],"rotation":0,"texture":"#0","tintindex":0}}},{"from":[3.4285712,3.66228,7.1243577],"to":[12.571428,4.8051376,8.838644],"rotation":{"angle":0.0,"axis":"y","origin":[8.0,7.9714284,7.9815006]},"faces":{"east":{"uv":[12.75,0.625,13.125,0.875],"rotation":0,"texture":"#0","tintindex":0},