{"textures":{"0":"modelengine:entity/hinox"},"elements":[{"from":[6.9575825,6.643048,7.357143],"to":[14.671869,10.500191,8.642858],"rotation":{"angle":0.0,"axis":"y","origin":[0.5290108,-30.642666,19.57143]},"faces":{"east":{"uv":[10.5,6.5,10.625,6.875],"rotation":0,"texture":"#0","tintindex":0},"south":{"uv":[11.5,6.5,12.25,6.875],"rotation":0,"texture":"#0","tintindex":0},"north":{"uv":[10.625,6.5,11.375,6.875],"rotation":0,"texture":"#0","tintindex":0},"west":{"uv":[11.375,6.5,11.5,6.875],"rotation":0,"texture":"#0","tintindex":0},"up":{"uv":[11.375,6.5,10.625,6.375],"rotation":0,"texture":"#0","tintindex":0},"down":{"uv":[12.125,6.375,11.375,6.5],"rotation":0,"texture":"#0","tintindex":0}}},{"from":[14.671869,7.928762,7.357143],"to":[15.957582,10.500191,8.642858],"rotation":{"angle":0.0,"axis":"y","origin":[0.5290108,-30.642666,19.57143]},"faces":{"east":{"uv":[12.75,6.625,12.875,6.875],"rotation":0,"texture":"#0","tintindex":0},"south":{"uv":[13.125,6.625,13.25,6.875],"rotation":0,"texture":"#0","tintindex":0},"north":{"uv":[12.875,6.625,13.0,6.875],"rotation":0,"texture":"#0","tintindex":0},"west":{"uv":[13.0,6.625,13.125,6.875],"rotation":0,"texture":"#0","tintindex":0},"up":{"uv":[13.0,6.625,12.875,6.5],"rotation":0,"texture":"#0","tintindex":0},"down":{"uv":[13.125,6.5,13.0,6.625],"rotation":0,"texture":"#0","tintindex":0}}}],"display":{"head":{"translation":[0.0,-6.4,0.0],"scale":[4.0,4.0,4.0]}}}