{"textures":{"0":"modelengine:entity/hinox"},"elements":[{"from":[0.04241705,7.928762,7.357143],"to":[1.3281312,10.500191,8.642858],"rotation":{"angle":0.0,"axis":"y","origin":[15.470989,-30.642666,19.57143]},"faces":{"east":{"uv":[13.125,6.625,13.0,6.875],"rotation":0,"texture":"#0","tintindex":0},"south":{"uv":[13.25,6.625,13.125,6.875],"rotation":0,"texture":"#0","tintindex":0},"north":{"uv":[13.0,6.625,12.875,6.875],"rotation":0,"texture":"#0","tintindex":0},"west":{"uv":[12.875,6.625,12.75,6.875],"rotation":0,"texture":"#0","tintindex":0},"up":{"uv":[12.875,6.625,13.0,6.5],"rotation":0,"texture":"#0","tintindex":0},"down":{"uv":[13.0,6.5,13.125,6.625],"rotation":0,"texture":"#0","tintindex":0}}},{"from":[1.3281312,6.643048,7.357143],"to":[9.042418,10.500191,8.642858],"rotation":{"angle":0.0,"axis":"y","origin":[15.470989,-30.642666,19.57143]},"faces":{"east":{"uv":[11.5,6.5,11.375,6.875],"rotation":0,"texture":"#0","tintindex":0},"south":{"uv":[12.25,6.5,11.5,6.875],"rotation":0,"texture":"#0","tintindex":0},"north":{"uv":[11.375,6.5,10.625,6.875],"rotation":0,"texture":"#0","tintindex":0},"west":{"uv":[10.625,6.5,10.5,6.875],"rotation":0,"texture":"#0","tintindex":0},"up":{"uv":[10.625,6.5,11.375,6.375],"rotation":0,"texture":"#0","tintindex":0},"down":{"uv":[11.375,6.375,12.125,6.5],"rotation":0,"texture":"#0","tintindex":0}}}],"display":{"head":{"translation":[0.0,-6.4,0.0],"scale":[4.0,4.0,4.0]}}}