{"textures":{"0":"modelengine:entity/goose"},"elements":[{"from":[5.714286,5.714286,4.5714283],"to":[10.285714,10.285714,10.285714],"rotation":{"angle":0.0,"axis":"y","origin":[8.0,3.4285712,6.857143]},"faces":{"east":{"uv":[3.275,0.025,5.725,1.975],"rotation":0,"texture":"#0","tintindex":0},"south":{"uv":[5.775,0.025,7.725,1.975],"rotation":0,"texture":"#0","tintindex":0},"north":{"uv":[0.025,5.525,1.975,7.475],"rotation":0,"texture":"#0","tintindex":0},"west":{"uv":[3.275,2.025,5.725,3.975],"rotation":0,"texture":"#0","tintindex":0},"up":{"uv":[5.225,6.475,3.275,4.025],"rotation":0,"texture":"#0","tintindex":0},"down":{"uv":[7.225,4.025,5.275,6.475],"rotation":0,"texture":"#0","tintindex":0}}},{"from":[6.285714,6.857143,10.285714],"to":[9.714286,10.285714,12.571428],"rotation":{"angle":0.0,"axis":"y","origin":[8.0,3.4285712,6.857143]},"faces":{"east":{"uv":[8.275,8.025,9.225,9.475],"rotation":0,"texture":"#0","tintindex":0},"south":{"uv":[7.775,0.025,9.225,1.475],"rotation":0,"texture":"#0","tintindex":0},"north":{"uv":[0.025,7.525,1.475,8.975],"rotation":0,"texture":"#0","tintindex":0},"west":{"uv":[8.775,2.275,9.725,3.725],"rotation":0,"texture":"#0","tintindex":0},"up":{"uv":[10.225,4.725,8.775,3.775],"rotation":0,"texture":"#0","tintindex":0},"down":{"uv":[10.225,4.775,8.775,5.725],"rotation":0,"texture":"#0","tintindex":0}}},{"from":[7.142857,8.571428,12.0],"to":[8.857143,11.428572,12.571428],"rotation":{"angle":45.0,"axis":"x","origin":[8.0,10.0,12.285715]},"faces":{"east":{"uv":[8.275,2.275,8.475,3.475],"rotation":0,"texture":"#0","tintindex":0},"south":{"uv":[9.275,0.025,9.975,1.225],"rotation":0,"texture":"#0","tintindex":0},"north":{"uv":[5.275,9.025,5.975,10.225],"rotation":0,"texture":"#0","tintindex":0},"west":{"uv":[8.525,2.275,8.725,3.475],"rotation":0,"texture":"#0","tintindex":0},"up":{"uv":[9.975,1.475,9.275,1.275],"rotation":0,"texture":"#0","tintindex":0},"down":{"uv":[10.975,6.275,10.275,6.475],"rotation":0,"texture":"#0","tintindex":0}}},{"from":[6.285714,6.285714,2.8571424],"to":[9.714286,9.714286,4.5714283],"rotation":{"angle":0.0,"axis":"y","origin":[8.0,3.4285712,6.857143]},"faces":{"east":{"uv":[0.025,9.025,0.725,10.475],"rotation":0,"texture":"#0","tintindex":0},"south":{"uv":[7.275,5.025,8.725,6.475],"rotation":0,"texture":"#0","tintindex":0},"north":{"uv":[7.275,3.525,8.725,4.975],"rotation":0,"texture":"#0","tintindex":0},"west":{"uv":[0.775,9.025,1.475,10.475],"rotation":0,"texture":"#0","tintindex":0},"up":{"uv":[10.225,6.475,8.775,5.775],"rotation":0,"texture":"#0","tintindex":0},"down":{"uv":[2.975,9.025,1.525,9.725],"rotation":0,"texture":"#0","tintindex":0}}}],"display":{"head":{"translation":[0.0,-6.4,0.0],"scale":[4.0,4.0,4.0]}}}