{"textures":{"0":"modelengine:entity/goose"},"elements":[{"from":[7.142857,8.571428,6.0],"to":[8.857143,10.857143,8.857143],"rotation":{"angle":0.0,"axis":"y","origin":[8.285714,2.8571424,11.142858]},"faces":{"east":{"uv":[2.025,5.525,3.225,6.475],"rotation":0,"texture":"#0","tintindex":0},"south":{"uv":[6.025,9.775,6.725,10.725],"rotation":0,"texture":"#0","tintindex":0},"north":{"uv":[9.775,2.275,10.475,3.225],"rotation":0,"texture":"#0","tintindex":0},"west":{"uv":[6.025,8.775,7.225,9.725],"rotation":0,"texture":"#0","tintindex":0},"up":{"uv":[9.975,9.225,9.275,8.025],"rotation":0,"texture":"#0","tintindex":0},"down":{"uv":[9.975,9.275,9.275,10.475],"rotation":0,"texture":"#0","tintindex":0}}},{"from":[7.142857,8.0,7.142857],"to":[8.857143,8.571428,8.857143],"rotation":{"angle":0.0,"axis":"y","origin":[8.285714,2.8571424,11.142858]},"faces":{"east":{"uv":[10.775,10.025,11.475,10.225],"rotation":0,"texture":"#0","tintindex":0},"south":{"uv":[10.775,10.275,11.475,10.475],"rotation":0,"texture":"#0","tintindex":0},"north":{"uv":[10.525,3.025,11.225,3.225],"rotation":0,"texture":"#0","tintindex":0},"west":{"uv":[10.775,10.525,11.475,10.725],"rotation":0,"texture":"#0","tintindex":0},"up":{"uv":[11.225,1.475,10.525,0.775],"rotation":0,"texture":"#0","tintindex":0},"down":{"uv":[11.225,1.525,10.525,2.225],"rotation":0,"texture":"#0","tintindex":0}}},{"from":[7.142857,8.571428,4.285714],"to":[8.857143,9.714286,6.0],"rotation":{"angle":0.0,"axis":"y","origin":[8.285714,2.8571424,11.142858]},"faces":{"east":{"uv":[10.775,8.525,11.475,8.975],"rotation":0,"texture":"#0","tintindex":0},"south":{"uv":[10.775,9.025,11.475,9.475],"rotation":0,"texture":"#0","tintindex":0},"north":{"uv":[6.025,10.775,6.725,11.225],"rotation":0,"texture":"#0","tintindex":0},"west":{"uv":[10.775,9.525,11.475,9.975],"rotation":0,"texture":"#0","tintindex":0},"up":{"uv":[8.975,11.225,8.275,10.525],"rotation":0,"texture":"#0","tintindex":0},"down":{"uv":[9.725,10.525,9.025,11.225],"rotation":0,"texture":"#0","tintindex":0}}}],"display":{"head":{"translation":[0.0,-6.4,0.0],"scale":[4.0,4.0,4.0]}}}