{"textures":{"0":"modelengine:entity/goose"},"elements":[{"from":[2.8571424,6.857143,7.428571],"to":[8.0,8.0,10.857143],"rotation":{"angle":0.0,"axis":"y","origin":[9.142858,1.1428566,9.714286]},"faces":{"east":{"uv":[11.725,4.275,10.275,4.725],"rotation":0,"texture":"#0","tintindex":0},"south":{"uv":[11.225,6.525,9.025,6.975],"rotation":0,"texture":"#0","tintindex":0},"north":{"uv":[5.225,9.025,3.025,9.475],"rotation":0,"texture":"#0","tintindex":0},"west":{"uv":[7.225,3.525,5.775,3.975],"rotation":0,"texture":"#0","tintindex":0},"up":{"uv":[4.525,7.975,6.725,6.525],"rotation":0,"texture":"#0","tintindex":0},"down":{"uv":[6.775,6.525,8.975,7.975],"rotation":0,"texture":"#0","tintindex":0}}},{"from":[-1.8278027,5.697921,7.428571],"to":[3.3150544,6.840778,9.714286],"rotation":{"angle":22.5,"axis":"z","origin":[0.17219734,6.2693496,9.571428]},"faces":{"east":{"uv":[11.725,8.025,10.775,8.475],"rotation":0,"texture":"#0","tintindex":0},"south":{"uv":[11.225,7.525,9.025,7.975],"rotation":0,"texture":"#0","tintindex":0},"north":{"uv":[11.225,7.025,9.025,7.475],"rotation":0,"texture":"#0","tintindex":0},"west":{"uv":[3.975,10.775,3.025,11.225],"rotation":0,"texture":"#0","tintindex":0},"up":{"uv":[1.525,8.975,3.725,8.025],"rotation":0,"texture":"#0","tintindex":0},"down":{"uv":[3.775,8.025,5.975,8.975],"rotation":0,"texture":"#0","tintindex":0}}},{"from":[-4.113517,5.697921,7.428571],"to":[3.3150544,6.840778,13.714286],"rotation":{"angle":22.5,"axis":"z","origin":[0.17219734,6.2693496,9.571428]},"faces":{"east":{"uv":[2.725,0.025,0.025,0.025],"rotation":0,"texture":"#0","tintindex":0},"south":{"uv":[15.975,0.025,12.775,1.475],"rotation":0,"texture":"#0","tintindex":0},"north":{"uv":[15.975,4.525,12.775,5.475],"rotation":0,"texture":"#0","tintindex":0},"west":{"uv":[15.975,2.025,13.025,3.225],"rotation":0,"texture":"#0","tintindex":0},"up":{"uv":[3.225,2.725,0.025,0.025],"rotation":0,"texture":"#0","tintindex":0},"down":{"uv":[3.225,0.025,0.025,2.725],"rotation":0,"texture":"#0","tintindex":0}}},{"from":[2.8571424,6.857143,10.857143],"to":[8.0,8.0,12.571428],"rotation":{"angle":0.0,"axis":"y","origin":[9.142858,1.1428566,9.714286]},"faces":{"east":{"uv":[0.725,0.025,0.025,0.025],"rotation":0,"texture":"#0","tintindex":0},"south":{"uv":[15.225,1.775,13.025,1.725],"rotation":0,"texture":"#0","tintindex":0},"north":{"uv":[2.225,0.025,0.025,0.025],"rotation":0,"texture":"#0","tintindex":0},"west":{"uv":[0.725,0.025,0.025,0.025],"rotation":0,"texture":"#0","tintindex":0},"up":{"uv":[6.025,8.725,8.225,8.025],"rotation":0,"texture":"#0","tintindex":0},"down":{"uv":[8.225,8.025,6.025,8.725],"rotation":0,"texture":"#0","tintindex":0}}}],"display":{"head":{"translation":[0.0,-6.4,0.0],"scale":[4.0,4.0,4.0]}}}