{"textures":{"0":"modelengine:entity/goose"},"elements":[{"from":[7.714286,5.714286,7.714286],"to":[8.285714,8.571428,8.285714],"rotation":{"angle":0.0,"axis":"y","origin":[8.857143,5.714286,7.714286]},"faces":{"east":{"uv":[9.75,10.5,10.0,11.75],"rotation":0,"texture":"#0","tintindex":0},"south":{"uv":[4.0,10.75,4.25,12.0],"rotation":0,"texture":"#0","tintindex":0},"north":{"uv":[9.0,9.5,9.25,10.75],"rotation":0,"texture":"#0","tintindex":0},"west":{"uv":[4.25,10.75,4.5,12.0],"rotation":0,"texture":"#0","tintindex":0},"up":{"uv":[1.725,7.725,1.525,7.525],"rotation":0,"texture":"#0","tintindex":0},"down":{"uv":[1.975,7.525,1.775,7.725],"rotation":0,"texture":"#0","tintindex":0}}},{"from":[7.142857,5.714286,5.428571],"to":[8.857143,5.714286,8.285714],"rotation":{"angle":0.0,"axis":"y","origin":[8.857143,5.714286,7.714286]},"faces":{"east":{"uv":[0.025,0.025,1.225,0.025],"rotation":0,"texture":"#0","tintindex":0},"south":{"uv":[0.025,0.025,0.725,0.025],"rotation":0,"texture":"#0","tintindex":0},"north":{"uv":[0.025,0.025,0.725,0.025],"rotation":0,"texture":"#0","tintindex":0},"west":{"uv":[0.025,0.025,1.225,0.025],"rotation":0,"texture":"#0","tintindex":0},"up":{"uv":[3.725,10.725,3.025,9.525],"rotation":0,"texture":"#0","tintindex":0},"down":{"uv":[4.475,9.525,3.775,10.725],"rotation":0,"texture":"#0","tintindex":0}}}],"display":{"head":{"translation":[0.0,-6.4,0.0],"scale":[4.0,4.0,4.0]}}}