{"textures":{"0":"modelengine:entity/goose"},"elements":[{"from":[7.142857,8.0,7.142857],"to":[8.857143,9.714286,8.857143],"rotation":{"angle":0.0,"axis":"y","origin":[8.285714,2.8571424,11.142858]},"faces":{"east":{"uv":[5.275,10.275,5.975,10.975],"rotation":0,"texture":"#0","tintindex":0},"south":{"uv":[10.275,5.525,10.975,6.225],"rotation":0,"texture":"#0","tintindex":0},"north":{"uv":[10.275,4.775,10.975,5.475],"rotation":0,"texture":"#0","tintindex":0},"west":{"uv":[0.025,10.525,0.725,11.225],"rotation":0,"texture":"#0","tintindex":0},"up":{"uv":[11.225,0.725,10.525,0.025],"rotation":0,"texture":"#0","tintindex":0},"down":{"uv":[1.475,10.525,0.775,11.225],"rotation":0,"texture":"#0","tintindex":0}}}],"display":{"head":{"translation":[0.0,-6.4,0.0],"scale":[4.0,4.0,4.0]}}}