{"textures":{"0":"modelengine:entity/goose"},"elements":[{"from":[7.142857,8.0,7.142857],"to":[8.857143,10.285714,8.857143],"rotation":{"angle":0.0,"axis":"y","origin":[8.285714,4.0,11.142858]},"faces":{"east":{"uv":[10.025,9.025,10.725,9.975],"rotation":0,"texture":"#0","tintindex":0},"south":{"uv":[10.025,10.025,10.725,10.975],"rotation":0,"texture":"#0","tintindex":0},"north":{"uv":[10.025,8.025,10.725,8.975],"rotation":0,"texture":"#0","tintindex":0},"west":{"uv":[10.275,3.275,10.975,4.225],"rotation":0,"texture":"#0","tintindex":0},"up":{"uv":[2.225,11.475,1.525,10.775],"rotation":0,"texture":"#0","tintindex":0},"down":{"uv":[2.975,10.775,2.275,11.475],"rotation":0,"texture":"#0","tintindex":0}}}],"display":{"head":{"translation":[0.0,-6.4,0.0],"scale":[4.0,4.0,4.0]}}}