{"textures":{"0":"modelengine:entity/goose"},"elements":[{"from":[8.0,6.857143,7.428571],"to":[13.142858,8.0,10.857143],"rotation":{"angle":0.0,"axis":"y","origin":[6.857143,1.1428566,9.714286]},"faces":{"east":{"uv":[5.775,3.525,7.225,3.975],"rotation":0,"texture":"#0","tintindex":0},"south":{"uv":[9.025,6.525,11.225,6.975],"rotation":0,"texture":"#0","tintindex":0},"north":{"uv":[3.025,9.025,5.225,9.475],"rotation":0,"texture":"#0","tintindex":0},"west":{"uv":[10.275,4.275,11.725,4.725],"rotation":0,"texture":"#0","tintindex":0},"up":{"uv":[6.725,7.975,4.525,6.525],"rotation":0,"texture":"#0","tintindex":0},"down":{"uv":[8.975,6.525,6.775,7.975],"rotation":0,"texture":"#0","tintindex":0}}},{"from":[12.684946,5.697921,7.428571],"to":[17.827803,6.840778,9.714286],"rotation":{"angle":-22.5,"axis":"z","origin":[15.827803,6.2693496,9.571428]},"faces":{"east":{"uv":[3.025,10.775,3.975,11.225],"rotation":0,"texture":"#0","tintindex":0},"south":{"uv":[9.025,7.525,11.225,7.975],"rotation":0,"texture":"#0","tintindex":0},"north":{"uv":[9.025,7.025,11.225,7.475],"rotation":0,"texture":"#0","tintindex":0},"west":{"uv":[10.775,8.025,11.725,8.475],"rotation":0,"texture":"#0","tintindex":0},"up":{"uv":[3.725,8.975,1.525,8.025],"rotation":0,"texture":"#0","tintindex":0},"down":{"uv":[5.975,8.025,3.775,8.975],"rotation":0,"texture":"#0","tintindex":0}}},{"from":[12.684946,5.697921,7.428571],"to":[20.113518,6.840778,13.714286],"rotation":{"angle":-22.5,"axis":"z","origin":[15.827803,6.2693496,9.571428]},"faces":{"east":{"uv":[13.025,2.025,15.975,3.225],"rotation":0,"texture":"#0","tintindex":0},"south":{"uv":[12.775,0.025,15.975,1.475],"rotation":0,"texture":"#0","tintindex":0},"north":{"uv":[12.775,4.525,15.975,5.475],"rotation":0,"texture":"#0","tintindex":0},"west":{"uv":[0.025,0.025,2.725,0.025],"rotation":0,"texture":"#0","tintindex":0},"up":{"uv":[0.025,2.725,3.225,0.025],"rotation":0,"texture":"#0","tintindex":0},"down":{"uv":[0.025,0.025,3.225,2.725],"rotation":0,"texture":"#0","tintindex":0}}},{"from":[8.0,6.857143,10.857143],"to":[13.142858,8.0,12.571428],"rotation":{"angle":0.0,"axis":"y","origin":[6.857143,1.1428566,9.714286]},"faces":{"east":{"uv":[0.025,0.025,0.725,0.025],"rotation":0,"texture":"#0","tintindex":0},"south":{"uv":[13.025,1.775,15.225,1.725],"rotation":0,"texture":"#0","tintindex":0},"north":{"uv":[0.025,0.025,2.225,0.025],"rotation":0,"texture":"#0","tintindex":0},"west":{"uv":[0.025,0.025,0.725,0.025],"rotation":0,"texture":"#0","tintindex":0},"up":{"uv":[8.225,8.725,6.025,8.025],"rotation":0,"texture":"#0","tintindex":0},"down":{"uv":[6.025,8.025,8.225,8.725],"rotation":0,"texture":"#0","tintindex":0}}}],"display":{"head":{"translation":[0.0,-6.4,0.0],"scale":[4.0,4.0,4.0]}}}