{"textures":{"1":"modelengine:entity/deadbeard_petboat"},"elements":[{"from":[3.7299733,6.5364504,6.171112],"to":[17.44426,7.679308,10.171112],"rotation":{"angle":0.0,"axis":"y","origin":[24.872831,9.965022,7.885398]},"faces":{"east":{"uv":[7.0075,5.0075,7.8675,5.2425],"rotation":0,"texture":"#1","tintindex":0},"south":{"uv":[8.7425,2.0075,5.7575,2.2425],"rotation":0,"texture":"#1","tintindex":0},"north":{"uv":[5.7575,2.0075,8.7425,2.2425],"rotation":0,"texture":"#1","tintindex":0},"west":{"uv":[6.6325,7.0075,7.4925,7.2425],"rotation":0,"texture":"#1","tintindex":0},"up":{"uv":[5.4925,0.8675,2.5075,0.0075],"rotation":0,"texture":"#1","tintindex":0},"down":{"uv":[5.4925,0.8825,2.5075,1.7425],"rotation":0,"texture":"#1","tintindex":0}}},{"from":[14.872831,7.679308,6.664804],"to":[18.501404,11.10788,10.293376],"rotation":{"angle":-45.0,"axis":"y","origin":[17.44426,9.10788,9.236233]},"faces":{"east":{"uv":[5.2425,5.8825,4.5075,6.6175],"rotation":0,"texture":"#1","tintindex":0},"south":{"uv":[6.0075,5.8825,6.7425,6.6175],"rotation":0,"texture":"#1","tintindex":0},"north":{"uv":[4.5075,5.8825,5.2425,6.6175],"rotation":0,"texture":"#1","tintindex":0},"west":{"uv":[0.0075,6.1325,0.7425,6.8675],"rotation":0,"texture":"#1","tintindex":0},"up":{"uv":[6.9925,4.4925,6.2575,3.7575],"rotation":0,"texture":"#1","tintindex":0},"down":{"uv":[6.9925,4.5075,6.2575,5.2425],"rotation":0,"texture":"#1","tintindex":0}}},{"from":[8.872831,7.679308,5.599684],"to":[17.44426,10.53645,10.742541],"rotation":{"angle":0.0,"axis":"y","origin":[24.872831,9.965022,7.885398]},"faces":{"east":{"uv":[5.7575,2.5075,6.8675,3.1175],"rotation":0,"texture":"#1","tintindex":0},"south":{"uv":[5.3675,5.2575,3.5075,5.8675],"rotation":0,"texture":"#1","tintindex":0},"north":{"uv":[3.5075,5.2575,5.3675,5.8675],"rotation":0,"texture":"#1","tintindex":0},"west":{"uv":[5.7575,3.1325,6.8675,3.7425],"rotation":0,"texture":"#1","tintindex":0},"up":{"uv":[3.8675,4.1175,2.0075,3.0075],"rotation":0,"texture":"#1","tintindex":0},"down":{"uv":[1.8675,3.8825,0.0075,4.9925],"rotation":0,"texture":"#1","tintindex":0}}},{"from":[13.44426,10.53645,7.599684],"to":[14.587117,21.965023,8.74254],"rotation":{"angle":0.0,"axis":"y","origin":[24.872831,9.965022,8.171112]},"faces":{"east":{"uv":[3.7575,5.8825,3.9925,8.3675],"rotation":0,"texture":"#1","tintindex":0},"south":{"uv":[4.0075,5.8825,4.2425,8.3675],"rotation":0,"texture":"#1","tintindex":0},"north":{"uv":[3.5075,5.8825,3.7425,8.3675],"rotation":0,"texture":"#1","tintindex":0},"west":{"uv":[4.2575,5.8825,4.4925,8.3675],"rotation":0,"texture":"#1","tintindex":0},"up":{"uv":[2.2425,2.8675,2.0075,2.6325],"rotation":0,"texture":"#1","tintindex":0},"down":{"uv":[2.4925,2.6325,2.2575,2.8675],"rotation":0,"texture":"#1","tintindex":0}}},{"from":[8.872831,10.101477,7.786446],"to":[14.587117,22.101477,7.786446],"rotation":{"angle":22.5,"axis":"x","origin":[14.587117,15.8157625,7.786446]},"faces":{"east":{"uv":[0.0075,0.0075,0.0075,2.6175],"rotation":0,"texture":"#1","tintindex":0},"south":{"uv":[1.2425,0.0075,0.0075,2.6175],"rotation":0,"texture":"#1","tintindex":0},"north":{"uv":[0.0075,0.0075,1.2425,2.6175],"rotation":0,"texture":"#1","tintindex":0},"west":{"uv":[0.0075,0.0075,0.0075,2.6175],"rotation":0,"texture":"#1","tintindex":0},"up":{"uv":[1.2425,0.0075,0.0075,0.0075],"rotation":0,"texture":"#1","tintindex":0},"down":{"uv":[1.2425,0.0075,0.0075,0.0075],"rotation":0,"texture":"#1","tintindex":0}}},{"from":[8.872831,10.101258,8.55525],"to":[14.587117,22.101257,8.55525],"rotation":{"angle":-22.5,"axis":"x","origin":[14.587117,15.815544,8.55525]},"faces":{"east":{"uv":[0.0075,0.0075,0.0075,2.6175],"rotation":0,"texture":"#1","tintindex":0},"south":{"uv":[1.2425,0.0075,0.0075,2.6175],"rotation":0,"texture":"#1","tintindex":0},"north":{"uv":[0.0075,0.0075,1.2425,2.6175],"rotation":0,"texture":"#1","tintindex":0},"west":{"uv":[0.0075,0.0075,0.0075,2.6175],"rotation":0,"texture":"#1","tintindex":0},"up":{"uv":[1.2425,0.0075,0.0075,0.0075],"rotation":0,"texture":"#1","tintindex":0},"down":{"uv":[1.2425,0.0075,0.0075,0.0075],"rotation":0,"texture":"#1","tintindex":0}}},{"from":[12.872831,21.965023,7.028255],"to":[15.1585455,24.822166,9.31397],"rotation":{"angle":0.0,"axis":"y","origin":[24.872831,9.965022,8.171112]},"faces":{"east":{"uv":[2.7575,6.3825,3.2425,6.9925],"rotation":0,"texture":"#1","tintindex":0},"south":{"uv":[6.7575,5.8825,7.2425,6.4925],"rotation":0,"texture":"#1","tintindex":0},"north":{"uv":[2.2575,6.3825,2.7425,6.9925],"rotation":0,"texture":"#1","tintindex":0},"west":{"uv":[0.0075,6.8825,0.4925,7.4925],"rotation":0,"texture":"#1","tintindex":0},"up":{"uv":[6.1175,7.3675,5.6325,6.8825],"rotation":0,"texture":"#1","tintindex":0},"down":{"uv":[6.6175,6.8825,6.1325,7.3675],"rotation":0,"texture":"#1","tintindex":0}}},{"from":[15.729975,13.393594,3.5996838],"to":[15.729975,19.10788,12.74254],"rotation":{"angle":0.0,"axis":"y","origin":[24.872831,8.822165,8.171112]},"faces":{"east":{"uv":[2.5075,1.7575,4.4925,2.9925],"rotation":0,"texture":"#1","tintindex":0},"south":{"uv":[0.0075,0.0075,0.0075,1.2425],"rotation":0,"texture":"#1","tintindex":0},"north":{"uv":[0.0075,0.0075,0.0075,1.2425],"rotation":0,"texture":"#1","tintindex":0},"west":{"uv":[4.4925,1.7575,2.5075,2.9925],"rotation":0,"texture":"#1","tintindex":0},"up":{"uv":[0.0075,1.9925,0.0075,0.0075],"rotation":0,"texture":"#1","tintindex":0},"down":{"uv":[0.0075,0.0075,0.0075,1.9925],"rotation":0,"texture":"#1","tintindex":0}}},{"from":[14.636637,18.890175,3.5996838],"to":[14.636637,21.175888,12.74254],"rotation":{"angle":22.5,"axis":"z","origin":[14.636637,21.747318,8.171112]},"faces":{"east":{"uv":[5.5075,0.0075,7.4925,0.4925],"rotation":0,"texture":"#1","tintindex":0},"south":{"uv":[0.0075,0.0075,0.0075,0.4925],"rotation":0,"texture":"#1","tintindex":0},"north":{"uv":[0.0075,0.0075,0.0075,0.4925],"rotation":0,"texture":"#1","tintindex":0},"west":{"uv":[7.4925,0.0075,5.5075,0.4925],"rotation":0,"texture":"#1","tintindex":0},"up":{"uv":[0.0075,1.9925,0.0075,0.0075],"rotation":0,"texture":"#1","tintindex":0},"down":{"uv":[0.0075,0.0075,0.0075,1.9925],"rotation":0,"texture":"#1","tintindex":0}}},{"from":[14.0652075,21.175888,3.0282545],"to":[14.636637,21.747318,13.31397],"rotation":{"angle":22.5,"axis":"z","origin":[14.636637,21.747318,8.171112]},"faces":{"east":{"uv":[6.7575,6.5075,8.9925,6.6175],"rotation":0,"texture":"#1","tintindex":0},"south":{"uv":[2.1325,2.8825,2.2425,2.9925],"rotation":0,"texture":"#1","tintindex":0},"north":{"uv":[2.0075,2.8825,2.1175,2.9925],"rotation":0,"texture":"#1","tintindex":0},"west":{"uv":[6.8825,2.5075,9.1175,2.6175],"rotation":0,"texture":"#1","tintindex":0},"up":{"uv":[3.3675,8.6175,3.2575,6.3825],"rotation":0,"texture":"#1","tintindex":0},"down":{"uv":[3.4925,6.3825,3.3825,8.6175],"rotation":0,"texture":"#1","tintindex":0}}},{"from":[14.636637,12.468443,3.5996838],"to":[14.636637,13.6112995,12.74254],"rotation":{"angle":-22.5,"axis":"z","origin":[14.636637,10.754156,7.885398]},"faces":{"east":{"uv":[5.5075,1.0075,7.4925,1.2425],"rotation":0,"texture":"#1","tintindex":0},"south":{"uv":[0.0075,0.0075,0.0075,0.4925],"rotation":0,"texture":"#1","tintindex":0},"north":{"uv":[0.0075,0.0075,0.0075,0.4925],"rotation":0,"texture":"#1","tintindex":0},"west":{"uv":[7.4925,1.0075,5.5075,1.2425],"rotation":0,"texture":"#1","tintindex":0},"up":{"uv":[0.0075,1.9925,0.0075,0.0075],"rotation":0,"texture":"#1","tintindex":0},"down":{"uv":[0.0075,0.0075,0.0075,1.9925],"rotation":0,"texture":"#1","tintindex":0}}},{"from":[14.0652075,11.897014,3.5996838],"to":[14.636637,12.468443,12.74254],"rotation":{"angle":-22.5,"axis":"z","origin":[14.636637,10.754156,8.171112]},"faces":{"east":{"uv":[6.8825,3.6325,8.8675,3.7425],"rotation":0,"texture":"#1","tintindex":0},"south":{"uv":[2.3825,2.8825,2.4925,2.9925],"rotation":0,"texture":"#1","tintindex":0},"north":{"uv":[2.2575,2.8825,2.3675,2.9925],"rotation":0,"texture":"#1","tintindex":0},"west":{"uv":[6.6325,6.8825,8.6175,6.9925],