{"textures":{"0":"modelengine:entity/deadbeard_pet"},"elements":[{"from":[5.428571,7.428571,6.0],"to":[10.571428,10.857143,9.428572],"rotation":{"angle":0.0,"axis":"y","origin":[7.714286,4.0,6.857143]},"faces":{"east":{"uv":[6.5075,5.5075,7.9925,6.9925],"rotation":0,"texture":"#0","tintindex":0},"south":{"uv":[6.0075,4.0075,8.2425,5.4925],"rotation":0,"texture":"#0","tintindex":0},"north":{"uv":[2.0075,6.0075,4.2425,7.4925],"rotation":0,"texture":"#0","tintindex":0},"west":{"uv":[6.5075,7.0075,7.9925,8.4925],"rotation":0,"texture":"#0","tintindex":0},"up":{"uv":[6.4925,7.4925,4.2575,6.0075],"rotation":0,"texture":"#0","tintindex":0},"down":{"uv":[8.7425,0.0075,6.5075,1.4925],"rotation":0,"texture":"#0","tintindex":0}}},{"from":[4.8571424,10.285714,5.428571],"to":[6.5714283,12.571428,8.857143],"rotation":{"angle":0.0,"axis":"y","origin":[7.714286,7.428571,6.857143]},"faces":{"east":{"uv":[5.0075,7.5075,6.4925,8.4925],"rotation":0,"texture":"#0","tintindex":0},"south":{"uv":[10.2575,1.0075,10.9925,1.9925],"rotation":0,"texture":"#0","tintindex":0},"north":{"uv":[1.0075,10.2575,1.7425,11.2425],"rotation":0,"texture":"#0","tintindex":0},"west":{"uv":[8.0075,7.7575,9.4925,8.7425],"rotation":0,"texture":"#0","tintindex":0},"up":{"uv":[3.4925,10.4925,2.7575,9.0075],"rotation":0,"texture":"#0","tintindex":0},"down":{"uv":[4.2425,9.0075,3.5075,10.4925],"rotation":0,"texture":"#0","tintindex":0}}},{"from":[9.428572,10.285714,5.428571],"to":[11.142858,12.571428,8.857143],"rotation":{"angle":0.0,"axis":"y","origin":[8.285714,7.428571,6.857143]},"faces":{"east":{"uv":[9.4925,7.7575,8.0075,8.7425],"rotation":0,"texture":"#0","tintindex":0},"south":{"uv":[10.9925,1.0075,10.2575,1.9925],"rotation":0,"texture":"#0","tintindex":0},"north":{"uv":[1.7425,10.2575,1.0075,11.2425],"rotation":0,"texture":"#0","tintindex":0},"west":{"uv":[6.4925,7.5075,5.0075,8.4925],"rotation":0,"texture":"#0","tintindex":0},"up":{"uv":[2.7575,10.4925,3.4925,9.0075],"rotation":0,"texture":"#0","tintindex":0},"down":{"uv":[3.5075,9.0075,4.2425,10.4925],"rotation":0,"texture":"#0","tintindex":0}}},{"from":[4.8571424,10.285714,8.857143],"to":[11.142858,12.571428,10.0],"rotation":{"angle":0.0,"axis":"y","origin":[7.714286,7.428571,6.857143]},"faces":{"east":{"uv":[10.0075,10.2575,10.4925,11.2425],"rotation":0,"texture":"#0","tintindex":0},"south":{"uv":[6.5075,2.5075,9.2425,3.4925],"rotation":0,"texture":"#0","tintindex":0},"north":{"uv":[6.5075,1.5075,9.2425,2.4925],"rotation":0,"texture":"#0","tintindex":0},"west":{"uv":[1.7575,10.5075,2.2425,11.4925],"rotation":0,"texture":"#0","tintindex":0},"up":{"uv":[9.2425,3.9925,6.5075,3.5075],"rotation":0,"texture":"#0","tintindex":0},"down":{"uv":[10.9925,4.0075,8.2575,4.4925],"rotation":0,"texture":"#0","tintindex":0}}},{"from":[7.142857,6.285714,6.285714],"to":[8.857143,7.428571,8.571428],"rotation":{"angle":0.0,"axis":"y","origin":[7.714286,4.0,6.857143]},"faces":{"east":{"uv":[10.2575,2.0075,11.2425,2.4925],"rotation":0,"texture":"#0","tintindex":0},"south":{"uv":[3.0075,10.5075,3.7425,10.9925],"rotation":0,"texture":"#0","tintindex":0},"north":{"uv":[2.2575,10.5075,2.9925,10.9925],"rotation":0,"texture":"#0","tintindex":0},"west":{"uv":[10.2575,2.5075,11.2425,2.9925],"rotation":0,"texture":"#0","tintindex":0},"up":{"uv":[7.2425,10.4925,6.5075,9.5075],"rotation":0,"texture":"#0","tintindex":0},"down":{"uv":[7.9925,9.5075,7.2575,10.4925],"rotation":0,"texture":"#0","tintindex":0}}}],"display":{"head":{"translation":[0.0,-6.4,0.0],"scale":[4.0,4.0,4.0]}}}