{"textures":{"0":"modelengine:entity/deadbeard_pet"},"elements":[{"from":[5.6838665,7.88543,5.7226925],"to":[10.255296,12.456859,10.294121],"rotation":{"angle":0.0,"axis":"y","origin":[7.969581,1.0282869,7.4369783]},"faces":{"east":{"uv":[2.5075,2.0075,4.4925,3.9925],"rotation":0,"texture":"#0","tintindex":0},"south":{"uv":[0.0075,4.0075,1.9925,5.9925],"rotation":0,"texture":"#0","tintindex":0},"north":{"uv":[2.5075,0.0075,4.4925,1.9925],"rotation":0,"texture":"#0","tintindex":0},"west":{"uv":[4.4925,2.0075,2.5075,3.9925],"rotation":0,"texture":"#0","tintindex":0},"up":{"uv":[5.9925,5.9925,4.0075,4.0075],"rotation":0,"texture":"#0","tintindex":0},"down":{"uv":[6.4925,0.0075,4.5075,1.9925],"rotation":0,"texture":"#0","tintindex":0}}},{"from":[8.255296,8.1711445,5.608407],"to":[12.255296,9.885429,5.608407],"rotation":{"angle":-22.5,"axis":"z","origin":[10.255296,9.028287,5.608407]},"faces":{"east":{"uv":[0.0075,0.0075,0.0075,0.7425],"rotation":0,"texture":"#0","tintindex":0},"south":{"uv":[8.2575,4.5075,9.9925,5.2425],"rotation":0,"texture":"#0","tintindex":0},"north":{"uv":[9.9925,4.5075,8.2575,5.2425],"rotation":0,"texture":"#0","tintindex":0},"west":{"uv":[0.0075,0.0075,0.0075,0.7425],"rotation":0,"texture":"#0","tintindex":0},"up":{"uv":[0.0075,0.0075,1.7425,0.0075],"rotation":0,"texture":"#0","tintindex":0},"down":{"uv":[0.0075,0.0075,1.7425,0.0075],"rotation":0,"texture":"#0","tintindex":0}}},{"from":[3.9695807,8.1711445,5.608407],"to":[7.969581,9.885429,5.608407],"rotation":{"angle":22.5,"axis":"z","origin":[5.969581,9.028287,5.608407]},"faces":{"east":{"uv":[0.0075,0.0075,0.0075,0.7425],"rotation":0,"texture":"#0","tintindex":0},"south":{"uv":[9.9925,4.5075,8.2575,5.2425],"rotation":0,"texture":"#0","tintindex":0},"north":{"uv":[8.2575,4.5075,9.9925,5.2425],"rotation":0,"texture":"#0","tintindex":0},"west":{"uv":[0.0075,0.0075,0.0075,0.7425],"rotation":0,"texture":"#0","tintindex":0},"up":{"uv":[1.7425,0.0075,0.0075,0.0075],"rotation":0,"texture":"#0","tintindex":0},"down":{"uv":[1.7425,0.0075,0.0075,0.0075],"rotation":0,"texture":"#0","tintindex":0}}},{"from":[5.6838665,3.75137,2.9680848],"to":[10.255296,8.322799,2.9680848],"rotation":{"angle":22.5,"axis":"x","origin":[7.969581,1.4656553,4.6823707]},"faces":{"east":{"uv":[0.0075,0.0075,0.0075,1.9925],"rotation":0,"texture":"#0","tintindex":0},"south":{"uv":[6.4925,2.0075,4.5075,3.9925],"rotation":0,"texture":"#0","tintindex":0},"north":{"uv":[4.5075,2.0075,6.4925,3.9925],"rotation":0,"texture":"#0","tintindex":0},"west":{"uv":[0.0075,0.0075,0.0075,1.9925],"rotation":0,"texture":"#0","tintindex":0},"up":{"uv":[1.9925,0.0075,0.0075,0.0075],"rotation":0,"texture":"#0","tintindex":0},"down":{"uv":[1.9925,0.0075,0.0075,0.0075],"rotation":0,"texture":"#0","tintindex":0}}},{"from":[7.8663797,11.314001,5.236978],"to":[14.152094,15.314001,5.236978],"rotation":{"angle":-22.5,"axis":"y","origin":[9.294951,12.456859,5.236978]},"faces":{"east":{"uv":[0.0075,0.0075,0.0075,1.7425],"rotation":0,"texture":"#0","tintindex":0},"south":{"uv":[14.2425,1.7575,11.5075,3.4925],"rotation":0,"texture":"#0","tintindex":0},"north":{"uv":[14.2425,0.0075,11.5075,1.7425],"rotation":0,"texture":"#0","tintindex":0},"west":{"uv":[0.0075,0.0075,0.0075,1.7425],"rotation":0,"texture":"#0","tintindex":0},"up":{"uv":[0.0075,0.0075,2.7425,0.0075],"rotation":0,"texture":"#0","tintindex":0},"down":{"uv":[0.0075,0.0075,2.7425,0.0075],"rotation":0,"texture":"#0","tintindex":0}}},{"from":[2.0156393,11.314001,6.3303595],"to":[8.301353,15.314001,6.3303595],"rotation":{"angle":22.5,"axis":"y","origin":[4.0156393,12.456859,6.3303595]},"faces":{"east":{"uv":[0.0075,0.0075,0.0075,1.7425],"rotation":0,"texture":"#0","tintindex":0},"south":{"uv":[11.5075,1.7575,14.2425,3.4925],"rotation":0,"texture":"#0","tintindex":0},"north":{"uv":[11.5075,0.0075,14.2425,1.7425],"rotation":0,"texture":"#0","tintindex":0},"west":{"uv":[0.0075,0.0075,0.0075,1.7425],"rotation":0,"texture":"#0","tintindex":0},"up":{"uv":[2.7425,0.0075,0.0075,0.0075],"rotation":0,"texture":"#0","tintindex":0},"down":{"uv":[2.7425,0.0075,0.0075,0.0075],"rotation":0,"texture":"#0","tintindex":0}}},{"from":[5.2267237,11.314001,5.236978],"to":[8.083867,13.028288,7.5226927],"rotation":{"angle":22.5,"axis":"y","origin":[6.6552954,12.456859,5.236978]},"faces":{"east":{"uv":[10.0075,7.0075,10.9925,7.7425],"rotation":0,"texture":"#0","tintindex":0},"south":{"uv":[9.2575,8.7575,10.4925,9.4925],"rotation":0,"texture":"#0","tintindex":0},"north":{"uv":[5.2575,9.2575,6.4925,9.9925],"rotation":0,"texture":"#0","tintindex":0},"west":{"uv":[10.0075,9.5075,10.9925,10.2425],"rotation":0,"texture":"#0","tintindex":0},"up":{"uv":[9.9925,0.9925,8.7575,0.0075],"rotation":0,"texture":"#0","tintindex":0},"down":{"uv":[9.2425,8.7575,8.0075,9.7425],"rotation":0,"texture":"#0","tintindex":0}}},{"from":[5.221182,11.314001,5.8408117],"to":[10.649754,13.028288,10.41224],"rotation":{"angle":0.0,"axis":"y","origin":[6.649753,12.456859,5.8408117]},"faces":{"east":{"uv":[0.0075,8.0075,1.9925,8.7425],"rotation":0,"texture":"#0","tintindex":0},"south":{"uv":[8.0075,6.2575,10.4925,6.9925],"rotation":0,"texture":"#0","tintindex":0},"north":{"uv":[8.0075,5.5075,10.4925,6.2425],"rotation":0,"texture":"#0","tintindex":0},"west":{"uv":[8.0075,7.0075,9.9925,7.7425],"rotation":0,"texture":"#0","tintindex":0},"up":{"uv":[2.4925,1.9925,0.0075,0.0075],"rotation":0,"texture":"#0","tintindex":0},"down":{"uv":[2.4925,2.0075,0.0075,3.9925],"rotation":0,"texture":"#0","tintindex":0}}},{"from":[7.8663797,11.314001,5.236978],"to":[10.723523,13.028288,7.5226927],"rotation":{"angle":-22.5,"axis":"y","origin":[9.294951,12.456859,5.236978]},"faces":{"east":{"uv":[10.9925,9.5075,10.0075,10.2425],"rotation":0,"texture":"#0","tintindex":0},"south":{"uv":[10.4925,8.7575,9.2575,9.4925],"rotation":0,"texture":"#0","tintindex":0},"north":{"uv":[6.4925,9.2575,5.2575,9.9925],"rotation":0,"texture":"#0","tintindex":0},"west":{"uv":[10.9925,7.0075,10.0075,7.7425],"rotation":0,"texture":"#0","tintindex":0},"up":{"uv":[8.7575,0.9925,9.9925,0.0075],"rotation":0,"texture":"#0","tintindex":0},"down":{"uv":[8.0075,8.7575,9.2425,9.7425],"rotation":0,"texture":"#0","tintindex":0}}}],"display":{"head":{"translation":[0.0,-6.4,0.0],"scale":[4.0,4.0,4.0]}}}