{"textures":{"0":"modelengine:entity/deadbeard_pet"},"elements":[{"from":[6.857143,6.254021,6.743258],"to":[8.0,8.539736,9.028973],"rotation":{"angle":0.0,"axis":"y","origin":[10.285714,1.6825924,7.314687]},"faces":{"east":{"uv":[9.2575,1.0075,10.2425,1.9925],"rotation":0,"texture":"#0","tintindex":0},"south":{"uv":[4.2575,10.2575,4.7425,11.2425],"rotation":0,"texture":"#0","tintindex":0},"north":{"uv":[10.2575,3.0075,10.7425,3.9925],"rotation":0,"texture":"#0","tintindex":0},"west":{"uv":[9.2575,2.0075,10.2425,2.9925],"rotation":0,"texture":"#0","tintindex":0},"up":{"uv":[5.2425,11.2425,4.7575,10.2575],"rotation":0,"texture":"#0","tintindex":0},"down":{"uv":[10.7425,7.7575,10.2575,8.7425],"rotation":0,"texture":"#0","tintindex":0}}},{"from":[6.428571,4.503231,6.054012],"to":[8.142858,6.7889457,8.339726],"rotation":{"angle":22.5,"axis":"x","origin":[7.428571,4.788945,7.339726]},"faces":{"east":{"uv":[9.2575,3.0075,10.2425,3.9925],"rotation":0,"texture":"#0","tintindex":0},"south":{"uv":[10.0075,0.0075,10.7425,0.9925],"rotation":0,"texture":"#0","tintindex":0},"north":{"uv":[8.0075,9.7575,8.7425,10.7425],"rotation":0,"texture":"#0","tintindex":0},"west":{"uv":[4.2575,9.2575,5.2425,10.2425],"rotation":0,"texture":"#0","tintindex":0},"up":{"uv":[10.7425,5.4925,10.0075,4.5075],"rotation":0,"texture":"#0","tintindex":0},"down":{"uv":[5.9925,10.0075,5.2575,10.9925],"rotation":0,"texture":"#0","tintindex":0}}},{"from":[6.714286,3.3603745,6.62544],"to":[7.857143,4.503231,8.339726],"rotation":{"angle":22.5,"axis":"x","origin":[7.428571,4.788945,7.339726]},"faces":{"east":{"uv":[7.0075,10.5075,7.7425,10.9925],"rotation":0,"texture":"#0","tintindex":0},"south":{"uv":[8.7575,1.0075,9.2425,1.4925],"rotation":0,"texture":"#0","tintindex":0},"north":{"uv":[6.0075,5.5075,6.4925,5.9925],"rotation":0,"texture":"#0","tintindex":0},"west":{"uv":[10.5075,8.7575,11.2425,9.2425],"rotation":0,"texture":"#0","tintindex":0},"up":{"uv":[9.7425,11.2425,9.2575,10.5075],"rotation":0,"texture":"#0","tintindex":0},"down":{"uv":[10.9925,10.2575,10.5075,10.9925],"rotation":0,"texture":"#0","tintindex":0}}}],"display":{"head":{"translation":[0.0,-6.4,0.0],"scale":[4.0,4.0,4.0]}}}