{"textures":{"0":"modelengine:entity/deadbeard_pet"},"elements":[{"from":[6.857143,6.285714,7.142857],"to":[8.0,8.571428,8.857143],"rotation":{"angle":0.0,"axis":"y","origin":[8.571428,5.142857,7.142857]},"faces":{"east":{"uv":[9.5075,7.7575,10.2425,8.7425],"rotation":0,"texture":"#0","tintindex":0},"south":{"uv":[6.0075,10.0075,6.4925,10.9925],"rotation":0,"texture":"#0","tintindex":0},"north":{"uv":[8.7575,9.7575,9.2425,10.7425],"rotation":0,"texture":"#0","tintindex":0},"west":{"uv":[9.2575,9.5075,9.9925,10.4925],"rotation":0,"texture":"#0","tintindex":0},"up":{"uv":[4.2425,11.2425,3.7575,10.5075],"rotation":0,"texture":"#0","tintindex":0},"down":{"uv":[10.9925,5.5075,10.5075,6.2425],"rotation":0,"texture":"#0","tintindex":0}}},{"from":[7.142857,5.142857,7.714286],"to":[7.714286,6.285714,8.285714],"rotation":{"angle":0.0,"axis":"y","origin":[8.571428,5.142857,7.142857]},"faces":{"east":{"uv":[9.7575,10.5075,9.9925,10.9925],"rotation":0,"texture":"#0","tintindex":0},"south":{"uv":[8.2575,10.7575,8.4925,11.2425],"rotation":0,"texture":"#0","tintindex":0},"north":{"uv":[1.0075,9.7575,1.2425,10.2425],"rotation":0,"texture":"#0","tintindex":0},"west":{"uv":[10.7575,8.2575,10.9925,8.7425],"rotation":0,"texture":"#0","tintindex":0},"up":{"uv":[4.9925,9.2425,4.7575,9.0075],"rotation":0,"texture":"#0","tintindex":0},"down":{"uv":[6.7425,9.2575,6.5075,9.4925],"rotation":0,"texture":"#0","tintindex":0}}}],"display":{"head":{"translation":[0.0,-6.4,0.0],"scale":[4.0,4.0,4.0]}}}