{"textures":{"0":"modelengine:entity/deadbeard_pet"},"elements":[{"from":[8.0,6.254021,6.743258],"to":[9.142858,8.539736,9.028973],"rotation":{"angle":0.0,"axis":"y","origin":[5.714286,1.6825924,7.314687]},"faces":{"east":{"uv":[10.2425,2.0075,9.2575,2.9925],"rotation":0,"texture":"#0","tintindex":0},"south":{"uv":[4.7425,10.2575,4.2575,11.2425],"rotation":0,"texture":"#0","tintindex":0},"north":{"uv":[10.7425,3.0075,10.2575,3.9925],"rotation":0,"texture":"#0","tintindex":0},"west":{"uv":[10.2425,1.0075,9.2575,1.9925],"rotation":0,"texture":"#0","tintindex":0},"up":{"uv":[4.7575,11.2425,5.2425,10.2575],"rotation":0,"texture":"#0","tintindex":0},"down":{"uv":[10.2575,7.7575,10.7425,8.7425],"rotation":0,"texture":"#0","tintindex":0}}},{"from":[7.857143,4.503231,6.054012],"to":[9.571428,6.7889457,8.339726],"rotation":{"angle":22.5,"axis":"x","origin":[8.571428,4.788945,7.339726]},"faces":{"east":{"uv":[5.2425,9.2575,4.2575,10.2425],"rotation":0,"texture":"#0","tintindex":0},"south":{"uv":[10.7425,0.0075,10.0075,0.9925],"rotation":0,"texture":"#0","tintindex":0},"north":{"uv":[8.7425,9.7575,8.0075,10.7425],"rotation":0,"texture":"#0","tintindex":0},"west":{"uv":[10.2425,3.0075,9.2575,3.9925],"rotation":0,"texture":"#0","tintindex":0},"up":{"uv":[10.0075,5.4925,10.7425,4.5075],"rotation":0,"texture":"#0","tintindex":0},"down":{"uv":[5.2575,10.0075,5.9925,10.9925],"rotation":0,"texture":"#0","tintindex":0}}},{"from":[8.142858,3.3603745,6.62544],"to":[9.285714,4.503231,8.339726],"rotation":{"angle":22.5,"axis":"x","origin":[10.857143,4.788945,7.339726]},"faces":{"east":{"uv":[11.4925,0.5075,10.7575,0.9925],"rotation":0,"texture":"#0","tintindex":0},"south":{"uv":[11.2425,7.7575,10.7575,8.2425],"rotation":0,"texture":"#0","tintindex":0},"north":{"uv":[8.2425,10.7575,7.7575,11.2425],"rotation":0,"texture":"#0","tintindex":0},"west":{"uv":[11.4925,0.0075,10.7575,0.4925],"rotation":0,"texture":"#0","tintindex":0},"up":{"uv":[10.7575,3.7425,11.2425,3.0075],"rotation":0,"texture":"#0","tintindex":0},"down":{"uv":[10.7575,4.5075,11.2425,5.2425],"rotation":0,"texture":"#0","tintindex":0}}},{"from":[8.714286,-0.06819725,5.482583],"to":[8.714286,3.3603745,8.911155],"rotation":{"angle":22.5,"axis":"x","origin":[10.857143,4.788945,7.339726]},"faces":{"east":{"uv":[2.0075,7.5075,3.4925,8.9925],"rotation":0,"texture":"#0","tintindex":0},"south":{"uv":[0.0075,0.0075,0.0075,1.4925],"rotation":0,"texture":"#0","tintindex":0},"north":{"uv":[0.0075,0.0075,0.0075,1.4925],"rotation":0,"texture":"#0","tintindex":0},"west":{"uv":[3.4925,7.5075,2.0075,8.9925],"rotation":0,"texture":"#0","tintindex":0},"up":{"uv":[0.0075,1.4925,0.0075,0.0075],"rotation":0,"texture":"#0","tintindex":0},"down":{"uv":[0.0075,0.0075,0.0075,1.4925],"rotation":0,"texture":"#0","tintindex":0}}}],"display":{"head":{"translation":[0.0,-6.4,0.0],"scale":[4.0,4.0,4.0]}}}