{"textures":{"0":"modelengine:entity/chocobo"},"elements":[{"from":[3.9076886,1.405395,5.5773854],"to":[11.336261,9.4053955,15.8631],"rotation":{"angle":0.0,"axis":"y","origin":[7.3362603,-8.308891,8.434528]},"faces":{"east":{"uv":[2.2375,1.8125,0.0125,3.5625],"rotation":0,"texture":"#0","tintindex":0},"south":{"uv":[5.6375,3.5125,7.2375,5.2375],"rotation":0,"texture":"#0","tintindex":0},"north":{"uv":[5.6375,1.7625,7.2375,3.4875],"rotation":0,"texture":"#0","tintindex":0},"west":{"uv":[0.0125,1.7625,2.2375,3.4875],"rotation":0,"texture":"#0","tintindex":0},"up":{"uv":[5.6125,3.9875,4.0125,1.7625],"rotation":0,"texture":"#0","tintindex":0},"down":{"uv":[5.6125,4.0125,4.0125,6.2375],"rotation":0,"texture":"#0","tintindex":0}}},{"from":[3.0329838,1.9768238,15.689111],"to":[3.0329838,11.69111,23.68911],"rotation":{"angle":-22.5,"axis":"y","origin":[3.0329838,4.8339667,17.974825]},"faces":{"east":{"uv":[3.9875,2.1375,2.2625,4.2375],"rotation":0,"texture":"#0","tintindex":0},"south":{"uv":[0.0125,0.0125,0.0125,2.1125],"rotation":0,"texture":"#0","tintindex":0},"north":{"uv":[0.0125,0.0125,0.0125,2.1125],"rotation":0,"texture":"#0","tintindex":0},"west":{"uv":[2.2625,2.1375,3.9875,4.2375],"rotation":0,"texture":"#0","tintindex":0},"up":{"uv":[0.0125,1.7375,0.0125,0.0125],"rotation":0,"texture":"#0","tintindex":0},"down":{"uv":[0.0125,0.0125,0.0125,1.7375],"rotation":0,"texture":"#0","tintindex":0}}},{"from":[12.210966,1.9768238,15.689111],"to":[12.210966,11.69111,23.68911],"rotation":{"angle":22.5,"axis":"y","origin":[12.210966,4.8339667,17.974825]},"faces":{"east":{"uv":[3.9875,2.1375,2.2625,4.2375],"rotation":0,"texture":"#0","tintindex":0},"south":{"uv":[0.0125,0.0125,0.0125,2.1125],"rotation":0,"texture":"#0","tintindex":0},"north":{"uv":[0.0125,0.0125,0.0125,2.1125],"rotation":0,"texture":"#0","tintindex":0},"west":{"uv":[2.2625,2.1375,3.9875,4.2375],"rotation":0,"texture":"#0","tintindex":0},"up":{"uv":[0.0125,1.7375,0.0125,0.0125],"rotation":0,"texture":"#0","tintindex":0},"down":{"uv":[0.0125,0.0125,0.0125,1.7375],"rotation":0,"texture":"#0","tintindex":0}}},{"from":[3.9076886,10.716925,15.602335],"to":[11.336261,10.716925,22.459476],"rotation":{"angle":-22.5,"axis":"x","origin":[7.6219745,10.716925,19.030907]},"faces":{"east":{"uv":[0.0125,0.0125,0.0125,1.4875],"rotation":270,"texture":"#0","tintindex":0},"south":{"uv":[1.6125,0.0125,0.0125,0.0125],"rotation":0,"texture":"#0","tintindex":0},"north":{"uv":[1.6125,0.0125,0.0125,0.0125],"rotation":180,"texture":"#0","tintindex":0},"west":{"uv":[0.0125,0.0125,0.0125,1.4875],"rotation":90,"texture":"#0","tintindex":0},"up":{"uv":[5.6375,5.2625,7.2375,6.7375],"rotation":180,"texture":"#0","tintindex":0},"down":{"uv":[7.2375,5.3125,5.6375,6.8125],"rotation":0,"texture":"#0","tintindex":0}}},{"from":[3.9076886,11.025305,24.62264],"to":[11.336261,17.88245,24.62264],"rotation":{"angle":45.0,"axis":"x","origin":[7.6219745,14.4538765,24.62264]},"faces":{"east":{"uv":[0.0125,0.0125,0.0125,1.4875],"rotation":0,"texture":"#0","tintindex":0},"south":{"uv":[7.7375,0.0125,6.1375,1.4875],"rotation":0,"texture":"#0","tintindex":0},"north":{"uv":[6.1375,0.0125,7.7375,1.4875],"rotation":0,"texture":"#0","tintindex":0},"west":{"uv":[0.0125,0.0125,0.0125,1.4875],"rotation":0,"texture":"#0","tintindex":0},"up":{"uv":[1.6125,0.0125,0.0125,0.0125],"rotation":0,"texture":"#0","tintindex":0},"down":{"uv":[1.6125,0.0125,0.0125,0.0125],"rotation":0,"texture":"#0","tintindex":0}}},{"from":[3.3362598,7.6911097,6.7202425],"to":[11.907689,9.976824,14.720243],"rotation":{"angle":0.0,"axis":"y","origin":[7.3362603,-8.308891,8.434528]},"faces":{"east":{"uv":[10.2375,4.5125,8.5125,4.9875],"rotation":0,"texture":"#0","tintindex":0},"south":{"uv":[8.5125,2.7625,10.3625,3.2375],"rotation":0,"texture":"#0","tintindex":0},"north":{"uv":[4.8875,8.2625,6.7375,8.7375],"rotation":0,"texture":"#0","tintindex":0},"west":{"uv":[8.5125,4.5125,10.2375,4.9875],"rotation":0,"texture":"#0","tintindex":0},"up":{"uv":[3.9875,5.9875,2.1375,4.2625],"rotation":0,"texture":"#0","tintindex":0},"down":{"uv":[1.8625,5.2625,0.0125,6.9875],"rotation":0,"texture":"#0","tintindex":0}}},{"from":[4.4791174,9.4053955,14.148814],"to":[10.764832,13.976824,15.8631],"rotation":{"angle":0.0,"axis":"y","origin":[7.3362603,-4.3088903,9.577386]},"faces":{"east":{"uv":[4.2625,11.0125,4.6125,11.9875],"rotation":0,"texture":"#0","tintindex":0},"south":{"uv":[1.3875,8.6375,2.7375,9.6125],"rotation":0,"texture":"#0","tintindex":0},"north":{"uv":[0.0125,8.2625,1.3625,9.2375],"rotation":0,"texture":"#0","tintindex":0},"west":{"uv":[4.6375,11.0125,4.9875,11.9875],"rotation":0,"texture":"#0","tintindex":0},"up":{"uv":[11.9875,9.4875,10.6375,9.1375],"rotation":0,"texture":"#0","tintindex":0},"down":{"uv":[11.9875,9.5125,10.6375,9.8625],"rotation":0,"texture":"#0","tintindex":0}}},{"from":[2.1934028,0.83396673,7.005957],"to":[2.1934028,8.833967,16.720243],"rotation":{"angle":-22.5,"axis":"z","origin":[3.7648315,8.4053955,11.005957]},"faces":{"east":{"uv":[6.1125,0.0125,4.0125,1.7375],"rotation":0,"texture":"#0","tintindex":0},"south":{"uv":[0.0125,0.0125,0.0125,1.7375],"rotation":0,"texture":"#0","tintindex":0},"north":{"uv":[0.0125,0.0125,0.0125,1.7375],"rotation":0,"texture":"#0","tintindex":0},"west":{"uv":[4.0125,0.0125,6.1125,1.7375],"rotation":0,"texture":"#0","tintindex":0},"up":{"uv":[0.0125,2.1125,0.0125,0.0125],"rotation":0,"texture":"#0","tintindex":0},"down":{"uv":[0.0125,0.0125,0.0125,2.1125],"rotation":0,"texture":"#0","tintindex":0}}},{"from":[2.1934028,3.6911097,7.005957],"to":[3.9076886,8.833967,14.434528],"rotation":{"angle":-22.5,"axis":"z","origin":[3.7648315,8.4053955,11.005957]},"faces":{"east":{"uv":[1.5125,7.5125,3.1125,8.6125],"rotation":0,"texture":"#0","tintindex":0},"south":{"uv":[3.8875,10.8875,4.2375,11.9875],"rotation":0,"texture":"#0","tintindex":0},"north":{"uv":[2.7625,8.6375,3.1125,9.7375],"rotation":0,"texture":"#0","tintindex":0},"west":{"uv":[7.7625,0.0125,9.3625,1.1125],"rotation":0,"texture":"#0","tintindex":0},"up":{"uv":[6.2375,12.1125,5.8875,10.5125],"rotation":0,"texture":"#0","tintindex":0},"down":{"uv":[6.6125,10.5125,6.2625,12.1125],"rotation":0,"texture":"#0","tintindex":0}}},{"from":[10.764832,3.6911097,7.005957],"to":[12.479118,8.833967,14.434528],"rotation":{"angle":22.5,"axis":"z","origin":[10.907689,8.4053955,11.005957]},"faces":{"east":{"uv":[9.3625,0.0125,7.7625,1.1125],"rotation":0,"texture":"#0","tintindex":0},"south":{"uv":[4.2375,10.8875,3.8875,11.9875],"rotation":0,"texture":"#0","tintindex":0},"north":{"uv":[3.1125,8.6375,2.7625,9.7375],"rotation":0,"texture":"#0","tintindex":0},"west":{"uv":[3.1125,7.5125,1.5125,8.6125],"rotation":0,"texture":"#0","tintindex":0},"up":{"uv":[5.8875,12.1125,6.2375,10.5125],"rotation":0,"texture":"#0","tintindex":0},"down":{"uv":[6.2625,10.5125,6.6125,12.1125],"rotation":0,"texture":"#0","tintindex":0}}},{"from":[12.479118,0.83396673,7.005957],"to":[12.479118,8.833967,16.720243],"rotation":{"angle":22.5,"axis":"z","origin":[10.907689,8.4053955,11.005957]},"faces":{"east":{"uv":[6.1125,0.0125,4.0125,1.7375],"rotation":0,"texture":"#0","tintindex":0},"south":{"uv":[0.0125,0.0125,0.0125,1.7375],"rotation":0,"texture":"#0","tintindex":0},"north":{"uv":[0.0125,0.0125,0.0125,1.7375],"rotation":0,"texture":"#0","tintindex":0},"west":{"uv":[4.0125,0.0125,6.1125,1.7375],"rotation":0,"texture":"#0","tintindex":0},"up":{"uv":[0.0125,2.1125,0.0125,0.0125],"rotation":0,"texture":"#0","tintindex":0},"down":{"uv":[0.0125,0.0125,0.0125,2.1125],"rotation":0,"texture":"#0","tintindex":0}}},{"from":[4.1934032,0.11968088,5.4345284],"to":[11.050547,5.8339667,7.148814],"rotation":{"angle":22.5,"axis":"x","origin":[7.6219745,4.8339667,10.434528]},"faces":{"east":{"uv":[6.6375,10.5125,6.9875,11.7375],"rotation":0,"texture":"#0","tintindex":0},"south":{"uv":[7.2625,1.5125,8.7375,2.7375],"rotation":0,"texture":"#0","tintindex":0},"north":{"uv":[0.0125,7.0125,1.4875,8.2375],"rotation":0,"texture":"#0","tintindex":0},