{"textures":{"0":"modelengine:entity/chocobo"},"elements":[{"from":[6.0,7.0172153,6.4653006],"to":[10.0,13.30293,10.465301],"rotation":{"angle":-22.5,"axis":"x","origin":[8.0,7.3029294,6.751015]},"faces":{"east":{"uv":[3.95,8.3875,4.825,9.746],"rotation":0,"texture":"#0","tintindex":0},"south":{"uv":[7.8875,6.3875,8.746,7.7625],"rotation":0,"texture":"#0","tintindex":0},"north":{"uv":[3.075,8.3875,3.95,9.746],"rotation":0,"texture":"#0","tintindex":0},"west":{"uv":[7.8875,8.3875,8.746,9.746],"rotation":0,"texture":"#0","tintindex":0},"up":{"uv":[11.2375,3.2375,10.3875,2.3875],"rotation":0,"texture":"#0","tintindex":0},"down":{"uv":[9.4875,10.3875,8.6375,11.2375],"rotation":0,"texture":"#0","tintindex":0}}},{"from":[6.0,13.30293,8.751015],"to":[10.0,16.160072,10.465301],"rotation":{"angle":-22.5,"axis":"x","origin":[8.0,7.3029294,6.751015]},"faces":{"east":{"uv":[4.0125,7.7625,4.3875,8.371],"rotation":0,"texture":"#0","tintindex":0},"south":{"uv":[7.8875,5.7625,8.746,6.3875],"rotation":0,"texture":"#0","tintindex":0},"north":{"uv":[3.1375,7.7625,4.0125,8.371],"rotation":0,"texture":"#0","tintindex":0},"west":{"uv":[8.3875,7.7625,8.746,8.371],"rotation":0,"texture":"#0","tintindex":0},"up":{"uv":[11.2375,3.2375,10.3875,2.3875],"rotation":0,"texture":"#0","tintindex":0},"down":{"uv":[9.4875,10.3875,8.6375,11.2375],"rotation":0,"texture":"#0","tintindex":0}}},{"from":[5.428571,12.585865,1.8615851],"to":[10.571428,17.728722,7.004442],"rotation":{"angle":0.0,"axis":"y","origin":[7.714286,-9.128422,11.004442]},"faces":{"east":{"uv":[1.1125,9.2625,0.0125,10.3625],"rotation":0,"texture":"#0","tintindex":0},"south":{"uv":[4.8875,9.1375,5.9875,10.2375],"rotation":0,"texture":"#0","tintindex":0},"north":{"uv":[6.7625,8.2625,7.8625,9.3625],"rotation":0,"texture":"#0","tintindex":0},"west":{"uv":[0.0125,9.2625,1.1125,10.3625],"rotation":0,"texture":"#0","tintindex":0},"up":{"uv":[9.8625,10.3625,8.7625,9.2625],"rotation":0,"texture":"#0","tintindex":0},"down":{"uv":[10.4875,0.0125,9.3875,1.1125],"rotation":0,"texture":"#0","tintindex":0}}},{"from":[6.5714283,12.585865,-0.4241295],"to":[9.428572,16.585865,1.8615851],"rotation":{"angle":0.0,"axis":"y","origin":[7.714286,-9.128422,11.004442]},"faces":{"east":{"uv":[2.8875,10.8875,3.3625,11.7375],"rotation":0,"texture":"#0","tintindex":0},"south":{"uv":[10.6375,8.2625,11.2375,9.1125],"rotation":0,"texture":"#0","tintindex":0},"north":{"uv":[7.2625,5.7625,7.8625,6.6125],"rotation":0,"texture":"#0","tintindex":0},"west":{"uv":[3.3625,10.8875,2.8875,11.7375],"rotation":0,"texture":"#0","tintindex":0},"up":{"uv":[10.4875,11.6125,9.8875,11.1375],"rotation":0,"texture":"#0","tintindex":0},"down":{"uv":[1.7375,11.2625,1.1375,11.7375],"rotation":0,"texture":"#0","tintindex":0}}},{"from":[4.444528,12.585865,6.808704],"to":[4.444528,17.728722,11.951561],"rotation":{"angle":-22.5,"axis":"y","origin":[4.444528,15.157293,9.380133]},"faces":{"east":{"uv":[2.2375,9.6375,1.1375,10.7375],"rotation":0,"texture":"#0","tintindex":0},"south":{"uv":[0.0125,0.0125,0.0125,1.1125],"rotation":0,"texture":"#0","tintindex":0},"north":{"uv":[0.0125,0.0125,0.0125,1.1125],"rotation":0,"texture":"#0","tintindex":0},"west":{"uv":[1.1375,9.6375,2.2375,10.7375],"rotation":0,"texture":"#0","tintindex":0},"up":{"uv":[0.0125,1.1125,0.0125,0.0125],"rotation":0,"texture":"#0","tintindex":0},"down":{"uv":[0.0125,0.0125,0.0125,1.1125],"rotation":0,"texture":"#0","tintindex":0}}},{"from":[11.511974,12.585865,7.0273805],"to":[11.511974,17.728722,12.170238],"rotation":{"angle":22.5,"axis":"y","origin":[10.984043,15.157293,9.380133]},"faces":{"east":{"uv":[2.2375,9.6375,1.1375,10.7375],"rotation":0,"texture":"#0","tintindex":0},"south":{"uv":[0.0125,0.0125,0.0125,1.1125],"rotation":0,"texture":"#0","tintindex":0},"north":{"uv":[0.0125,0.0125,0.0125,1.1125],"rotation":0,"texture":"#0","tintindex":0},"west":{"uv":[1.1375,9.6375,2.2375,10.7375],"rotation":0,"texture":"#0","tintindex":0},"up":{"uv":[0.0125,1.1125,0.0125,0.0125],"rotation":0,"texture":"#0","tintindex":0},"down":{"uv":[0.0125,0.0125,0.0125,1.1125],"rotation":0,"texture":"#0","tintindex":0}}},{"from":[5.428571,18.712238,6.808923],"to":[10.571428,18.712238,11.95178],"rotation":{"angle":-22.5,"axis":"x","origin":[8.0,18.712238,9.380351]},"faces":{"east":{"uv":[0.0125,0.0125,1.1125,0.0125],"rotation":0,"texture":"#0","tintindex":0},"south":{"uv":[0.0125,0.0125,1.1125,0.0125],"rotation":0,"texture":"#0","tintindex":0},"north":{"uv":[0.0125,0.0125,1.1125,0.0125],"rotation":0,"texture":"#0","tintindex":0},"west":{"uv":[0.0125,0.0125,1.1125,0.0125],"rotation":0,"texture":"#0","tintindex":0},"up":{"uv":[3.3625,10.8625,2.2625,9.7625],"rotation":0,"texture":"#0","tintindex":0},"down":{"uv":[2.2625,9.7625,3.3625,10.8625],"rotation":0,"texture":"#0","tintindex":0}}}],"display":{"head":{"translation":[0.0,-6.4,0.0],"scale":[4.0,4.0,4.0]}}}