{"textures":{"0":"modelengine:entity/chocobo"},"elements":[{"from":[5.714286,2.2857141,6.5714283],"to":[9.142858,9.142858,12.285715],"rotation":{"angle":0.0,"axis":"y","origin":[10.285714,-6.285715,7.142857]},"faces":{"east":{"uv":[7.2625,2.7625,8.4875,4.2375],"rotation":0,"texture":"#0","tintindex":0},"south":{"uv":[9.8875,9.6375,10.6125,11.1125],"rotation":0,"texture":"#0","tintindex":0},"north":{"uv":[9.8875,8.1375,10.6125,9.6125],"rotation":0,"texture":"#0","tintindex":0},"west":{"uv":[7.2625,4.2625,8.4875,5.7375],"rotation":0,"texture":"#0","tintindex":0},"up":{"uv":[10.9875,7.3625,10.2625,6.1375],"rotation":0,"texture":"#0","tintindex":0},"down":{"uv":[0.7375,10.3875,0.0125,11.6125],"rotation":0,"texture":"#0","tintindex":0}}},{"from":[6.285714,0.0,9.428572],"to":[8.571428,2.8571424,12.285715],"rotation":{"angle":-22.5,"axis":"x","origin":[7.428571,1.1428566,9.714286]},"faces":{"east":{"uv":[7.0125,10.8875,7.6125,11.4875],"rotation":0,"texture":"#0","tintindex":0},"south":{"uv":[11.0125,6.1375,11.4875,6.7375],"rotation":0,"texture":"#0","tintindex":0},"north":{"uv":[5.0125,11.0125,5.4875,11.6125],"rotation":0,"texture":"#0","tintindex":0},"west":{"uv":[11.0125,1.6375,11.6125,2.2375],"rotation":0,"texture":"#0","tintindex":0},"up":{"uv":[11.4875,7.3625,11.0125,6.7625],"rotation":0,"texture":"#0","tintindex":0},"down":{"uv":[11.4875,9.8875,11.0125,10.4875],"rotation":0,"texture":"#0","tintindex":0}}}],"display":{"head":{"translation":[0.0,-6.4,0.0],"scale":[4.0,4.0,4.0]}}}