{"textures":{"0":"modelengine:entity/chocobo"},"elements":[{"from":[8.285714,7.0728626,3.4041104],"to":[9.428572,8.21572,6.2612534],"rotation":{"angle":0.0,"axis":"y","origin":[8.857143,7.928808,3.5451756]},"faces":{"east":{"uv":[8.7625,2.1375,9.3625,2.3625],"rotation":0,"texture":"#0","tintindex":0},"south":{"uv":[11.0125,11.5125,11.2375,11.7375],"rotation":0,"texture":"#0","tintindex":0},"north":{"uv":[11.5125,7.0125,11.7375,7.2375],"rotation":0,"texture":"#0","tintindex":0},"west":{"uv":[6.0125,9.1375,6.6125,9.3625],"rotation":0,"texture":"#0","tintindex":0},"up":{"uv":[8.8625,11.8625,8.6375,11.2625],"rotation":0,"texture":"#0","tintindex":0},"down":{"uv":[9.1125,11.2625,8.8875,11.8625],"rotation":0,"texture":"#0","tintindex":0}}},{"from":[8.44033,8.069528,-0.6095228],"to":[9.011759,9.212385,1.1047626],"rotation":{"angle":45.0,"axis":"x","origin":[7.142857,8.650678,1.201807]},"faces":{"east":{"uv":[2.8125,0.2625,3.1875,0.4875],"rotation":0,"texture":"#0","tintindex":0},"south":{"uv":[3.0625,0.0125,3.1875,0.2375],"rotation":0,"texture":"#0","tintindex":0},"north":{"uv":[2.8125,0.0125,2.9375,0.2375],"rotation":0,"texture":"#0","tintindex":0},"west":{"uv":[2.8125,0.5125,3.1875,0.7375],"rotation":0,"texture":"#0","tintindex":0},"up":{"uv":[2.6875,0.3625,2.5625,0.0125],"rotation":0,"texture":"#0","tintindex":0},"down":{"uv":[2.8125,0.0125,2.6875,0.3625],"rotation":0,"texture":"#0","tintindex":0}}},{"from":[8.285714,7.127532,0.53250885],"to":[9.428572,8.270389,3.9610806],"rotation":{"angle":22.5,"axis":"x","origin":[8.857143,7.928808,3.5451756]},"faces":{"east":{"uv":[6.1375,1.5125,6.8625,1.7375],"rotation":0,"texture":"#0","tintindex":0},"south":{"uv":[11.5125,11.5125,11.7375,11.7375],"rotation":0,"texture":"#0","tintindex":0},"north":{"uv":[11.2625,11.5125,11.4875,11.7375],"rotation":0,"texture":"#0","tintindex":0},"west":{"uv":[7.7625,1.1375,8.4875,1.3625],"rotation":0,"texture":"#0","tintindex":0},"up":{"uv":[2.1125,5.9875,1.8875,5.2625],"rotation":0,"texture":"#0","tintindex":0},"down":{"uv":[8.6125,11.2625,8.3875,11.9875],"rotation":0,"texture":"#0","tintindex":0}}},{"from":[6.5714283,6.0999913,1.0151587],"to":[7.714286,7.2428484,3.3008733],"rotation":{"angle":22.5,"axis":"x","origin":[6.857143,7.191878,5.512255]},"faces":{"east":{"uv":[3.5125,6.0125,3.9875,6.2375],"rotation":0,"texture":"#0","tintindex":0},"south":{"uv":[0.2625,11.6375,0.4875,11.8625],"rotation":0,"texture":"#0","tintindex":0},"north":{"uv":[0.0125,11.6375,0.2375,11.8625],"rotation":0,"texture":"#0","tintindex":0},"west":{"uv":[11.2625,8.7625,11.7375,8.9875],"rotation":0,"texture":"#0","tintindex":0},"up":{"uv":[5.1125,8.2375,4.8875,7.7625],"rotation":0,"texture":"#0","tintindex":0},"down":{"uv":[11.7375,6.0125,11.5125,6.4875],"rotation":0,"texture":"#0","tintindex":0}}},{"from":[6.8498745,8.376971,-0.3801794],"to":[7.421303,9.519828,1.3341069],"rotation":{"angle":45.0,"axis":"x","origin":[7.142857,8.650678,0.63037825]},"faces":{"east":{"uv":[2.8125,0.2625,3.1875,0.4875],"rotation":0,"texture":"#0","tintindex":0},"south":{"uv":[3.0625,0.0125,3.1875,0.2375],"rotation":0,"texture":"#0","tintindex":0},"north":{"uv":[2.8125,0.0125,2.9375,0.2375],"rotation":0,"texture":"#0","tintindex":0},"west":{"uv":[2.8125,0.5125,3.1875,0.7375],"rotation":0,"texture":"#0","tintindex":0},"up":{"uv":[2.6875,0.3625,2.5625,0.0125],"rotation":0,"texture":"#0","tintindex":0},"down":{"uv":[2.8125,0.0125,2.6875,0.3625],"rotation":0,"texture":"#0","tintindex":0}}},{"from":[7.4094925,8.721658,9.084995],"to":[7.9809213,9.864515,10.799281],"rotation":{"angle":45.0,"axis":"x","origin":[7.142857,8.650678,0.63037825]},"faces":{"east":{"uv":[2.8125,0.2625,3.1875,0.4875],"rotation":0,"texture":"#0","tintindex":0},"south":{"uv":[3.0625,0.0125,3.1875,0.2375],"rotation":0,"texture":"#0","tintindex":0},"north":{"uv":[2.8125,0.0125,3.0625,0.2375],"rotation":0,"texture":"#0","tintindex":0},"west":{"uv":[2.8125,0.5125,3.1875,0.7375],"rotation":0,"texture":"#0","tintindex":0},"up":{"uv":[2.6875,0.3625,2.5625,0.0125],"rotation":0,"texture":"#0","tintindex":0},"down":{"uv":[2.8125,0.0125,2.6875,0.3625],"rotation":0,"texture":"#0","tintindex":0}}},{"from":[6.5714283,7.0728626,2.8326817],"to":[7.714286,8.21572,5.689824],"rotation":{"angle":0.0,"axis":"y","origin":[6.857143,7.191878,5.512255]},"faces":{"east":{"uv":[9.3875,2.1375,9.9875,2.3625],"rotation":0,"texture":"#0","tintindex":0},"south":{"uv":[11.6375,1.6375,11.8625,1.8625],"rotation":0,"texture":"#0","tintindex":0},"north":{"uv":[0.5125,11.6375,0.7375,11.8625],"rotation":0,"texture":"#0","tintindex":0},"west":{"uv":[11.1375,4.6375,11.7375,4.8625],"rotation":0,"texture":"#0","tintindex":0},"up":{"uv":[9.3625,11.8625,9.1375,11.2625],"rotation":0,"texture":"#0","tintindex":0},"down":{"uv":[2.2375,11.3875,2.0125,11.9875],"rotation":0,"texture":"#0","tintindex":0}}},{"from":[7.142857,2.5322733,6.662696],"to":[8.285714,5.389416,7.805553],"rotation":{"angle":-22.5,"axis":"x","origin":[7.428571,2.7098432,6.781711]},"faces":{"east":{"uv":[2.5125,11.3875,2.7375,11.9875],"rotation":0,"texture":"#0","tintindex":0},"south":{"uv":[11.5125,2.2625,11.7375,2.8625],"rotation":0,"texture":"#0","tintindex":0},"north":{"uv":[2.2625,11.3875,2.4875,11.9875],"rotation":0,"texture":"#0","tintindex":0},"west":{"uv":[11.5125,5.3875,11.7375,5.9875],"rotation":0,"texture":"#0","tintindex":0},"up":{"uv":[11.8625,2.1125,11.6375,1.8875],"rotation":0,"texture":"#0","tintindex":0},"down":{"uv":[5.2375,11.6375,5.0125,11.8625],"rotation":0,"texture":"#0","tintindex":0}}},{"from":[7.142857,4.890385,4.7169533],"to":[8.285714,7.1761,5.85981],"rotation":{"angle":22.5,"axis":"x","origin":[7.428571,2.6790032,5.80884]},"faces":{"east":{"uv":[7.0125,11.5125,7.2375,11.9875],"rotation":0,"texture":"#0","tintindex":0},"south":{"uv":[7.2625,11.5125,7.4875,11.9875],"rotation":0,"texture":"#0","tintindex":0},"north":{"uv":[11.5125,6.5125,11.7375,6.9875],"rotation":0,"texture":"#0","tintindex":0},"west":{"uv":[11.5125,9.8875,11.7375,10.3625],"rotation":0,"texture":"#0","tintindex":0},"up":{"uv":[5.4875,11.8625,5.2625,11.6375],"rotation":0,"texture":"#0","tintindex":0},"down":{"uv":[10.1125,11.6375,9.8875,11.8625],"rotation":0,"texture":"#0","tintindex":0}}},{"from":[6.8572254,5.925441,5.6846747],"to":[9.1429405,8.211155,7.9703894],"rotation":{"angle":0.0,"axis":"y","origin":[6.857143,3.718624,5.638854]},"faces":{"east":{"uv":[5.1375,6.2625,5.6125,6.7375],"rotation":0,"texture":"#0","tintindex":0},"south":{"uv":[11.0125,11.0125,11.4875,11.4875],"rotation":0,"texture":"#0","tintindex":0},"north":{"uv":[11.0125,10.5125,11.4875,10.9875],"rotation":0,"texture":"#0","tintindex":0},"west":{"uv":[11.2625,8.2625,11.7375,8.7375],"rotation":0,"texture":"#0","tintindex":0},"up":{"uv":[11.7375,4.1125,11.1375,3.6375],"rotation":0,"texture":"#0","tintindex":0},"down":{"uv":[11.6125,4.1375,11.1375,4.6125],"rotation":0,"texture":"#0","tintindex":0}}}],"display":{"head":{"translation":[0.0,-6.4,0.0],"scale":[4.0,4.0,4.0]}}}