{"textures":{"0":"modelengine:entity/chocobo"},"elements":[{"from":[6.857143,2.2857141,6.5714283],"to":[10.285714,9.142858,12.285715],"rotation":{"angle":0.0,"axis":"y","origin":[5.714286,-6.285715,7.142857]},"faces":{"east":{"uv":[8.4875,4.2625,7.2625,5.7375],"rotation":0,"texture":"#0","tintindex":0},"south":{"uv":[10.6125,9.6375,9.8875,11.1125],"rotation":0,"texture":"#0","tintindex":0},"north":{"uv":[10.6125,8.1375,9.8875,9.6125],"rotation":0,"texture":"#0","tintindex":0},"west":{"uv":[8.4875,2.7625,7.2625,4.2375],"rotation":0,"texture":"#0","tintindex":0},"up":{"uv":[10.2625,7.3625,10.9875,6.1375],"rotation":0,"texture":"#0","tintindex":0},"down":{"uv":[0.0125,10.3875,0.7375,11.6125],"rotation":0,"texture":"#0","tintindex":0}}},{"from":[7.428571,0.0,9.428572],"to":[9.714286,2.8571424,12.285715],"rotation":{"angle":-22.5,"axis":"x","origin":[8.571428,1.1428566,9.714286]},"faces":{"east":{"uv":[11.6125,1.6375,11.0125,2.2375],"rotation":0,"texture":"#0","tintindex":0},"south":{"uv":[11.4875,6.1375,11.0125,6.7375],"rotation":0,"texture":"#0","tintindex":0},"north":{"uv":[5.4875,11.0125,5.0125,11.6125],"rotation":0,"texture":"#0","tintindex":0},"west":{"uv":[7.6125,10.8875,7.0125,11.4875],"rotation":0,"texture":"#0","tintindex":0},"up":{"uv":[11.0125,7.3625,11.4875,6.7625],"rotation":0,"texture":"#0","tintindex":0},"down":{"uv":[11.0125,9.8875,11.4875,10.4875],"rotation":0,"texture":"#0","tintindex":0}}}],"display":{"head":{"translation":[0.0,-6.4,0.0],"scale":[4.0,4.0,4.0]}}}