{"textures":{"0":"modelengine:entity/chocobo"},"elements":[{"from":[7.142857,6.285714,-0.2857151],"to":[8.857143,8.0,7.714286],"rotation":{"angle":-45.0,"axis":"x","origin":[8.0,8.0,6.857143]},"faces":{"east":{"uv":[12.2375,0.0125,10.5125,0.3625],"rotation":0,"texture":"#0","tintindex":0},"south":{"uv":[4.8625,9.7625,4.5125,10.1125],"rotation":0,"texture":"#0","tintindex":0},"north":{"uv":[1.8625,7.0125,1.5125,7.3625],"rotation":0,"texture":"#0","tintindex":0},"west":{"uv":[12.1125,3.2625,10.3875,3.6125],"rotation":0,"texture":"#0","tintindex":0},"up":{"uv":[0.7625,12.1125,1.1125,10.3875],"rotation":0,"texture":"#0","tintindex":0},"down":{"uv":[9.5125,10.3875,9.8625,12.1125],"rotation":0,"texture":"#0","tintindex":0}}}],"display":{"head":{"translation":[0.0,-6.4,0.0],"scale":[4.0,4.0,4.0]}}}