{"textures":{"0":"modelengine:entity/darknut"},"elements":[{"from":[7.428571,8.562749,5.615057],"to":[10.857143,9.134177,10.186485],"rotation":{"angle":0.0,"axis":"y","origin":[5.142857,-4.5714293,8.0]},"faces":{"east":{"uv":[12.5,4.875,13.5,5.0],"rotation":0,"texture":"#0","tintindex":0},"south":{"uv":[15.25,4.875,16.0,5.0],"rotation":0,"texture":"#0","tintindex":0},"north":{"uv":[13.5,4.875,14.25,5.0],"rotation":0,"texture":"#0","tintindex":0},"west":{"uv":[14.25,4.875,15.25,5.0],"rotation":0,"texture":"#0","tintindex":0},"up":{"uv":[14.25,4.875,13.5,3.875],"rotation":0,"texture":"#0","tintindex":0},"down":{"uv":[15.0,3.875,14.25,4.875],"rotation":0,"texture":"#0","tintindex":0}}},{"from":[7.428571,8.562749,6.186486],"to":[10.285714,10.848463,9.615057],"rotation":{"angle":0.0,"axis":"y","origin":[5.142857,-4.5714293,8.0]},"faces":{"east":{"uv":[13.25,3.375,14.0,3.875],"rotation":0,"texture":"#0","tintindex":0},"south":{"uv":[15.375,3.375,16.0,3.875],"rotation":0,"texture":"#0","tintindex":0},"north":{"uv":[14.0,3.375,14.625,3.875],"rotation":0,"texture":"#0","tintindex":0},"west":{"uv":[14.625,3.375,15.375,3.875],"rotation":0,"texture":"#0","tintindex":0},"up":{"uv":[14.625,3.375,14.0,2.625],"rotation":0,"texture":"#0","tintindex":0},"down":{"uv":[15.25,2.625,14.625,3.375],"rotation":0,"texture":"#0","tintindex":0}}},{"from":[7.428571,9.125497,5.6150856],"to":[8.0,11.411212,10.186514],"rotation":{"angle":0.0,"axis":"y","origin":[5.142857,-4.5714293,8.0]},"faces":{"east":{"uv":[13.75,2.125,14.75,2.625],"rotation":0,"texture":"#0","tintindex":0},"south":{"uv":[15.875,2.125,16.0,2.625],"rotation":0,"texture":"#0","tintindex":0},"north":{"uv":[14.75,2.125,14.875,2.625],"rotation":0,"texture":"#0","tintindex":0},"west":{"uv":[14.875,2.125,15.875,2.625],"rotation":0,"texture":"#0","tintindex":0},"up":{"uv":[14.875,2.125,14.75,1.125],"rotation":0,"texture":"#0","tintindex":0},"down":{"uv":[15.0,1.125,14.875,2.125],"rotation":0,"texture":"#0","tintindex":0}}},{"from":[8.571428,8.562749,6.186486],"to":[11.428572,9.7056055,9.615057],"rotation":{"angle":0.0,"axis":"y","origin":[5.142857,-4.5714293,8.0]},"faces":{"east":{"uv":[13.25,0.75,14.0,1.0],"rotation":0,"texture":"#0","tintindex":0},"south":{"uv":[15.375,0.75,16.0,1.0],"rotation":0,"texture":"#0","tintindex":0},"north":{"uv":[14.0,0.75,14.625,1.0],"rotation":0,"texture":"#0","tintindex":0},"west":{"uv":[14.625,0.75,15.375,1.0],"rotation":0,"texture":"#0","tintindex":0},"up":{"uv":[14.625,0.75,14.0,0.0],"rotation":0,"texture":"#0","tintindex":0},"down":{"uv":[15.25,0.0,14.625,0.75],"rotation":0,"texture":"#0","tintindex":0}}},{"from":[10.857143,9.125497,6.7579427],"to":[11.428572,10.268354,9.043657],"rotation":{"angle":0.0,"axis":"y","origin":[5.142857,-4.5714293,8.0]},"faces":{"east":{"uv":[9.25,3.5,9.75,3.75],"rotation":0,"texture":"#0","tintindex":0},"south":{"uv":[10.375,3.5,10.5,3.75],"rotation":0,"texture":"#0","tintindex":0},"north":{"uv":[9.75,3.5,9.875,3.75],"rotation":0,"texture":"#0","tintindex":0},"west":{"uv":[9.875,3.5,10.375,3.75],"rotation":0,"texture":"#0","tintindex":0},"up":{"uv":[9.875,3.5,9.75,3.0],"rotation":0,"texture":"#0","tintindex":0},"down":{"uv":[10.0,3.0,9.875,3.5],"rotation":0,"texture":"#0","tintindex":0}}}],"display":{"head":{"translation":[0.0,-6.4,0.0],"scale":[4.0,4.0,4.0]}}}