{"textures":{"0":"modelengine:entity/darknut"},"elements":[{"from":[7.7714286,5.7418,7.705823],"to":[8.342857,10.038097,8.277251],"rotation":{"angle":0.0,"axis":"y","origin":[4.4656057,-0.93756676,8.677252]},"faces":{"east":{"uv":[11.75,12.0,11.875,12.875],"rotation":0,"texture":"#0","tintindex":0},"south":{"uv":[12.125,12.0,12.25,12.875],"rotation":0,"texture":"#0","tintindex":0},"north":{"uv":[11.875,12.0,12.0,12.875],"rotation":0,"texture":"#0","tintindex":0},"west":{"uv":[12.0,12.0,12.125,12.875],"rotation":0,"texture":"#0","tintindex":0},"up":{"uv":[12.0,12.0,11.875,11.875],"rotation":0,"texture":"#0","tintindex":0},"down":{"uv":[12.125,11.875,12.0,12.0],"rotation":0,"texture":"#0","tintindex":0}}},{"from":[7.4328,9.466669,6.012703],"to":[8.68148,10.038097,9.970377],"rotation":{"angle":0.0,"axis":"y","origin":[4.4656057,-0.93756676,8.677252]},"faces":{"east":{"uv":[7.375,12.875,8.125,13.0],"rotation":0,"texture":"#0","tintindex":0},"south":{"uv":[9.125,12.875,9.375,13.0],"rotation":0,"texture":"#0","tintindex":0},"north":{"uv":[8.125,12.875,8.375,13.0],"rotation":0,"texture":"#0","tintindex":0},"west":{"uv":[8.375,12.875,9.125,13.0],"rotation":0,"texture":"#0","tintindex":0},"up":{"uv":[8.375,12.875,8.125,12.125],"rotation":0,"texture":"#0","tintindex":0},"down":{"uv":[8.625,12.125,8.375,12.875],"rotation":0,"texture":"#0","tintindex":0}}},{"from":[7.7714286,18.052813,5.674074],"to":[8.342857,18.64835,9.970371],"rotation":{"angle":0.0,"axis":"y","origin":[4.4656057,-0.93756676,8.677252]},"faces":{"east":{"uv":[9.0,14.5,9.875,14.625],"rotation":0,"texture":"#0","tintindex":0},"south":{"uv":[10.875,14.5,11.0,14.625],"rotation":0,"texture":"#0","tintindex":0},"north":{"uv":[9.875,14.5,10.0,14.625],"rotation":0,"texture":"#0","tintindex":0},"west":{"uv":[10.0,14.5,10.875,14.625],"rotation":0,"texture":"#0","tintindex":0},"up":{"uv":[10.0,14.5,9.875,13.625],"rotation":0,"texture":"#0","tintindex":0},"down":{"uv":[10.125,13.625,10.0,14.5],"rotation":0,"texture":"#0","tintindex":0}}},{"from":[7.7714286,18.63251,6.51852],"to":[8.342857,18.986973,9.798943],"rotation":{"angle":0.0,"axis":"y","origin":[4.4656057,-0.93756676,8.677252]},"faces":{"east":{"uv":[9.125,10.5,9.875,10.625],"rotation":0,"texture":"#0","tintindex":0},"south":{"uv":[10.625,10.375,10.75,10.5],"rotation":0,"texture":"#0","tintindex":0},"north":{"uv":[9.875,10.625,10.0,10.75],"rotation":0,"texture":"#0","tintindex":0},"west":{"uv":[10.0,10.5,10.717592,10.5775385],"rotation":0,"texture":"#0","tintindex":0},"up":{"uv":[10.0,10.5,9.875,9.75],"rotation":0,"texture":"#0","tintindex":0},"down":{"uv":[10.125,9.75,10.0,10.5],"rotation":0,"texture":"#0","tintindex":0}}},{"from":[7.7714286,10.03856,6.6899486],"to":[8.342857,18.059727,9.293126],"rotation":{"angle":0.0,"axis":"y","origin":[4.4656057,-0.93756676,8.677252]},"faces":{"east":{"uv":[9.375,11.625,9.875,13.375],"rotation":0,"texture":"#0","tintindex":0},"south":{"uv":[10.5,11.625,10.625,13.375],"rotation":0,"texture":"#0","tintindex":0},"north":{"uv":[9.875,11.625,10.0,13.375],"rotation":0,"texture":"#0","tintindex":0},"west":{"uv":[10.0,11.625,10.5,13.375],"rotation":0,"texture":"#0","tintindex":0},"up":{"uv":[10.0,11.625,9.875,11.125],"rotation":0,"texture":"#0","tintindex":0},"down":{"uv":[10.125,11.125,10.0,11.625],"rotation":0,"texture":"#0","tintindex":0}}}],"display":{"head":{"translation":[0.0,-6.4,0.0],"scale":[4.0,4.0,4.0]}}}