{"textures":{"1":"modelengine:entity/wizpiglin_2"},"elements":[{"from":[6.5714283,5.142857,4.5714283],"to":[9.428572,8.0,8.0],"rotation":{"angle":0.0,"axis":"y","origin":[6.857143,7.714286,4.0]},"faces":{"east":{"uv":[0.025,12.025,1.475,13.225],"rotation":0,"texture":"#1","tintindex":0},"south":{"uv":[4.525,13.025,5.725,14.225],"rotation":0,"texture":"#1","tintindex":0},"north":{"uv":[13.025,3.525,14.225,4.725],"rotation":0,"texture":"#1","tintindex":0},"west":{"uv":[6.025,12.025,7.475,13.225],"rotation":0,"texture":"#1","tintindex":0},"up":{"uv":[8.725,13.475,7.525,12.025],"rotation":0,"texture":"#1","tintindex":0},"down":{"uv":[9.975,12.025,8.775,13.475],"rotation":0,"texture":"#1","tintindex":0}}},{"from":[6.8165326,4.8571424,3.4285712],"to":[9.183468,6.5714283,3.4285712],"rotation":{"angle":0.0,"axis":"y","origin":[8.0,7.714286,6.285714]},"faces":{"east":{"uv":[0.025,0.025,0.025,0.725],"rotation":0,"texture":"#1","tintindex":0},"south":{"uv":[5.525,14.525,6.475,15.225],"rotation":0,"texture":"#1","tintindex":0},"north":{"uv":[5.525,14.525,6.475,15.225],"rotation":0,"texture":"#1","tintindex":0},"west":{"uv":[0.025,0.025,0.025,0.725],"rotation":0,"texture":"#1","tintindex":0},"up":{"uv":[0.975,0.025,0.025,0.025],"rotation":0,"texture":"#1","tintindex":0},"down":{"uv":[0.975,0.025,0.025,0.025],"rotation":0,"texture":"#1","tintindex":0}}},{"from":[6.8165326,4.8571424,3.4285712],"to":[9.183468,6.5714283,3.4285712],"rotation":{"angle":-45.0,"axis":"y","origin":[8.0,7.714286,6.285714]},"faces":{"east":{"uv":[0.025,0.025,0.025,0.725],"rotation":0,"texture":"#1","tintindex":0},"south":{"uv":[5.525,14.525,6.475,15.225],"rotation":0,"texture":"#1","tintindex":0},"north":{"uv":[5.525,14.525,6.475,15.225],"rotation":0,"texture":"#1","tintindex":0},"west":{"uv":[0.025,0.025,0.025,0.725],"rotation":0,"texture":"#1","tintindex":0},"up":{"uv":[0.975,0.025,0.025,0.025],"rotation":0,"texture":"#1","tintindex":0},"down":{"uv":[0.975,0.025,0.025,0.025],"rotation":0,"texture":"#1","tintindex":0}}},{"from":[6.8165326,4.8571424,3.4285712],"to":[9.183468,6.5714283,3.4285712],"rotation":{"angle":45.0,"axis":"y","origin":[8.0,7.714286,6.285714]},"faces":{"east":{"uv":[0.025,0.025,0.025,0.725],"rotation":0,"texture":"#1","tintindex":0},"south":{"uv":[5.525,14.525,6.475,15.225],"rotation":0,"texture":"#1","tintindex":0},"north":{"uv":[5.525,14.525,6.475,15.225],"rotation":0,"texture":"#1","tintindex":0},"west":{"uv":[0.025,0.025,0.025,0.725],"rotation":0,"texture":"#1","tintindex":0},"up":{"uv":[0.975,0.025,0.025,0.025],"rotation":0,"texture":"#1","tintindex":0},"down":{"uv":[0.975,0.025,0.025,0.025],"rotation":0,"texture":"#1","tintindex":0}}},{"from":[8.497893,4.8571424,8.69115],"to":[10.864828,6.5714283,8.69115],"rotation":{"angle":-45.0,"axis":"y","origin":[8.296112,7.4837036,4.0305643]},"faces":{"east":{"uv":[0.025,0.025,0.025,0.725],"rotation":0,"texture":"#1","tintindex":0},"south":{"uv":[6.475,14.525,5.525,15.225],"rotation":0,"texture":"#1","tintindex":0},"north":{"uv":[6.475,14.525,5.525,15.225],"rotation":0,"texture":"#1","tintindex":0},"west":{"uv":[0.025,0.025,0.025,0.725],"rotation":0,"texture":"#1","tintindex":0},"up":{"uv":[0.975,0.025,0.025,0.025],"rotation":0,"texture":"#1","tintindex":0},"down":{"uv":[0.975,0.025,0.025,0.025],"rotation":0,"texture":"#1","tintindex":0}}},{"from":[6.8169365,4.8571424,9.142453],"to":[9.183871,6.5714283,9.142453],"rotation":{"angle":0.0,"axis":"y","origin":[8.296112,7.4837036,4.0305643]},"faces":{"east":{"uv":[0.025,0.025,0.025,0.725],"rotation":0,"texture":"#1","tintindex":0},"south":{"uv":[6.475,14.525,5.525,15.225],"rotation":0,"texture":"#1","tintindex":0},"north":{"uv":[6.475,14.525,5.525,15.225],"rotation":0,"texture":"#1","tintindex":0},"west":{"uv":[0.025,0.025,0.025,0.725],"rotation":0,"texture":"#1","tintindex":0},"up":{"uv":[0.975,0.025,0.025,0.025],"rotation":0,"texture":"#1","tintindex":0},"down":{"uv":[0.975,0.025,0.025,0.025],"rotation":0,"texture":"#1","tintindex":0}}},{"from":[5.1428576,4.8571424,5.1022468],"to":[5.1428576,6.5714283,7.4691815],"rotation":{"angle":0.0,"axis":"y","origin":[10.254746,7.4837036,6.581422]},"faces":{"east":{"uv":[6.475,14.525,5.525,15.225],"rotation":0,"texture":"#1","tintindex":0},"south":{"uv":[0.025,0.025,0.025,0.725],"rotation":0,"texture":"#1","tintindex":0},"north":{"uv":[0.025,0.025,0.025,0.725],"rotation":0,"texture":"#1","tintindex":0},"west":{"uv":[6.475,14.525,5.525,15.225],"rotation":0,"texture":"#1","tintindex":0},"up":{"uv":[0.975,0.025,0.025,0.025],"rotation":90,"texture":"#1","tintindex":0},"down":{"uv":[0.975,0.025,0.025,0.025],"rotation":270,"texture":"#1","tintindex":0}}},{"from":[10.857548,4.8571424,5.101843],"to":[10.857548,6.5714283,7.4687777],"rotation":{"angle":0.0,"axis":"y","origin":[15.969437,7.4837036,6.581018]},"faces":{"east":{"uv":[6.475,14.525,5.525,15.225],"rotation":0,"texture":"#1","tintindex":0},"south":{"uv":[0.025,0.025,0.025,0.725],"rotation":0,"texture":"#1","tintindex":0},"north":{"uv":[0.025,0.025,0.025,0.725],"rotation":0,"texture":"#1","tintindex":0},"west":{"uv":[6.475,14.525,5.525,15.225],"rotation":0,"texture":"#1","tintindex":0},"up":{"uv":[0.975,0.025,0.025,0.025],"rotation":90,"texture":"#1","tintindex":0},"down":{"uv":[0.975,0.025,0.025,0.025],"rotation":270,"texture":"#1","tintindex":0}}},{"from":[5.3092012,4.8571424,8.272957],"to":[7.676136,6.5714283,8.272957],"rotation":{"angle":45.0,"axis":"y","origin":[8.296112,7.4837036,4.0305643]},"faces":{"east":{"uv":[0.025,0.025,0.025,0.725],"rotation":0,"texture":"#1","tintindex":0},"south":{"uv":[6.475,14.525,5.525,15.225],"rotation":0,"texture":"#1","tintindex":0},"north":{"uv":[6.475,14.525,5.525,15.225],"rotation":0,"texture":"#1","tintindex":0},"west":{"uv":[0.025,0.025,0.025,0.725],"rotation":0,"texture":"#1","tintindex":0},"up":{"uv":[0.975,0.025,0.025,0.025],"rotation":0,"texture":"#1","tintindex":0},"down":{"uv":[0.975,0.025,0.025,0.025],"rotation":0,"texture":"#1","tintindex":0}}},{"from":[6.5714283,2.8571424,4.5714283],"to":[8.857143,5.142857,7.428571],"rotation":{"angle":0.0,"axis":"y","origin":[6.857143,4.8571424,4.0]},"faces":{"east":{"uv":[13.275,2.525,14.475,3.475],"rotation":0,"texture":"#1","tintindex":0},"south":{"uv":[10.025,14.025,10.975,14.975],"rotation":0,"texture":"#1","tintindex":0},"north":{"uv":[14.025,4.775,14.975,5.725],"rotation":0,"texture":"#1","tintindex":0},"west":{"uv":[6.775,13.525,7.975,14.475],"rotation":0,"texture":"#1","tintindex":0},"up":{"uv":[8.975,14.725,8.025,13.525],"rotation":0,"texture":"#1","tintindex":0},"down":{"uv":[9.975,13.525,9.025,14.725],"rotation":0,"texture":"#1","tintindex":0}}}],"display":{"head":{"translation":[0.0,-6.4,0.0],"scale":[4.0,4.0,4.0]}}}