{"textures":{"1":"modelengine:entity/wizpiglin_2"},"elements":[{"from":[8.372107,6.129295,6.5714283],"to":[10.657821,8.4150095,9.428572],"rotation":{"angle":22.5,"axis":"z","origin":[9.229249,7.272152,8.0]},"faces":{"east":{"uv":[13.525,12.025,14.725,12.975],"rotation":0,"texture":"#1","tintindex":0},"south":{"uv":[13.275,14.025,14.225,14.975],"rotation":0,"texture":"#1","tintindex":0},"north":{"uv":[12.275,14.025,13.225,14.975],"rotation":0,"texture":"#1","tintindex":0},"west":{"uv":[13.525,13.025,14.725,13.975],"rotation":0,"texture":"#1","tintindex":0},"up":{"uv":[3.225,14.975,2.275,13.775],"rotation":0,"texture":"#1","tintindex":0},"down":{"uv":[4.225,13.775,3.275,14.975],"rotation":0,"texture":"#1","tintindex":0}}},{"from":[9.714286,7.428571,6.285714],"to":[10.857143,8.571428,8.571428],"rotation":{"angle":0.0,"axis":"y","origin":[8.285714,10.571428,6.285714]},"faces":{"east":{"uv":[11.275,7.025,12.225,7.475],"rotation":0,"texture":"#1","tintindex":0},"south":{"uv":[11.775,14.525,12.225,14.975],"rotation":0,"texture":"#1","tintindex":0},"north":{"uv":[14.025,5.775,14.475,6.225],"rotation":0,"texture":"#1","tintindex":0},"west":{"uv":[14.275,4.275,15.225,4.725],"rotation":0,"texture":"#1","tintindex":0},"up":{"uv":[1.475,15.225,1.025,14.275],"rotation":0,"texture":"#1","tintindex":0},"down":{"uv":[11.475,14.525,11.025,15.475],"rotation":0,"texture":"#1","tintindex":0}}}],"display":{"head":{"translation":[0.0,-6.4,0.0],"scale":[4.0,4.0,4.0]}}}