{"textures":{"0":"modelengine:entity/boneshadingfireravager"},"elements":[{"from":[3.4285712,3.4285712,8.0],"to":[12.571428,21.714287,8.0],"rotation":{"angle":0.0,"axis":"y","origin":[9.142858,3.4285712,3.4285712]},"faces":{"east":{"uv":[0.032,0.032,0.032,15.968],"rotation":0,"texture":"#0","tintindex":0},"south":{"uv":[7.968,0.032,0.032,15.968],"rotation":0,"texture":"#0","tintindex":0},"north":{"uv":[0.032,0.032,7.968,15.968],"rotation":0,"texture":"#0","tintindex":0},"west":{"uv":[0.032,0.032,0.032,15.968],"rotation":0,"texture":"#0","tintindex":0},"up":{"uv":[0.032,0.032,15.968,0.032],"rotation":0,"texture":"#0","tintindex":0},"down":{"uv":[0.032,0.032,15.968,0.032],"rotation":0,"texture":"#0","tintindex":0}}},{"from":[8.0,3.4285712,3.4285712],"to":[8.0,21.714287,12.571428],"rotation":{"angle":0.0,"axis":"y","origin":[8.0,12.571428,8.0]},"faces":{"east":{"uv":[0.032,0.032,7.968,15.968],"rotation":0,"texture":"#0","tintindex":0},"south":{"uv":[0.032,0.032,0.032,15.968],"rotation":0,"texture":"#0","tintindex":0},"north":{"uv":[0.032,0.032,0.032,15.968],"rotation":0,"texture":"#0","tintindex":0},"west":{"uv":[7.968,0.032,0.032,15.968],"rotation":0,"texture":"#0","tintindex":0},"up":{"uv":[0.032,0.032,15.968,0.032],"rotation":90,"texture":"#0","tintindex":0},"down":{"uv":[0.032,0.032,15.968,0.032],"rotation":270,"texture":"#0","tintindex":0}}}],"display":{"head":{"translation":[0.0,-6.4,0.0],"scale":[4.0,4.0,4.0]}}}