{"textures":{"0":"modelengine:entity/magnussword"},"elements":[{"from":[7.898818,7.1656632,11.286508],"to":[9.098818,8.765663,18.886509],"rotation":{"angle":0.0,"axis":"y","origin":[2.6988182,6.3656635,14.486507]},"faces":{"east":{"uv":[7.25,2.875,9.625,3.375],"rotation":0,"texture":"#0","tintindex":0},"south":{"uv":[7.125,10.375,7.5,10.875],"rotation":0,"texture":"#0","tintindex":0},"north":{"uv":[2.125,10.375,2.5,10.875],"rotation":0,"texture":"#0","tintindex":0},"west":{"uv":[7.25,3.375,9.625,3.875],"rotation":0,"texture":"#0","tintindex":0},"up":{"uv":[5.375,9.625,5.0,7.25],"rotation":0,"texture":"#0","tintindex":0},"down":{"uv":[3.25,8.125,2.875,10.5],"rotation":0,"texture":"#0","tintindex":0}}},{"from":[7.4988184,6.765663,18.886509],"to":[9.498818,9.165664,22.486507],"rotation":{"angle":0.0,"axis":"y","origin":[2.6988182,6.3656635,14.486507]},"faces":{"east":{"uv":[7.125,8.5,8.25,9.25],"rotation":0,"texture":"#0","tintindex":0},"south":{"uv":[8.625,9.75,9.25,10.5],"rotation":0,"texture":"#0","tintindex":0},"north":{"uv":[8.0,9.75,8.625,10.5],"rotation":0,"texture":"#0","tintindex":0},"west":{"uv":[8.25,8.5,9.375,9.25],"rotation":0,"texture":"#0","tintindex":0},"up":{"uv":[9.75,8.0,9.125,6.875],"rotation":0,"texture":"#0","tintindex":0},"down":{"uv":[9.875,1.25,9.25,2.375],"rotation":0,"texture":"#0","tintindex":0}}},{"from":[7.4988184,6.765663,8.886508],"to":[9.498818,9.165664,11.286508],"rotation":{"angle":0.0,"axis":"y","origin":[2.6988182,6.3656635,14.486507]},"faces":{"east":{"uv":[5.375,9.375,6.125,10.125],"rotation":0,"texture":"#0","tintindex":0},"south":{"uv":[9.875,1.125,10.5,1.875],"rotation":0,"texture":"#0","tintindex":0},"north":{"uv":[9.25,9.75,9.875,10.5],"rotation":0,"texture":"#0","tintindex":0},"west":{"uv":[1.75,9.625,2.5,10.375],"rotation":0,"texture":"#0","tintindex":0},"up":{"uv":[5.125,10.625,4.5,9.875],"rotation":0,"texture":"#0","tintindex":0},"down":{"uv":[10.5,9.0,9.875,9.75],"rotation":0,"texture":"#0","tintindex":0}}},{"from":[7.298818,3.5656629,7.2865076],"to":[9.298819,11.965663,8.886508],"rotation":{"angle":0.0,"axis":"y","origin":[2.6988182,6.3656635,14.486507]},"faces":{"east":{"uv":[4.0,7.125,4.5,9.75],"rotation":0,"texture":"#0","tintindex":0},"south":{"uv":[6.0,3.5,6.625,6.125],"rotation":0,"texture":"#0","tintindex":0},"north":{"uv":[5.375,3.5,6.0,6.125],"rotation":0,"texture":"#0","tintindex":0},"west":{"uv":[4.5,7.25,5.0,9.875],"rotation":0,"texture":"#0","tintindex":0},"up":{"uv":[10.5,2.375,9.875,1.875],"rotation":0,"texture":"#0","tintindex":0},"down":{"uv":[10.875,0.0,10.25,0.5],"rotation":0,"texture":"#0","tintindex":0}}},{"from":[6.898818,5.965663,3.6865077],"to":[9.698818,9.565663,8.886508],"rotation":{"angle":0.0,"axis":"y","origin":[2.6988182,6.3656635,14.486507]},"faces":{"east":{"uv":[5.25,1.25,6.875,2.375],"rotation":0,"texture":"#0","tintindex":0},"south":{"uv":[8.125,3.875,9.0,5.0],"rotation":0,"texture":"#0","tintindex":0},"north":{"uv":[7.25,3.875,8.125,5.0],"rotation":0,"texture":"#0","tintindex":0},"west":{"uv":[5.25,2.375,6.875,3.5],"rotation":0,"texture":"#0","tintindex":0},"up":{"uv":[8.0,8.5,7.125,6.875],"rotation":0,"texture":"#0","tintindex":0},"down":{"uv":[8.125,1.25,7.25,2.875],"rotation":0,"texture":"#0","tintindex":0}}},{"from":[6.0988183,6.9656634,5.6865077],"to":[10.498818,8.565663,7.2865076],"rotation":{"angle":0.0,"axis":"y","origin":[2.6988182,6.3656635,14.486507]},"faces":{"east":{"uv":[10.25,5.875,10.75,6.375],"rotation":0,"texture":"#0","tintindex":0},"south":{"uv":[9.125,8.0,10.5,8.5],"rotation":0,"texture":"#0","tintindex":0},"north":{"uv":[9.0,4.625,10.375,5.125],"rotation":0,"texture":"#0","tintindex":0},"west":{"uv":[10.25,6.375,10.75,6.875],"rotation":0,"texture":"#0","tintindex":0},"up":{"uv":[10.625,2.875,9.25,2.375],"rotation":0,"texture":"#0","tintindex":0},"down":{"uv":[8.5,9.25,7.125,9.75],"rotation":0,"texture":"#0","tintindex":0}}},{"from":[6.0988183,6.9656634,-11.913492],"to":[10.498818,8.565663,-10.313492],"rotation":{"angle":0.0,"axis":"y","origin":[2.6988182,6.3656635,14.486507]},"faces":{"east":{"uv":[1.625,10.375,2.125,10.875],"rotation":0,"texture":"#0","tintindex":0},"south":{"uv":[9.375,8.5,10.75,9.0],"rotation":0,"texture":"#0","tintindex":0},"north":{"uv":[8.5,9.25,9.875,9.75],"rotation":0,"texture":"#0","tintindex":0},"west":{"uv":[10.375,4.625,10.875,5.125],"rotation":0,"texture":"#0","tintindex":0},"up":{"uv":[1.75,10.125,0.375,9.625],"rotation":0,"texture":"#0","tintindex":0},"down":{"uv":[11.0,2.875,9.625,3.375],"rotation":0,"texture":"#0","tintindex":0}}},{"from":[6.898818,6.765663,-12.313492],"to":[9.698818,8.765663,3.6865077],"rotation":{"angle":0.0,"axis":"y","origin":[2.6988182,6.3656635,14.486507]},"faces":{"east":{"uv":[4.75,0.0,9.75,0.625],"rotation":0,"texture":"#0","tintindex":0},"south":{"uv":[7.125,9.75,8.0,10.375],"rotation":0,"texture":"#0","tintindex":0},"north":{"uv":[9.75,6.875,10.625,7.5],"rotation":0,"texture":"#0","tintindex":0},"west":{"uv":[4.75,0.625,9.75,1.25],"rotation":0,"texture":"#0","tintindex":0},"up":{"uv":[4.75,5.0,3.875,0.0],"rotation":0,"texture":"#0","tintindex":0},"down":{"uv":[0.875,4.25,0.0,9.25],"rotation":0,"texture":"#0","tintindex":0}}},{"from":[7.401762,4.365663,-5.113492],"to":[9.101762,11.165664,7.2865076],"rotation":{"angle":0.0,"axis":"y","origin":[2.7217617,6.3656635,14.486507]},"faces":{"east":{"uv":[0.0,0.0,3.875,2.125],"rotation":0,"texture":"#0","tintindex":0},"south":{"uv":[1.375,7.5,1.875,9.625],"rotation":0,"texture":"#0","tintindex":0},"north":{"uv":[0.875,7.5,1.375,9.625],"rotation":0,"texture":"#0","tintindex":0},"west":{"uv":[0.0,2.125,3.875,4.25],"rotation":0,"texture":"#0","tintindex":0},"up":{"uv":[3.625,8.125,3.125,4.25],"rotation":0,"texture":"#0","tintindex":0},"down":{"uv":[5.25,1.25,4.75,5.125],"rotation":0,"texture":"#0","tintindex":0}}},{"from":[7.401762,5.1656632,-7.113492],"to":[9.101762,10.365664,-5.113492],"rotation":{"angle":0.0,"axis":"y","origin":[2.7217617,6.3656635,14.486507]},"faces":{"east":{"uv":[8.0,6.875,8.625,8.5],"rotation":0,"texture":"#0","tintindex":0},"south":{"uv":[8.75,1.25,9.25,2.875],"rotation":0,"texture":"#0","tintindex":0},"north":{"uv":[8.625,6.875,9.125,8.5],"rotation":0,"texture":"#0","tintindex":0},"west":{"uv":[8.125,1.25,8.75,2.875],"rotation":0,"texture":"#0","tintindex":0},"up":{"uv":[6.375,10.75,5.875,10.125],"rotation":0,"texture":"#0","tintindex":0},"down":{"uv":[10.75,0.5,10.25,1.125],"rotation":0,"texture":"#0","tintindex":0}}},{"from":[7.65029,10.565663,-5.113492],"to":[8.85029,11.765663,7.2865076],"rotation":{"angle":45.0,"axis":"z","origin":[8.25029,11.165664,-2.5134926]},"faces":{"east":{"uv":[6.375,6.125,10.25,6.5],"rotation":0,"texture":"#0","tintindex":0},"south":{"uv":[10.375,10.125,10.75,10.5],"rotation":0,"texture":"#0","tintindex":0},"north":{"uv":[10.375,9.75,10.75,10.125],"rotation":0,"texture":"#0","tintindex":0},"west":{"uv":[6.375,6.5,10.25,6.875],"rotation":0,"texture":"#0","tintindex":0},"up":{"uv":[7.25,5.125,6.875,1.25],"rotation":0,"texture":"#0","tintindex":0},"down":{"uv":[6.75,6.875,6.375,10.75],"rotation":0,"texture":"#0","tintindex":0}}},{"from":[7.6532335,3.7656631,-5.113492],"to":[8.853233,4.965663,7.2865076],"rotation":{"angle":45.0,"axis":"z","origin":[8.253234,4.365663,-9.313492]},"faces":{"east":{"uv":[6.625,5.125,10.5,5.5],"rotation":0,"texture":"#0","tintindex":0},"south":{"uv":[10.5,1.5,10.875,1.875],"rotation":0,"texture":"#0","tintindex":0},"north":{"uv":[10.5,1.125,10.875,1.5],"rotation":0,"texture":"#0","tintindex":0},"west":{"uv":[6.625,5.5,10.5,5.875],"rotation":0,"texture":"#0","tintindex":0},"up":{"uv":[7.125,10.75,6.75,6.875],"rotation":0,"texture":"#0","tintindex":0},"down":{"uv":[4.0,7.125,3.625,11.0],"rotation":0,"texture":"#0","tintindex":0}}},{"from":[7.401762,4.365663,-9.913492],"to":[9.101762,11.165664,-7.113492],"rotation":{"angle":0.0,"axis":"y","origin":[2.7217617,6.3656635,0.08650732]},"faces":{"east":{"uv":[3.625,5.0,4.5,7.125],"rotation":0,"texture":"#0","tintindex":0},