{"textures":{"1":"modelengine:entity/fallenravager"},"elements":[{"from":[6.4,6.285714,7.5714283],"to":[9.257143,8.0,8.142858],"rotation":{"angle":0.0,"axis":"y","origin":[5.8285713,3.4285712,5.285714]},"faces":{"east":{"uv":[7.501,5.626,7.5615,5.8115],"rotation":0,"texture":"#1","tintindex":0},"south":{"uv":[4.876,4.4385,5.1865,4.624],"rotation":0,"texture":"#1","tintindex":0},"north":{"uv":[4.876,4.4385,5.1865,4.624],"rotation":0,"texture":"#1","tintindex":0},"west":{"uv":[6.0635,7.501,6.124,7.6865],"rotation":0,"texture":"#1","tintindex":0},"up":{"uv":[6.5615,4.624,6.251,4.5635],"rotation":0,"texture":"#1","tintindex":0},"down":{"uv":[6.5615,4.8135,6.251,4.874],"rotation":0,"texture":"#1","tintindex":0}}},{"from":[6.9714284,4.5714283,7.5714283],"to":[9.257143,6.285714,8.142858],"rotation":{"angle":0.0,"axis":"y","origin":[5.8285713,3.4285712,5.285714]},"faces":{"east":{"uv":[6.1885,7.501,6.249,7.6865],"rotation":0,"texture":"#1","tintindex":0},"south":{"uv":[3.876,5.126,4.124,5.3115],"rotation":0,"texture":"#1","tintindex":0},"north":{"uv":[3.876,5.126,4.124,5.3115],"rotation":0,"texture":"#1","tintindex":0},"west":{"uv":[6.501,7.501,6.5615,7.6865],"rotation":0,"texture":"#1","tintindex":0},"up":{"uv":[7.1865,1.1865,6.9385,1.126],"rotation":0,"texture":"#1","tintindex":0},"down":{"uv":[7.1865,1.251,6.9385,1.3115],"rotation":0,"texture":"#1","tintindex":0}}},{"from":[8.114285,2.8571424,7.5714283],"to":[9.257143,4.5714283,8.142858],"rotation":{"angle":0.0,"axis":"y","origin":[5.8285713,3.4285712,5.285714]},"faces":{"east":{"uv":[7.501,6.6885,7.5615,6.874],"rotation":0,"texture":"#1","tintindex":0},"south":{"uv":[6.0635,5.751,6.1865,5.9365],"rotation":0,"texture":"#1","tintindex":0},"north":{"uv":[6.0635,5.751,6.1865,5.9365],"rotation":0,"texture":"#1","tintindex":0},"west":{"uv":[7.501,7.0635,7.5615,7.249],"rotation":0,"texture":"#1","tintindex":0},"up":{"uv":[0.124,7.9365,0.001,7.876],"rotation":0,"texture":"#1","tintindex":0},"down":{"uv":[0.3115,7.876,0.1885,7.9365],"rotation":0,"texture":"#1","tintindex":0}}},{"from":[7.542857,1.7142854,7.5714283],"to":[8.685715,2.8571424,8.142858],"rotation":{"angle":0.0,"axis":"y","origin":[5.8285713,3.4285712,5.285714]},"faces":{"east":{"uv":[7.876,0.1885,7.9365,0.3115],"rotation":0,"texture":"#1","tintindex":0},"south":{"uv":[6.9385,2.9385,7.0615,3.0615],"rotation":0,"texture":"#1","tintindex":0},"north":{"uv":[6.9385,2.9385,7.0615,3.0615],"rotation":0,"texture":"#1","tintindex":0},"west":{"uv":[7.876,0.376,7.9365,0.499],"rotation":0,"texture":"#1","tintindex":0},"up":{"uv":[7.999,0.624,7.876,0.5635],"rotation":0,"texture":"#1","tintindex":0},"down":{"uv":[7.999,0.876,7.876,0.9365],"rotation":0,"texture":"#1","tintindex":0}}},{"from":[6.9714284,1.1428566,7.5714283],"to":[7.542857,1.7142854,8.142858],"rotation":{"angle":0.0,"axis":"y","origin":[5.8285713,3.4285712,5.285714]},"faces":{"east":{"uv":[0.501,8.251,0.5615,8.3115],"rotation":0,"texture":"#1","tintindex":0},"south":{"uv":[8.251,0.5635,8.3115,0.624],"rotation":0,"texture":"#1","tintindex":0},"north":{"uv":[8.251,0.5635,8.3115,0.624],"rotation":0,"texture":"#1","tintindex":0},"west":{"uv":[0.626,8.251,0.6865,8.3115],"rotation":0,"texture":"#1","tintindex":0},"up":{"uv":[8.3115,0.749,8.251,0.6885],"rotation":0,"texture":"#1","tintindex":0},"down":{"uv":[0.8115,8.251,0.751,8.3115],"rotation":0,"texture":"#1","tintindex":0}}}],"display":{"head":{"translation":[0.0,-6.4,0.0],"scale":[4.0,4.0,4.0]}}}