{"textures":{"1":"modelengine:entity/fallenravager"},"elements":[{"from":[4.8142858,6.142857,7.8285713],"to":[11.1,7.857143,8.4],"rotation":{"angle":0.0,"axis":"y","origin":[7.6714287,-10.428572,5.542857]},"faces":{"east":{"uv":[1.5635,7.501,1.624,7.6865],"rotation":0,"texture":"#1","tintindex":0},"south":{"uv":[2.126,2.751,2.8115,2.9365],"rotation":0,"texture":"#1","tintindex":0},"north":{"uv":[2.126,2.751,2.8115,2.9365],"rotation":0,"texture":"#1","tintindex":0},"west":{"uv":[1.876,7.501,1.9365,7.6865],"rotation":0,"texture":"#1","tintindex":0},"up":{"uv":[5.749,3.749,5.0635,3.6885],"rotation":0,"texture":"#1","tintindex":0},"down":{"uv":[5.8115,1.4385,5.126,1.499],"rotation":0,"texture":"#1","tintindex":0}}},{"from":[4.242857,4.428571,7.8285713],"to":[11.671429,6.142857,8.4],"rotation":{"angle":0.0,"axis":"y","origin":[7.6714287,-11.57143,5.542857]},"faces":{"east":{"uv":[7.501,7.3135,7.5615,7.499],"rotation":0,"texture":"#1","tintindex":0},"south":{"uv":[2.376,2.501,3.1865,2.6865],"rotation":0,"texture":"#1","tintindex":0},"north":{"uv":[2.376,2.501,3.1865,2.6865],"rotation":0,"texture":"#1","tintindex":0},"west":{"uv":[7.5635,1.0635,7.624,1.249],"rotation":0,"texture":"#1","tintindex":0},"up":{"uv":[5.8115,2.624,5.001,2.5635],"rotation":0,"texture":"#1","tintindex":0},"down":{"uv":[5.8115,2.6885,5.001,2.749],"rotation":0,"texture":"#1","tintindex":0}}}],"display":{"head":{"translation":[0.0,-6.4,0.0],"scale":[4.0,4.0,4.0]}}}