{"textures":{"1":"modelengine:entity/fallenravager"},"elements":[{"from":[3.7142854,4.6285715,7.5714283],"to":[12.285715,8.057143,8.142858],"rotation":{"angle":0.0,"axis":"y","origin":[7.714286,-5.6571436,5.285714]},"faces":{"east":{"uv":[0.876,6.0635,0.9365,6.4365],"rotation":0,"texture":"#1","tintindex":0},"south":{"uv":[1.001,0.4385,1.9365,0.8115],"rotation":0,"texture":"#1","tintindex":0},"north":{"uv":[1.001,0.4385,1.9365,0.8115],"rotation":0,"texture":"#1","tintindex":0},"west":{"uv":[3.001,6.0635,3.0615,6.4365],"rotation":0,"texture":"#1","tintindex":0},"up":{"uv":[4.749,1.3115,3.8135,1.251],"rotation":0,"texture":"#1","tintindex":0},"down":{"uv":[5.8115,0.376,4.876,0.4365],"rotation":0,"texture":"#1","tintindex":0}}}],"display":{"head":{"translation":[0.0,-6.4,0.0],"scale":[4.0,4.0,4.0]}}}