{"textures":{"0":"modelengine:entity/boneshadingravager","1":"modelengine:entity/fallenravager"},"elements":[{"from":[7.142857,6.285714,7.428571],"to":[8.857143,8.142858,9.142858],"rotation":{"angle":0.0,"axis":"y","origin":[8.942857,4.0,8.285714]},"faces":{"east":{"uv":[15.025,0.0,16.0,0.5],"rotation":0,"texture":"#0","tintindex":0},"south":{"uv":[15.025,0.0,16.0,0.5],"rotation":0,"texture":"#0","tintindex":0},"north":{"uv":[15.025,0.0,16.0,0.5],"rotation":0,"texture":"#0","tintindex":0},"west":{"uv":[15.025,0.0,16.0,0.5],"rotation":0,"texture":"#0","tintindex":0},"up":{"uv":[15.025,0.0,16.0,0.5],"rotation":0,"texture":"#0","tintindex":0},"down":{"uv":[15.025,0.0,16.0,0.5],"rotation":0,"texture":"#0","tintindex":0}}},{"from":[6.726099,3.9328566,7.0344524],"to":[7.3032417,6.2242856,7.611595],"rotation":{"angle":22.5,"axis":"y","origin":[7.0146704,5.0785713,7.323024]},"faces":{"east":{"uv":[4.3135,7.126,4.374,7.374],"rotation":0,"texture":"#1","tintindex":0},"south":{"uv":[5.5635,7.126,5.624,7.374],"rotation":0,"texture":"#1","tintindex":0},"north":{"uv":[2.4385,7.126,2.499,7.374],"rotation":0,"texture":"#1","tintindex":0},"west":{"uv":[5.6885,7.126,5.749,7.374],"rotation":0,"texture":"#1","tintindex":0},"up":{"uv":[4.8115,8.4365,4.751,8.376],"rotation":0,"texture":"#1","tintindex":0},"down":{"uv":[4.9365,8.376,4.876,8.4365],"rotation":0,"texture":"#1","tintindex":0}}},{"from":[7.714286,7.428571,6.857143],"to":[8.285714,9.142858,7.428571],"rotation":{"angle":0.0,"axis":"y","origin":[8.0,8.0,7.142857]},"faces":{"east":{"uv":[1.0635,7.376,1.124,7.5615],"rotation":0,"texture":"#1","tintindex":0},"south":{"uv":[7.376,1.626,7.4365,1.8115],"rotation":0,"texture":"#1","tintindex":0},"north":{"uv":[7.376,0.376,7.4365,0.5615],"rotation":0,"texture":"#1","tintindex":0},"west":{"uv":[2.001,7.376,2.0615,7.5615],"rotation":0,"texture":"#1","tintindex":0},"up":{"uv":[8.0615,7.374,8.001,7.3135],"rotation":0,"texture":"#1","tintindex":0},"down":{"uv":[8.0615,7.4385,8.001,7.499],"rotation":0,"texture":"#1","tintindex":0}}},{"from":[7.142857,7.428571,6.857143],"to":[7.714286,8.571428,7.428571],"rotation":{"angle":22.5,"axis":"y","origin":[7.428571,8.0,7.142857]},"faces":{"east":{"uv":[7.876,7.3135,7.9365,7.4365],"rotation":0,"texture":"#1","tintindex":0},"south":{"uv":[7.376,7.876,7.4365,7.999],"rotation":0,"texture":"#1","tintindex":0},"north":{"uv":[7.251,7.876,7.3115,7.999],"rotation":0,"texture":"#1","tintindex":0},"west":{"uv":[7.876,7.501,7.9365,7.624],"rotation":0,"texture":"#1","tintindex":0},"up":{"uv":[1.9365,8.4365,1.876,8.376],"rotation":0,"texture":"#1","tintindex":0},"down":{"uv":[8.4365,1.876,8.376,1.9365],"rotation":0,"texture":"#1","tintindex":0}}},{"from":[8.285714,7.428571,6.857143],"to":[8.857143,8.571428,7.428571],"rotation":{"angle":-22.5,"axis":"y","origin":[8.571428,8.0,7.142857]},"faces":{"east":{"uv":[0.376,7.9385,0.4365,8.0615],"rotation":0,"texture":"#1","tintindex":0},"south":{"uv":[0.501,7.9385,0.5615,8.0615],"rotation":0,"texture":"#1","tintindex":0},"north":{"uv":[7.9385,0.001,7.999,0.124],"rotation":0,"texture":"#1","tintindex":0},"west":{"uv":[0.626,7.9385,0.6865,8.0615],"rotation":0,"texture":"#1","tintindex":0},"up":{"uv":[2.0615,8.4365,2.001,8.376],"rotation":0,"texture":"#1","tintindex":0},"down":{"uv":[8.4365,2.126,8.376,2.1865],"rotation":0,"texture":"#1","tintindex":0}}},{"from":[7.0,7.428571,7.385714],"to":[9.0,8.571428,9.242857],"rotation":{"angle":0.0,"axis":"y","origin":[8.942857,4.0,8.242857]},"faces":{"east":{"uv":[1.6885,2.376,1.874,2.499],"rotation":0,"texture":"#1","tintindex":0},"south":{"uv":[5.4385,1.0635,5.6865,1.1865],"rotation":0,"texture":"#1","tintindex":0},"north":{"uv":[5.4385,0.876,5.6865,0.999],"rotation":0,"texture":"#1","tintindex":0},"west":{"uv":[0.3135,2.5635,0.499,2.6865],"rotation":0,"texture":"#1","tintindex":0},"up":{"uv":[0.249,5.1865,0.001,5.001],"rotation":0,"texture":"#1","tintindex":0},"down":{"uv":[3.1865,5.001,2.9385,5.1865],"rotation":0,"texture":"#1","tintindex":0}}},{"from":[6.857143,4.0,7.142857],"to":[8.857143,6.285714,9.428572],"rotation":{"angle":0.0,"axis":"y","origin":[7.857143,10.571428,8.285714]},"faces":{"east":{"uv":[4.251,0.3135,4.499,0.5615],"rotation":0,"texture":"#1","tintindex":0},"south":{"uv":[0.4385,4.251,0.6865,4.499],"rotation":0,"texture":"#1","tintindex":0},"north":{"uv":[4.251,0.001,4.499,0.249],"rotation":0,"texture":"#1","tintindex":0},"west":{"uv":[1.1885,4.251,1.4365,4.499],"rotation":0,"texture":"#1","tintindex":0},"up":{"uv":[4.499,2.1865,4.251,1.9385],"rotation":0,"texture":"#1","tintindex":0},"down":{"uv":[4.499,2.251,4.251,2.499],"rotation":0,"texture":"#1","tintindex":0}}},{"from":[6.5857143,6.2,7.042857],"to":[9.042857,6.942857,9.5],"rotation":{"angle":0.0,"axis":"y","origin":[7.857143,6.028571,8.285714]},"faces":{"east":{"uv":[6.751,4.9385,6.999,4.999],"rotation":0,"texture":"#1","tintindex":0},"south":{"uv":[6.751,5.6885,6.999,5.749],"rotation":0,"texture":"#1","tintindex":0},"north":{"uv":[6.751,3.876,6.999,3.9365],"rotation":0,"texture":"#1","tintindex":0},"west":{"uv":[6.751,5.8135,6.999,5.874],"rotation":0,"texture":"#1","tintindex":0},"up":{"uv":[4.624,2.8115,4.376,2.5635],"rotation":0,"texture":"#1","tintindex":0},"down":{"uv":[3.249,4.376,3.001,4.624],"rotation":0,"texture":"#1","tintindex":0}}},{"from":[6.7,3.4285712,7.142857],"to":[9.042857,4.0,9.442858],"rotation":{"angle":0.0,"axis":"y","origin":[7.857143,8.285714,8.285714]},"faces":{"east":{"uv":[6.751,1.751,6.999,1.8115],"rotation":0,"texture":"#1","tintindex":0},"south":{"uv":[6.751,1.876,6.999,1.9365],"rotation":0,"texture":"#1","tintindex":0},"north":{"uv":[6.751,1.626,6.999,1.6865],"rotation":0,"texture":"#1","tintindex":0},"west":{"uv":[6.751,2.001,6.999,2.0615],"rotation":0,"texture":"#1","tintindex":0},"up":{"uv":[3.874,4.499,3.626,4.251],"rotation":0,"texture":"#1","tintindex":0},"down":{"uv":[4.1865,4.251,3.9385,4.499],"rotation":0,"texture":"#1","tintindex":0}}},{"from":[8.353901,3.9328566,7.0344524],"to":[8.931044,6.2242856,7.611595],"rotation":{"angle":-22.5,"axis":"y","origin":[8.642472,5.0785713,7.323024]},"faces":{"east":{"uv":[0.9385,7.1885,0.999,7.4365],"rotation":0,"texture":"#1","tintindex":0},"south":{"uv":[1.1885,7.1885,1.249,7.4365],"rotation":0,"texture":"#1","tintindex":0},"north":{"uv":[0.8135,7.1885,0.874,7.4365],"rotation":0,"texture":"#1","tintindex":0},"west":{"uv":[1.3135,7.1885,1.374,7.4365],"rotation":0,"texture":"#1","tintindex":0},"up":{"uv":[8.4365,5.374,8.376,5.3135],"rotation":0,"texture":"#1","tintindex":0},"down":{"uv":[5.499,8.376,5.4385,8.4365],"rotation":0,"texture":"#1","tintindex":0}}},{"from":[8.353901,3.9328566,8.959833],"to":[8.931044,6.2242856,9.536976],"rotation":{"angle":22.5,"axis":"y","origin":[8.642472,5.0785713,9.2484045]},"faces":{"east":{"uv":[3.1885,7.1885,3.249,7.4365],"rotation":0,"texture":"#1","tintindex":0},"south":{"uv":[3.3135,7.1885,3.374,7.4365],"rotation":0,"texture":"#1","tintindex":0},"north":{"uv":[3.0635,7.1885,3.124,7.4365],"rotation":0,"texture":"#1","tintindex":0},"west":{"uv":[3.4385,7.1885,3.499,7.4365],"rotation":0,"texture":"#1","tintindex":0},"up":{"uv":[8.4365,6.6865,8.376,6.626],"rotation":0,"texture":"#1","tintindex":0},"down":{"uv":[6.749,8.376,6.6885,8.4365],"rotation":0,"texture":"#1","tintindex":0}}},{"from":[6.726099,3.9328566,8.959833],"to":[7.3032417,6.2242856,9.536976],"rotation":{"angle":-22.5,"axis":"y","origin":[7.0146704,5.0785713,9.2484045]},"faces":{"east":{"uv":[1.876,7.1885,1.9365,7.4365],"rotation":0,"texture":"#1","tintindex":0},"south":{"uv":[7.1885,1.876,7.249,2.124],"rotation":0,"texture":"#1","tintindex":0},"north":{"uv":[1.626,7.1885,1.6865,7.4365],"rotation":0,"texture":"#1","tintindex":0},"west":{"uv":[2.9385,7.1885,2.999,7.4365],"rotation":0,"texture":"#1","tintindex":0},"up":{"uv":[8.4365,5.624,8.376,5.5635],"rotation":0,"texture":"#1","tintindex":0},"down":{"uv":[8.4365,5.9385,8.376,5.999],"rotation":0,"texture":"#1","tintindex":0}}}],