{"textures":{"0":"modelengine:entity/boneshadingravager","1":"modelengine:entity/fallenravager"},"elements":[{"from":[6.0,5.714286,6.857143],"to":[8.285714,8.0,9.142858],"rotation":{"angle":0.0,"axis":"y","origin":[10.571428,-5.1428576,8.0]},"faces":{"east":{"uv":[1.1885,3.9385,1.4365,4.1865],"rotation":0,"texture":"#1","tintindex":0},"south":{"uv":[3.9385,2.251,4.1865,2.499],"rotation":0,"texture":"#1","tintindex":0},"north":{"uv":[3.9385,0.3135,4.1865,0.5615],"rotation":0,"texture":"#1","tintindex":0},"west":{"uv":[3.751,3.9385,3.999,4.1865],"rotation":0,"texture":"#1","tintindex":0},"up":{"uv":[4.249,1.874,4.001,1.626],"rotation":0,"texture":"#1","tintindex":0},"down":{"uv":[4.3115,2.5635,4.0635,2.8115],"rotation":0,"texture":"#1","tintindex":0}}},{"from":[5.9965715,5.139428,6.753714],"to":[6.574857,8.003428,7.332],"rotation":{"angle":45.0,"axis":"y","origin":[6.285714,6.857143,7.2714286]},"faces":{"east":{"uv":[6.4385,4.1885,6.499,4.499],"rotation":0,"texture":"#1","tintindex":0},"south":{"uv":[4.251,6.4385,4.3115,6.749],"rotation":0,"texture":"#1","tintindex":0},"north":{"uv":[4.126,6.4385,4.1865,6.749],"rotation":0,"texture":"#1","tintindex":0},"west":{"uv":[4.376,6.4385,4.4365,6.749],"rotation":0,"texture":"#1","tintindex":0},"up":{"uv":[8.374,1.4365,8.3135,1.376],"rotation":0,"texture":"#1","tintindex":0},"down":{"uv":[8.374,1.501,8.3135,1.5615],"rotation":0,"texture":"#1","tintindex":0}}},{"from":[5.9965715,5.139428,8.796572],"to":[6.574857,8.003428,9.374857],"rotation":{"angle":-45.0,"axis":"y","origin":[6.285714,6.857143,8.857143]},"faces":{"east":{"uv":[5.751,6.4385,5.8115,6.749],"rotation":0,"texture":"#1","tintindex":0},"south":{"uv":[0.5635,6.501,0.624,6.8115],"rotation":0,"texture":"#1","tintindex":0},"north":{"uv":[5.626,6.4385,5.6865,6.749],"rotation":0,"texture":"#1","tintindex":0},"west":{"uv":[0.6885,6.501,0.749,6.8115],"rotation":0,"texture":"#1","tintindex":0},"up":{"uv":[1.6865,8.374,1.626,8.3135],"rotation":0,"texture":"#1","tintindex":0},"down":{"uv":[8.374,1.626,8.3135,1.6865],"rotation":0,"texture":"#1","tintindex":0}}},{"from":[7.714286,5.142857,6.857143],"to":[8.285714,5.714286,9.142858],"rotation":{"angle":0.0,"axis":"y","origin":[10.428572,-5.714287,8.0]},"faces":{"east":{"uv":[6.6885,5.3135,6.9365,5.374],"rotation":0,"texture":"#1","tintindex":0},"south":{"uv":[8.001,7.5635,8.0615,7.624],"rotation":0,"texture":"#1","tintindex":0},"north":{"uv":[7.501,8.001,7.5615,8.0615],"rotation":0,"texture":"#1","tintindex":0},"west":{"uv":[6.6885,5.4385,6.9365,5.499],"rotation":0,"texture":"#1","tintindex":0},"up":{"uv":[0.0615,6.999,0.001,6.751],"rotation":0,"texture":"#1","tintindex":0},"down":{"uv":[0.3115,6.751,0.251,6.999],"rotation":0,"texture":"#1","tintindex":0}}},{"from":[6.0,5.142857,6.857143],"to":[6.571429,5.714286,9.142858],"rotation":{"angle":0.0,"axis":"y","origin":[9.028572,-5.714287,8.0]},"faces":{"east":{"uv":[6.6885,5.5635,6.9365,5.624],"rotation":0,"texture":"#1","tintindex":0},"south":{"uv":[8.001,7.9385,8.0615,7.999],"rotation":0,"texture":"#1","tintindex":0},"north":{"uv":[8.001,7.8135,8.0615,7.874],"rotation":0,"texture":"#1","tintindex":0},"west":{"uv":[6.751,0.376,6.999,0.4365],"rotation":0,"texture":"#1","tintindex":0},"up":{"uv":[6.8115,0.749,6.751,0.501],"rotation":0,"texture":"#1","tintindex":0},"down":{"uv":[6.8115,0.8135,6.751,1.0615],"rotation":0,"texture":"#1","tintindex":0}}},{"from":[6.5714283,8.0,6.857143],"to":[8.285714,8.571428,9.142858],"rotation":{"angle":0.0,"axis":"y","origin":[10.571428,-5.1428576,8.0]},"faces":{"east":{"uv":[5.126,2.1885,5.374,2.249],"rotation":0,"texture":"#1","tintindex":0},"south":{"uv":[7.3135,6.1885,7.499,6.249],"rotation":0,"texture":"#1","tintindex":0},"north":{"uv":[4.126,3.8135,4.3115,3.874],"rotation":0,"texture":"#1","tintindex":0},"west":{"uv":[6.626,5.0635,6.874,5.124],"rotation":0,"texture":"#1","tintindex":0},"up":{"uv":[0.624,4.1865,0.4385,3.9385],"rotation":0,"texture":"#1","tintindex":0},"down":{"uv":[4.499,4.876,4.3135,5.124],"rotation":0,"texture":"#1","tintindex":0}}},{"from":[6.287506,7.572626,6.8599997],"to":[6.858935,8.286912,9.14],"rotation":{"angle":-22.5,"axis":"z","origin":[7.144649,8.286912,8.0]},"faces":{"east":{"uv":[6.626,5.1885,6.874,5.249],"rotation":0,"texture":"#1","tintindex":0},"south":{"uv":[8.001,2.376,8.0615,2.4365],"rotation":0,"texture":"#1","tintindex":0},"north":{"uv":[3.3135,4.0635,3.374,4.124],"rotation":0,"texture":"#1","tintindex":0},"west":{"uv":[6.6885,1.501,6.9365,1.5615],"rotation":0,"texture":"#1","tintindex":0},"up":{"uv":[2.0615,0.8115,2.001,0.5635],"rotation":0,"texture":"#1","tintindex":0},"down":{"uv":[6.749,2.376,6.6885,2.624],"rotation":0,"texture":"#1","tintindex":0}}},{"from":[6.285714,4.5714283,7.142857],"to":[8.0,5.714286,8.857143],"rotation":{"angle":0.0,"axis":"y","origin":[10.571428,-5.1428576,8.0]},"faces":{"east":{"uv":[15.025,0.0,16.0,0.5],"rotation":0,"texture":"#0","tintindex":0},"south":{"uv":[15.025,0.0,16.0,0.5],"rotation":0,"texture":"#0","tintindex":0},"north":{"uv":[15.025,0.0,16.0,0.5],"rotation":0,"texture":"#0","tintindex":0},"west":{"uv":[15.025,0.0,16.0,0.5],"rotation":0,"texture":"#0","tintindex":0},"up":{"uv":[15.025,0.0,16.0,0.5],"rotation":0,"texture":"#0","tintindex":0},"down":{"uv":[15.025,0.0,16.0,0.5],"rotation":0,"texture":"#0","tintindex":0}}}],"display":{"head":{"translation":[0.0,-6.4,0.0],"scale":[4.0,4.0,4.0]}}}