{"textures":{"0":"modelengine:entity/boneshadingravager","1":"modelengine:entity/fallenravager"},"elements":[{"from":[6.857143,5.714286,6.857143],"to":[9.142858,8.571428,9.142858],"rotation":{"angle":0.0,"axis":"y","origin":[9.085714,0.5714283,8.0]},"faces":{"east":{"uv":[2.3135,3.501,2.5615,3.8115],"rotation":0,"texture":"#1","tintindex":0},"south":{"uv":[3.501,3.126,3.749,3.4365],"rotation":0,"texture":"#1","tintindex":0},"north":{"uv":[2.001,3.4385,2.249,3.749],"rotation":0,"texture":"#1","tintindex":0},"west":{"uv":[3.501,3.501,3.749,3.8115],"rotation":0,"texture":"#1","tintindex":0},"up":{"uv":[3.249,4.3115,3.001,4.0635],"rotation":0,"texture":"#1","tintindex":0},"down":{"uv":[4.3115,3.9385,4.0635,4.1865],"rotation":0,"texture":"#1","tintindex":0}}},{"from":[6.942857,8.535714,6.942857],"to":[9.057143,8.935715,9.057143],"rotation":{"angle":0.0,"axis":"y","origin":[9.085714,3.3071427,8.0]},"faces":{"east":{"uv":[7.126,0.251,7.374,0.3115],"rotation":0,"texture":"#1","tintindex":0},"south":{"uv":[7.126,2.501,7.374,2.5615],"rotation":0,"texture":"#1","tintindex":0},"north":{"uv":[7.126,0.126,7.374,0.1865],"rotation":0,"texture":"#1","tintindex":0},"west":{"uv":[7.126,2.626,7.374,2.6865],"rotation":0,"texture":"#1","tintindex":0},"up":{"uv":[4.8115,2.499,4.5635,2.251],"rotation":0,"texture":"#1","tintindex":0},"down":{"uv":[3.874,4.5635,3.626,4.8115],"rotation":0,"texture":"#1","tintindex":0}}},{"from":[6.769351,5.14,6.560649],"to":[7.3464937,8.002857,7.137792],"rotation":{"angle":-22.5,"axis":"y","origin":[6.865065,6.5714283,6.8492203]},"faces":{"east":{"uv":[6.626,3.626,6.6865,3.9365],"rotation":0,"texture":"#1","tintindex":0},"south":{"uv":[6.626,4.4385,6.6865,4.749],"rotation":0,"texture":"#1","tintindex":0},"north":{"uv":[2.6885,6.626,2.749,6.9365],"rotation":0,"texture":"#1","tintindex":0},"west":{"uv":[4.501,6.626,4.5615,6.9365],"rotation":0,"texture":"#1","tintindex":0},"up":{"uv":[8.4365,2.3115,8.376,2.251],"rotation":0,"texture":"#1","tintindex":0},"down":{"uv":[2.4365,8.376,2.376,8.4365],"rotation":0,"texture":"#1","tintindex":0}}},{"from":[6.769351,5.7114286,8.862208],"to":[7.3464937,8.5742855,9.439351],"rotation":{"angle":22.5,"axis":"y","origin":[6.865065,7.142857,9.15078]},"faces":{"east":{"uv":[4.751,6.626,4.8115,6.9365],"rotation":0,"texture":"#1","tintindex":0},"south":{"uv":[4.876,6.626,4.9365,6.9365],"rotation":0,"texture":"#1","tintindex":0},"north":{"uv":[4.626,6.626,4.6865,6.9365],"rotation":0,"texture":"#1","tintindex":0},"west":{"uv":[5.001,6.626,5.0615,6.9365],"rotation":0,"texture":"#1","tintindex":0},"up":{"uv":[8.4365,2.5615,8.376,2.501],"rotation":0,"texture":"#1","tintindex":0},"down":{"uv":[8.4365,2.626,8.376,2.6865],"rotation":0,"texture":"#1","tintindex":0}}},{"from":[7.285714,4.5714283,7.142857],"to":[9.0,5.714286,8.857143],"rotation":{"angle":0.0,"axis":"y","origin":[9.085714,0.5714283,8.0]},"faces":{"east":{"uv":[15.025,0.0,16.0,0.5],"rotation":0,"texture":"#0","tintindex":0},"south":{"uv":[15.025,0.0,16.0,0.5],"rotation":0,"texture":"#0","tintindex":0},"north":{"uv":[15.025,0.0,16.0,0.5],"rotation":0,"texture":"#0","tintindex":0},"west":{"uv":[15.025,0.0,16.0,0.5],"rotation":0,"texture":"#0","tintindex":0},"up":{"uv":[15.025,0.0,16.0,0.5],"rotation":0,"texture":"#0","tintindex":0},"down":{"uv":[15.025,0.0,16.0,0.5],"rotation":0,"texture":"#0","tintindex":0}}}],"display":{"head":{"translation":[0.0,-6.4,0.0],"scale":[4.0,4.0,4.0]}}}