{"textures":{"0":"modelengine:entity/boneshadingravager","1":"modelengine:entity/fallenravager"},"elements":[{"from":[6.857143,5.714286,6.857143],"to":[9.142858,8.571428,9.142858],"rotation":{"angle":0.0,"axis":"y","origin":[6.9142857,0.5714283,8.0]},"faces":{"east":{"uv":[3.751,2.5635,3.999,2.874],"rotation":0,"texture":"#1","tintindex":0},"south":{"uv":[3.8135,0.8135,4.0615,1.124],"rotation":0,"texture":"#1","tintindex":0},"north":{"uv":[0.001,3.751,0.249,4.0615],"rotation":0,"texture":"#1","tintindex":0},"west":{"uv":[1.6885,3.8135,1.9365,4.124],"rotation":0,"texture":"#1","tintindex":0},"up":{"uv":[4.499,4.8115,4.251,4.5635],"rotation":0,"texture":"#1","tintindex":0},"down":{"uv":[4.8115,4.501,4.5635,4.749],"rotation":0,"texture":"#1","tintindex":0}}},{"from":[6.942857,8.535714,6.942857],"to":[9.057143,8.935715,9.057143],"rotation":{"angle":0.0,"axis":"y","origin":[6.9142857,3.3071427,8.0]},"faces":{"east":{"uv":[7.126,2.876,7.374,2.9365],"rotation":0,"texture":"#1","tintindex":0},"south":{"uv":[7.126,3.001,7.374,3.0615],"rotation":0,"texture":"#1","tintindex":0},"north":{"uv":[7.126,2.751,7.374,2.8115],"rotation":0,"texture":"#1","tintindex":0},"west":{"uv":[7.126,3.251,7.374,3.3115],"rotation":0,"texture":"#1","tintindex":0},"up":{"uv":[4.1865,4.8115,3.9385,4.5635],"rotation":0,"texture":"#1","tintindex":0},"down":{"uv":[4.8115,4.1885,4.5635,4.4365],"rotation":0,"texture":"#1","tintindex":0}}},{"from":[8.653506,5.14,6.560649],"to":[9.230649,8.002857,7.137792],"rotation":{"angle":22.5,"axis":"y","origin":[9.134935,6.5714283,6.8492203]},"faces":{"east":{"uv":[6.626,6.126,6.6865,6.4365],"rotation":0,"texture":"#1","tintindex":0},"south":{"uv":[6.626,6.501,6.6865,6.8115],"rotation":0,"texture":"#1","tintindex":0},"north":{"uv":[5.876,6.626,5.9365,6.9365],"rotation":0,"texture":"#1","tintindex":0},"west":{"uv":[6.6885,0.001,6.749,0.3115],"rotation":0,"texture":"#1","tintindex":0},"up":{"uv":[8.4365,3.749,8.376,3.6885],"rotation":0,"texture":"#1","tintindex":0},"down":{"uv":[8.4365,3.8135,8.376,3.874],"rotation":0,"texture":"#1","tintindex":0}}},{"from":[8.653506,5.7114286,8.862208],"to":[9.230649,8.5742855,9.439351],"rotation":{"angle":-22.5,"axis":"y","origin":[9.134935,7.142857,9.15078]},"faces":{"east":{"uv":[5.376,6.626,5.4365,6.9365],"rotation":0,"texture":"#1","tintindex":0},"south":{"uv":[5.501,6.626,5.5615,6.9365],"rotation":0,"texture":"#1","tintindex":0},"north":{"uv":[5.126,6.626,5.1865,6.9365],"rotation":0,"texture":"#1","tintindex":0},"west":{"uv":[6.626,5.751,6.6865,6.0615],"rotation":0,"texture":"#1","tintindex":0},"up":{"uv":[8.4365,3.3115,8.376,3.251],"rotation":0,"texture":"#1","tintindex":0},"down":{"uv":[8.4365,3.376,8.376,3.4365],"rotation":0,"texture":"#1","tintindex":0}}},{"from":[7.0,4.5714283,7.142857],"to":[8.714286,5.714286,8.857143],"rotation":{"angle":0.0,"axis":"y","origin":[6.9142857,0.5714283,8.0]},"faces":{"east":{"uv":[15.025,0.0,16.0,0.5],"rotation":0,"texture":"#0","tintindex":0},"south":{"uv":[15.025,0.0,16.0,0.5],"rotation":0,"texture":"#0","tintindex":0},"north":{"uv":[15.025,0.0,16.0,0.5],"rotation":0,"texture":"#0","tintindex":0},"west":{"uv":[15.025,0.0,16.0,0.5],"rotation":0,"texture":"#0","tintindex":0},"up":{"uv":[15.025,0.0,16.0,0.5],"rotation":0,"texture":"#0","tintindex":0},"down":{"uv":[15.025,0.0,16.0,0.5],"rotation":0,"texture":"#0","tintindex":0}}}],"display":{"head":{"translation":[0.0,-6.4,0.0],"scale":[4.0,4.0,4.0]}}}