{"textures":{"0":"modelengine:entity/wizpiglin_2"},"elements":[{"from":[5.428571,14.580389,2.7734985],"to":[10.571428,16.866104,7.9163556],"rotation":{"angle":-22.5,"axis":"x","origin":[8.0,15.437531,5.0592127]},"faces":{"east":{"uv":[9.025,6.525,11.225,7.475],"rotation":0,"texture":"#0","tintindex":0},"south":{"uv":[10.275,7.525,12.475,8.475],"rotation":0,"texture":"#0","tintindex":0},"north":{"uv":[5.025,3.275,7.225,4.225],"rotation":0,"texture":"#0","tintindex":0},"west":{"uv":[10.275,8.525,12.475,9.475],"rotation":0,"texture":"#0","tintindex":0},"up":{"uv":[4.975,2.225,2.775,0.025],"rotation":0,"texture":"#0","tintindex":0},"down":{"uv":[4.975,2.275,2.775,4.475],"rotation":0,"texture":"#0","tintindex":0}}},{"from":[7.142857,13.437531,5.344927],"to":[8.857143,15.723246,5.9163556],"rotation":{"angle":-22.5,"axis":"x","origin":[8.0,8.0,8.0]},"faces":{"east":{"uv":[1.25,2.75,1.5,3.75],"rotation":0,"texture":"#0","tintindex":0},"south":{"uv":[1.5,0.25,2.25,1.25],"rotation":0,"texture":"#0","tintindex":0},"north":{"uv":[0.5,0.25,1.25,1.25],"rotation":0,"texture":"#0","tintindex":0},"west":{"uv":[1.25,0.25,1.5,1.25],"rotation":0,"texture":"#0","tintindex":0},"up":{"uv":[0.5,1.25,1.25,1.5],"rotation":0,"texture":"#0","tintindex":0},"down":{"uv":[1.25,1.25,2.0,1.5],"rotation":0,"texture":"#0","tintindex":0}}},{"from":[4.8571424,11.151817,2.7734985],"to":[11.142858,14.580389,7.9163556],"rotation":{"angle":-22.5,"axis":"x","origin":[8.0,15.437531,5.0592127]},"faces":{"east":{"uv":[7.775,0.025,9.975,1.475],"rotation":0,"texture":"#0","tintindex":0},"south":{"uv":[5.025,0.025,7.725,1.475],"rotation":0,"texture":"#0","tintindex":0},"north":{"uv":[4.525,4.525,7.225,5.975],"rotation":0,"texture":"#0","tintindex":0},"west":{"uv":[9.025,5.025,11.225,6.475],"rotation":0,"texture":"#0","tintindex":0},"up":{"uv":[2.725,2.225,0.025,0.025],"rotation":0,"texture":"#0","tintindex":0},"down":{"uv":[2.725,2.275,0.025,4.475],"rotation":0,"texture":"#0","tintindex":0}}},{"from":[5.428571,8.0,4.8081217],"to":[10.571428,12.571428,8.808122],"rotation":{"angle":0.0,"axis":"y","origin":[8.0,13.428572,6.5224075]},"faces":{"east":{"uv":[6.775,7.775,8.475,9.725],"rotation":0,"texture":"#0","tintindex":0},"south":{"uv":[2.275,4.525,4.475,6.475],"rotation":0,"texture":"#0","tintindex":0},"north":{"uv":[0.025,4.525,2.225,6.475],"rotation":0,"texture":"#0","tintindex":0},"west":{"uv":[0.025,8.275,1.725,10.225],"rotation":0,"texture":"#0","tintindex":0},"up":{"uv":[7.225,3.225,5.025,1.525],"rotation":0,"texture":"#0","tintindex":0},"down":{"uv":[6.725,6.025,4.525,7.725],"rotation":0,"texture":"#0","tintindex":0}}},{"from":[6.0,6.285714,5.714286],"to":[10.0,8.571428,8.571428],"rotation":{"angle":45.0,"axis":"x","origin":[8.0,8.0,8.0]},"faces":{"east":{"uv":[12.275,13.025,13.475,13.975],"rotation":0,"texture":"#0","tintindex":0},"south":{"uv":[11.775,12.025,13.475,12.975],"rotation":0,"texture":"#0","tintindex":0},"north":{"uv":[7.275,5.025,8.975,5.975],"rotation":0,"texture":"#0","tintindex":0},"west":{"uv":[0.025,13.275,1.225,14.225],"rotation":0,"texture":"#0","tintindex":0},"up":{"uv":[11.725,12.725,10.025,11.525],"rotation":0,"texture":"#0","tintindex":0},"down":{"uv":[13.475,0.025,11.775,1.225],"rotation":0,"texture":"#0","tintindex":0}}}],"display":{"head":{"translation":[0.0,-6.4,0.0],"scale":[4.0,4.0,4.0]}}}