{"textures":{"0":"modelengine:entity/wizpiglin_2"},"elements":[{"from":[7.142857,7.1233864,5.566389],"to":[8.857143,8.837672,6.1378174],"rotation":{"angle":0.0,"axis":"y","origin":[7.714286,-4.8766146,6.1378174]},"faces":{"east":{"uv":[11.525,10.775,11.725,11.475],"rotation":0,"texture":"#0","tintindex":0},"south":{"uv":[7.275,14.525,7.975,15.225],"rotation":0,"texture":"#0","tintindex":0},"north":{"uv":[13.025,6.275,13.725,6.975],"rotation":0,"texture":"#0","tintindex":0},"west":{"uv":[1.525,14.775,1.725,15.475],"rotation":0,"texture":"#0","tintindex":0},"up":{"uv":[5.725,4.475,5.025,4.275],"rotation":0,"texture":"#0","tintindex":0},"down":{"uv":[6.475,4.275,5.775,4.475],"rotation":0,"texture":"#0","tintindex":0}}},{"from":[6.0,7.1233864,6.1378174],"to":[10.0,9.980529,9.566389],"rotation":{"angle":0.0,"axis":"y","origin":[7.714286,-4.8766146,6.1378174]},"faces":{"east":{"uv":[4.525,11.775,5.975,12.975],"rotation":0,"texture":"#0","tintindex":0},"south":{"uv":[11.525,9.525,13.225,10.725],"rotation":0,"texture":"#0","tintindex":0},"north":{"uv":[11.275,5.775,12.975,6.975],"rotation":0,"texture":"#0","tintindex":0},"west":{"uv":[11.775,10.775,13.225,11.975],"rotation":0,"texture":"#0","tintindex":0},"up":{"uv":[11.225,4.975,9.525,3.525],"rotation":0,"texture":"#0","tintindex":0},"down":{"uv":[11.725,0.025,10.025,1.475],"rotation":0,"texture":"#0","tintindex":0}}},{"from":[5.428571,7.6948147,6.709246],"to":[6.0,9.409101,8.994961],"rotation":{"angle":-22.5,"axis":"z","origin":[5.714286,8.551958,7.852103]},"faces":{"east":{"uv":[14.275,9.275,15.225,9.975],"rotation":0,"texture":"#0","tintindex":0},"south":{"uv":[2.025,14.775,2.225,15.475],"rotation":0,"texture":"#0","tintindex":0},"north":{"uv":[1.775,14.775,1.975,15.475],"rotation":0,"texture":"#0","tintindex":0},"west":{"uv":[14.275,10.025,15.225,10.725],"rotation":0,"texture":"#0","tintindex":0},"up":{"uv":[1.475,14.225,1.275,13.275],"rotation":0,"texture":"#0","tintindex":0},"down":{"uv":[11.725,14.525,11.525,15.475],"rotation":0,"texture":"#0","tintindex":0}}},{"from":[9.956503,7.4761386,6.709246],"to":[10.527931,9.190424,8.994961],"rotation":{"angle":22.5,"axis":"z","origin":[9.714286,8.551958,7.852103]},"faces":{"east":{"uv":[15.225,10.025,14.275,10.725],"rotation":0,"texture":"#0","tintindex":0},"south":{"uv":[2.225,14.775,2.025,15.475],"rotation":0,"texture":"#0","tintindex":0},"north":{"uv":[1.975,14.775,1.775,15.475],"rotation":0,"texture":"#0","tintindex":0},"west":{"uv":[15.225,9.275,14.275,9.975],"rotation":0,"texture":"#0","tintindex":0},"up":{"uv":[1.275,14.225,1.475,13.275],"rotation":0,"texture":"#0","tintindex":0},"down":{"uv":[11.525,14.525,11.725,15.475],"rotation":0,"texture":"#0","tintindex":0}}}],"display":{"head":{"translation":[0.0,-6.4,0.0],"scale":[4.0,4.0,4.0]}}}