{"textures":{"0":"modelengine:entity/wizpiglin_2"},"elements":[{"from":[6.857143,5.142857,8.0],"to":[9.142858,8.0,10.857143],"rotation":{"angle":0.0,"axis":"y","origin":[6.5714283,7.428571,10.285714]},"faces":{"east":{"uv":[12.525,8.275,13.725,9.475],"rotation":0,"texture":"#0","tintindex":0},"south":{"uv":[13.275,1.275,14.225,2.475],"rotation":0,"texture":"#0","tintindex":0},"north":{"uv":[3.525,8.275,4.475,9.475],"rotation":0,"texture":"#0","tintindex":0},"west":{"uv":[10.025,12.775,11.225,13.975],"rotation":0,"texture":"#0","tintindex":0},"up":{"uv":[6.725,14.475,5.775,13.275],"rotation":0,"texture":"#0","tintindex":0},"down":{"uv":[14.225,9.525,13.275,10.725],"rotation":0,"texture":"#0","tintindex":0}}},{"from":[7.142857,1.7142854,8.0],"to":[8.857143,5.142857,10.285714],"rotation":{"angle":0.0,"axis":"y","origin":[6.285714,5.142857,10.285714]},"faces":{"east":{"uv":[13.025,4.775,13.975,6.225],"rotation":0,"texture":"#0","tintindex":0},"south":{"uv":[13.775,7.775,14.475,9.225],"rotation":0,"texture":"#0","tintindex":0},"north":{"uv":[13.775,6.275,14.475,7.725],"rotation":0,"texture":"#0","tintindex":0},"west":{"uv":[11.275,13.025,12.225,14.475],"rotation":0,"texture":"#0","tintindex":0},"up":{"uv":[14.975,11.725,14.275,10.775],"rotation":0,"texture":"#0","tintindex":0},"down":{"uv":[14.975,14.025,14.275,14.975],"rotation":0,"texture":"#0","tintindex":0}}},{"from":[7.142857,1.7142854,7.428571],"to":[8.857143,2.8571424,8.0],"rotation":{"angle":0.0,"axis":"y","origin":[6.285714,5.142857,10.285714]},"faces":{"east":{"uv":[12.275,7.025,12.475,7.475],"rotation":0,"texture":"#0","tintindex":0},"south":{"uv":[14.525,3.025,15.225,3.475],"rotation":0,"texture":"#0","tintindex":0},"north":{"uv":[14.525,0.775,15.225,1.225],"rotation":0,"texture":"#0","tintindex":0},"west":{"uv":[4.275,13.775,4.475,14.225],"rotation":0,"texture":"#0","tintindex":0},"up":{"uv":[7.225,4.475,6.525,4.275],"rotation":0,"texture":"#0","tintindex":0},"down":{"uv":[9.725,7.525,9.025,7.725],"rotation":0,"texture":"#0","tintindex":0}}}],"display":{"head":{"translation":[0.0,-6.4,0.0],"scale":[4.0,4.0,4.0]}}}