{"textures":{"0":"modelengine:entity/wizpiglin_2"},"elements":[{"from":[4.5714283,3.7142854,6.857143],"to":[6.857143,5.428571,9.714286],"rotation":{"angle":0.0,"axis":"y","origin":[4.8571424,5.142857,5.714286]},"faces":{"east":{"uv":[14.275,3.525,15.475,4.225],"rotation":0,"texture":"#0","tintindex":0},"south":{"uv":[14.525,2.275,15.475,2.975],"rotation":0,"texture":"#0","tintindex":0},"north":{"uv":[14.525,0.025,15.475,0.725],"rotation":0,"texture":"#0","tintindex":0},"west":{"uv":[4.275,14.275,5.475,14.975],"rotation":0,"texture":"#0","tintindex":0},"up":{"uv":[14.225,11.975,13.275,10.775],"rotation":0,"texture":"#0","tintindex":0},"down":{"uv":[14.475,0.025,13.525,1.225],"rotation":0,"texture":"#0","tintindex":0}}},{"from":[4.5714283,5.428571,5.714286],"to":[8.0,10.0,9.714286],"rotation":{"angle":0.0,"axis":"y","origin":[4.8571424,9.714286,5.714286]},"faces":{"east":{"uv":[1.775,8.275,3.475,10.225],"rotation":0,"texture":"#0","tintindex":0},"south":{"uv":[3.525,9.525,4.975,11.475],"rotation":0,"texture":"#0","tintindex":0},"north":{"uv":[9.525,1.525,10.975,3.475],"rotation":0,"texture":"#0","tintindex":0},"west":{"uv":[8.525,7.775,10.225,9.725],"rotation":0,"texture":"#0","tintindex":0},"up":{"uv":[11.475,11.475,10.025,9.775],"rotation":0,"texture":"#0","tintindex":0},"down":{"uv":[1.475,10.275,0.025,11.975],"rotation":0,"texture":"#0","tintindex":0}}},{"from":[4.0,6.5714283,6.857143],"to":[4.5714283,8.285714,8.571428],"rotation":{"angle":0.0,"axis":"y","origin":[4.8571424,9.714286,5.714286]},"faces":{"east":{"uv":[14.525,7.525,15.225,8.225],"rotation":0,"texture":"#0","tintindex":0},"south":{"uv":[8.275,14.775,8.475,15.475],"rotation":0,"texture":"#0","tintindex":0},"north":{"uv":[8.025,14.775,8.225,15.475],"rotation":0,"texture":"#0","tintindex":0},"west":{"uv":[14.525,8.275,15.225,8.975],"rotation":0,"texture":"#0","tintindex":0},"up":{"uv":[8.725,15.475,8.525,14.775],"rotation":0,"texture":"#0","tintindex":0},"down":{"uv":[8.975,14.775,8.775,15.475],"rotation":0,"texture":"#0","tintindex":0}}}],"display":{"head":{"translation":[0.0,-6.4,0.0],"scale":[4.0,4.0,4.0]}}}