{"textures":{"2":"modelengine:entity/magnus"},"elements":[{"from":[1.4553623,11.072733,5.842439],"to":[2.5982194,13.358447,9.84244],"rotation":{"angle":22.5,"axis":"y","origin":[5.741077,6.21559,6.128154]},"faces":{"east":{"uv":[11.75,13.5,10.875,14.0],"rotation":0,"texture":"#2","tintindex":0},"south":{"uv":[7.375,11.125,7.125,11.625],"rotation":0,"texture":"#2","tintindex":0},"north":{"uv":[4.5,8.0,4.25,8.5],"rotation":0,"texture":"#2","tintindex":0},"west":{"uv":[14.375,10.125,13.5,10.625],"rotation":0,"texture":"#2","tintindex":0},"up":{"uv":[3.5,15.125,3.75,14.25],"rotation":0,"texture":"#2","tintindex":0},"down":{"uv":[3.75,14.25,4.0,15.125],"rotation":0,"texture":"#2","tintindex":0}}},{"from":[4.0457735,9.358447,10.377298],"to":[5.188631,13.358447,13.234442],"rotation":{"angle":45.0,"axis":"y","origin":[4.6172023,11.358447,11.80587]},"faces":{"east":{"uv":[3.625,13.0,3.0,13.875],"rotation":0,"texture":"#2","tintindex":0},"south":{"uv":[5.75,14.25,5.5,15.125],"rotation":0,"texture":"#2","tintindex":0},"north":{"uv":[5.5,14.25,5.25,15.125],"rotation":0,"texture":"#2","tintindex":0},"west":{"uv":[3.0,13.0,2.375,13.875],"rotation":0,"texture":"#2","tintindex":0},"up":{"uv":[9.5,7.625,9.75,7.0],"rotation":0,"texture":"#2","tintindex":0},"down":{"uv":[8.5,13.25,8.75,13.875],"rotation":0,"texture":"#2","tintindex":0}}},{"from":[0.88393354,7.072733,3.556725],"to":[8.312506,11.072733,11.5567255],"rotation":{"angle":0.0,"axis":"y","origin":[6.3125057,6.21559,6.128154]},"faces":{"east":{"uv":[10.375,9.125,8.625,10.0],"rotation":0,"texture":"#2","tintindex":0},"south":{"uv":[11.125,2.375,9.5,3.25],"rotation":0,"texture":"#2","tintindex":0},"north":{"uv":[8.25,9.25,6.625,10.125],"rotation":0,"texture":"#2","tintindex":0},"west":{"uv":[10.25,1.5,8.5,2.375],"rotation":0,"texture":"#2","tintindex":0},"up":{"uv":[4.75,5.875,6.375,4.125],"rotation":0,"texture":"#2","tintindex":0},"down":{"uv":[5.0,0.0,6.625,1.75],"rotation":0,"texture":"#2","tintindex":0}}},{"from":[5.4553623,5.358447,2.9852962],"to":[8.883934,8.787019,4.699582],"rotation":{"angle":0.0,"axis":"y","origin":[6.3125057,6.21559,6.128154]},"faces":{"east":{"uv":[1.125,14.0,0.75,14.75],"rotation":0,"texture":"#2","tintindex":0},"south":{"uv":[9.5,6.125,8.75,6.875],"rotation":0,"texture":"#2","tintindex":0},"north":{"uv":[7.375,8.5,6.625,9.25],"rotation":0,"texture":"#2","tintindex":0},"west":{"uv":[0.75,14.0,0.375,14.75],"rotation":0,"texture":"#2","tintindex":0},"up":{"uv":[6.75,3.0,7.5,2.625],"rotation":0,"texture":"#2","tintindex":0},"down":{"uv":[1.125,14.0,1.875,14.375],"rotation":0,"texture":"#2","tintindex":0}}},{"from":[5.4553623,5.358447,10.413868],"to":[8.883934,8.787019,12.128154],"rotation":{"angle":0.0,"axis":"y","origin":[6.3125057,6.21559,6.128154]},"faces":{"east":{"uv":[10.375,14.0,10.0,14.75],"rotation":0,"texture":"#2","tintindex":0},"south":{"uv":[13.5,12.75,12.75,13.5],"rotation":0,"texture":"#2","tintindex":0},"north":{"uv":[8.0,12.75,7.25,13.5],"rotation":0,"texture":"#2","tintindex":0},"west":{"uv":[14.375,7.625,14.0,8.375],"rotation":0,"texture":"#2","tintindex":0},"up":{"uv":[10.375,14.375,11.125,14.0],"rotation":0,"texture":"#2","tintindex":0},"down":{"uv":[11.125,14.0,11.875,14.375],"rotation":0,"texture":"#2","tintindex":0}}},{"from":[1.4553623,4.787019,4.699582],"to":[4.883934,7.072733,10.985296],"rotation":{"angle":0.0,"axis":"y","origin":[6.3125057,6.21559,6.128154]},"faces":{"east":{"uv":[13.875,0.0,12.5,0.5],"rotation":0,"texture":"#2","tintindex":0},"south":{"uv":[14.5,1.375,13.75,1.875],"rotation":0,"texture":"#2","tintindex":0},"north":{"uv":[14.375,4.125,13.625,4.625],"rotation":0,"texture":"#2","tintindex":0},"west":{"uv":[13.5,3.625,12.125,4.125],"rotation":0,"texture":"#2","tintindex":0},"up":{"uv":[0.0,12.625,0.75,11.25],"rotation":0,"texture":"#2","tintindex":0},"down":{"uv":[11.25,5.25,12.0,6.625],"rotation":0,"texture":"#2","tintindex":0}}},{"from":[2.5982194,3.0727324,5.2710104],"to":[7.741077,9.929876,10.413868],"rotation":{"angle":0.0,"axis":"y","origin":[6.3125057,6.21559,6.128154]},"faces":{"east":{"uv":[8.625,7.75,7.5,9.25],"rotation":0,"texture":"#2","tintindex":0},"south":{"uv":[8.75,5.25,7.625,6.75],"rotation":0,"texture":"#2","tintindex":0},"north":{"uv":[5.625,7.0,4.5,8.5],"rotation":0,"texture":"#2","tintindex":0},"west":{"uv":[2.25,7.375,1.125,8.875],"rotation":0,"texture":"#2","tintindex":0},"up":{"uv":[9.75,9.0,10.875,7.875],"rotation":0,"texture":"#2","tintindex":0},"down":{"uv":[9.875,4.125,11.0,5.25],"rotation":0,"texture":"#2","tintindex":0}}},{"from":[2.9860964,11.072733,5.470562],"to":[4.1289535,13.358447,9.470562],"rotation":{"angle":-22.5,"axis":"y","origin":[7.2718105,6.21559,5.184848]},"faces":{"east":{"uv":[13.5,13.5,12.625,14.0],"rotation":0,"texture":"#2","tintindex":0},"south":{"uv":[4.375,13.25,4.125,13.75],"rotation":0,"texture":"#2","tintindex":0},"north":{"uv":[10.25,12.125,10.0,12.625],"rotation":0,"texture":"#2","tintindex":0},"west":{"uv":[12.625,13.5,11.75,14.0],"rotation":0,"texture":"#2","tintindex":0},"up":{"uv":[5.75,15.125,6.0,14.25],"rotation":0,"texture":"#2","tintindex":0},"down":{"uv":[6.0,14.25,6.25,15.125],"rotation":0,"texture":"#2","tintindex":0}}},{"from":[2.1497626,9.358447,4.06574],"to":[3.2926197,13.358447,6.922883],"rotation":{"angle":-45.0,"axis":"y","origin":[6.435477,6.21559,6.637169]},"faces":{"east":{"uv":[10.0,13.0,9.375,13.875],"rotation":0,"texture":"#2","tintindex":0},"south":{"uv":[8.125,14.25,7.875,15.125],"rotation":0,"texture":"#2","tintindex":0},"north":{"uv":[6.5,14.25,6.25,15.125],"rotation":0,"texture":"#2","tintindex":0},"west":{"uv":[9.375,13.0,8.75,13.875],"rotation":0,"texture":"#2","tintindex":0},"up":{"uv":[9.0,14.875,9.25,14.25],"rotation":0,"texture":"#2","tintindex":0},"down":{"uv":[1.125,14.375,1.375,15.0],"rotation":0,"texture":"#2","tintindex":0}}}],"display":{"head":{"translation":[0.0,-6.4,0.0],"scale":[4.0,4.0,4.0]}}}