{"textures":{"2":"modelengine:entity/magnus"},"elements":[{"from":[6.5714283,3.4285712,5.714286],"to":[8.857143,8.0,10.285714],"rotation":{"angle":0.0,"axis":"y","origin":[10.82071,11.120577,6.001598]},"faces":{"east":{"uv":[9.125,11.25,8.125,12.25],"rotation":0,"texture":"#2","tintindex":0},"south":{"uv":[4.125,13.25,3.625,14.25],"rotation":0,"texture":"#2","tintindex":0},"north":{"uv":[13.75,1.375,13.25,2.375],"rotation":0,"texture":"#2","tintindex":0},"west":{"uv":[12.25,6.625,11.25,7.625],"rotation":0,"texture":"#2","tintindex":0},"up":{"uv":[8.0,14.25,8.5,13.25],"rotation":0,"texture":"#2","tintindex":0},"down":{"uv":[13.25,8.625,13.75,9.625],"rotation":0,"texture":"#2","tintindex":0}}},{"from":[8.857143,3.4285712,5.714286],"to":[10.571428,5.714286,10.285714],"rotation":{"angle":0.0,"axis":"y","origin":[10.82071,11.120577,6.001598]},"faces":{"east":{"uv":[1.0,13.5,0.0,14.0],"rotation":0,"texture":"#2","tintindex":0},"south":{"uv":[14.625,8.625,14.25,9.125],"rotation":0,"texture":"#2","tintindex":0},"north":{"uv":[9.0,14.25,8.625,14.75],"rotation":0,"texture":"#2","tintindex":0},"west":{"uv":[14.25,9.625,13.25,10.125],"rotation":0,"texture":"#2","tintindex":0},"up":{"uv":[4.125,14.75,4.5,13.75],"rotation":0,"texture":"#2","tintindex":0},"down":{"uv":[4.5,13.75,4.875,14.75],"rotation":0,"texture":"#2","tintindex":0}}},{"from":[8.857143,5.714286,5.142857],"to":[11.142858,8.0,8.0],"rotation":{"angle":0.0,"axis":"y","origin":[10.82071,11.120577,6.001598]},"faces":{"east":{"uv":[10.0,13.875,9.375,14.375],"rotation":0,"texture":"#2","tintindex":0},"south":{"uv":[14.5,12.125,14.0,12.625],"rotation":0,"texture":"#2","tintindex":0},"north":{"uv":[8.75,4.75,8.25,5.25],"rotation":0,"texture":"#2","tintindex":0},"west":{"uv":[3.5,13.875,2.875,14.375],"rotation":0,"texture":"#2","tintindex":0},"up":{"uv":[2.25,8.0,2.75,7.375],"rotation":0,"texture":"#2","tintindex":0},"down":{"uv":[13.5,13.875,14.0,14.5],"rotation":0,"texture":"#2","tintindex":0}}}],"display":{"head":{"translation":[0.0,-6.4,0.0],"scale":[4.0,4.0,4.0]}}}