{"textures":{"2":"modelengine:entity/magnus"},"elements":[{"from":[3.5267844,7.483058,0.75705194],"to":[7.526785,12.625916,1.899909],"rotation":{"angle":-22.5,"axis":"y","origin":[-0.2609768,12.526308,4.9868784]},"faces":{"east":{"uv":[1.875,14.0,2.125,15.125],"rotation":0,"texture":"#2","tintindex":0},"south":{"uv":[11.875,7.625,12.75,8.75],"rotation":0,"texture":"#2","tintindex":0},"north":{"uv":[2.75,11.875,3.625,13.0],"rotation":0,"texture":"#2","tintindex":0},"west":{"uv":[12.625,14.0,12.875,15.125],"rotation":0,"texture":"#2","tintindex":0},"up":{"uv":[14.625,9.625,13.75,9.375],"rotation":0,"texture":"#2","tintindex":0},"down":{"uv":[14.875,8.375,14.0,8.625],"rotation":0,"texture":"#2","tintindex":0}}},{"from":[1.4915419,7.483058,4.255872],"to":[5.4915423,12.625916,5.3987293],"rotation":{"angle":22.5,"axis":"y","origin":[0.8324046,12.526308,4.9868784]},"faces":{"east":{"uv":[12.875,14.0,13.125,15.125],"rotation":0,"texture":"#2","tintindex":0},"south":{"uv":[12.0,5.25,12.875,6.375],"rotation":0,"texture":"#2","tintindex":0},"north":{"uv":[12.0,4.125,12.875,5.25],"rotation":0,"texture":"#2","tintindex":0},"west":{"uv":[13.125,14.0,13.375,15.125],"rotation":0,"texture":"#2","tintindex":0},"up":{"uv":[15.125,5.375,14.25,5.125],"rotation":0,"texture":"#2","tintindex":0},"down":{"uv":[15.125,5.375,14.25,5.625],"rotation":0,"texture":"#2","tintindex":0}}},{"from":[-1.4285717,5.428571,3.142857],"to":[11.142858,10.571428,11.714286],"rotation":{"angle":22.5,"axis":"x","origin":[8.0,8.0,8.0]},"faces":{"east":{"uv":[4.5,5.875,6.375,7.0],"rotation":0,"texture":"#2","tintindex":0},"south":{"uv":[4.75,3.0,7.5,4.125],"rotation":0,"texture":"#2","tintindex":0},"north":{"uv":[2.0,4.625,4.75,5.75],"rotation":0,"texture":"#2","tintindex":0},"west":{"uv":[6.375,4.125,8.25,5.25],"rotation":0,"texture":"#2","tintindex":0},"up":{"uv":[2.75,1.875,0.0,0.0],"rotation":0,"texture":"#2","tintindex":0},"down":{"uv":[2.75,1.875,0.0,3.75],"rotation":0,"texture":"#2","tintindex":0}}},{"from":[8.857143,7.142857,5.428571],"to":[13.428572,12.857143,9.428572],"rotation":{"angle":0.0,"axis":"y","origin":[8.0,8.0,8.0]},"faces":{"east":{"uv":[5.375,11.125,6.25,12.375],"rotation":0,"texture":"#2","tintindex":0},"south":{"uv":[9.25,10.0,10.25,11.25],"rotation":0,"texture":"#2","tintindex":0},"north":{"uv":[8.25,10.0,9.25,11.25],"rotation":0,"texture":"#2","tintindex":0},"west":{"uv":[6.25,11.125,7.125,12.375],"rotation":0,"texture":"#2","tintindex":0},"up":{"uv":[13.0,11.75,12.0,10.875],"rotation":0,"texture":"#2","tintindex":0},"down":{"uv":[12.75,12.0,11.75,12.875],"rotation":0,"texture":"#2","tintindex":0}}},{"from":[-4.2011147,7.142857,5.428571],"to":[0.37031412,12.857143,9.428572],"rotation":{"angle":0.0,"axis":"y","origin":[1.227457,8.0,8.0]},"faces":{"east":{"uv":[7.125,11.125,6.25,12.375],"rotation":0,"texture":"#2","tintindex":0},"south":{"uv":[10.25,10.0,9.25,11.25],"rotation":0,"texture":"#2","tintindex":0},"north":{"uv":[9.25,10.0,8.25,11.25],"rotation":0,"texture":"#2","tintindex":0},"west":{"uv":[6.25,11.125,5.375,12.375],"rotation":0,"texture":"#2","tintindex":0},"up":{"uv":[12.0,11.75,13.0,10.875],"rotation":0,"texture":"#2","tintindex":0},"down":{"uv":[11.75,12.0,12.75,12.875],"rotation":0,"texture":"#2","tintindex":0}}},{"from":[-0.2857151,4.0544863,3.0999703],"to":[10.0,7.483058,9.957113],"rotation":{"angle":0.0,"axis":"y","origin":[6.285714,4.3402004,6.2428274]},"faces":{"east":{"uv":[10.375,9.0,11.875,9.75],"rotation":0,"texture":"#2","tintindex":0},"south":{"uv":[7.875,0.75,10.125,1.5],"rotation":0,"texture":"#2","tintindex":0},"north":{"uv":[7.875,0.0,10.125,0.75],"rotation":0,"texture":"#2","tintindex":0},"west":{"uv":[1.0,10.75,2.5,11.5],"rotation":0,"texture":"#2","tintindex":0},"up":{"uv":[5.0,1.5,2.75,0.0],"rotation":0,"texture":"#2","tintindex":0},"down":{"uv":[5.0,1.5,2.75,3.0],"rotation":0,"texture":"#2","tintindex":0}}},{"from":[0.85714245,0.4620819,4.541909],"to":[8.857143,5.033511,10.256195],"rotation":{"angle":22.5,"axis":"x","origin":[4.5714283,6.4620824,8.256195]},"faces":{"east":{"uv":[10.125,0.0,11.375,1.0],"rotation":0,"texture":"#2","tintindex":0},"south":{"uv":[2.75,7.0,4.5,8.0],"rotation":0,"texture":"#2","tintindex":0},"north":{"uv":[6.75,1.625,8.5,2.625],"rotation":0,"texture":"#2","tintindex":0},"west":{"uv":[6.125,10.125,7.375,11.125],"rotation":0,"texture":"#2","tintindex":0},"up":{"uv":[6.75,3.0,5.0,1.75],"rotation":0,"texture":"#2","tintindex":0},"down":{"uv":[4.5,5.75,2.75,7.0],"rotation":0,"texture":"#2","tintindex":0}}},{"from":[1.9999995,0.054486275,2.528542],"to":[7.714286,2.3402004,8.242827],"rotation":{"angle":0.0,"axis":"y","origin":[3.142857,1.1973433,5.385685]},"faces":{"east":{"uv":[12.75,8.125,14.0,8.625],"rotation":0,"texture":"#2","tintindex":0},"south":{"uv":[12.75,11.75,14.0,12.25],"rotation":0,"texture":"#2","tintindex":0},"north":{"uv":[12.75,7.625,14.0,8.125],"rotation":0,"texture":"#2","tintindex":0},"west":{"uv":[12.75,12.25,14.0,12.75],"rotation":0,"texture":"#2","tintindex":0},"up":{"uv":[9.5,4.75,8.25,3.5],"rotation":0,"texture":"#2","tintindex":0},"down":{"uv":[5.5,8.5,4.25,9.75],"rotation":0,"texture":"#2","tintindex":0}}},{"from":[0.28571415,8.015762,5.024559],"to":[9.428572,12.015762,12.453131],"rotation":{"angle":0.0,"axis":"y","origin":[8.571428,11.158619,8.167417]},"faces":{"east":{"uv":[9.5,3.25,11.125,4.125],"rotation":0,"texture":"#2","tintindex":0},"south":{"uv":[7.5,6.875,9.5,7.75],"rotation":0,"texture":"#2","tintindex":0},"north":{"uv":[7.5,2.625,9.5,3.5],"rotation":0,"texture":"#2","tintindex":0},"west":{"uv":[9.5,6.125,11.125,7.0],"rotation":0,"texture":"#2","tintindex":0},"up":{"uv":[4.75,4.625,2.75,3.0],"rotation":0,"texture":"#2","tintindex":0},"down":{"uv":[2.0,3.75,0.0,5.375],"rotation":0,"texture":"#2","tintindex":0}}}],"display":{"head":{"translation":[0.0,-6.4,0.0],"scale":[4.0,4.0,4.0]}}}