{"textures":{"0":"modelengine:entity/canoe"},"elements":[{"from":[2.8571424,12.0,18.507757],"to":[13.142858,12.571428,20.222044],"rotation":{"angle":0.0,"axis":"y","origin":[8.0,8.0,-4.2351]},"faces":{"east":{"uv":[3.125,6.25,3.5,6.375],"rotation":0,"texture":"#0","tintindex":0},"south":{"uv":[1.25,6.25,3.5,6.375],"rotation":0,"texture":"#0","tintindex":0},"north":{"uv":[0.875,6.25,3.125,6.375],"rotation":0,"texture":"#0","tintindex":0},"west":{"uv":[3.125,6.25,3.5,6.375],"rotation":0,"texture":"#0","tintindex":0},"up":{"uv":[3.125,6.25,0.875,5.875],"rotation":0,"texture":"#0","tintindex":0},"down":{"uv":[3.125,5.875,0.875,6.25],"rotation":0,"texture":"#0","tintindex":0}}},{"from":[3.4285712,8.0,6.7077694],"to":[12.571428,9.714286,19.2792],"rotation":{"angle":0.0,"axis":"y","origin":[10.285714,10.857088,12.422056]},"faces":{"east":{"uv":[10.625,6.0,13.375,6.375],"rotation":0,"texture":"#0","tintindex":0},"south":{"uv":[14.0,4.375,14.375,2.375],"rotation":90,"texture":"#0","tintindex":0},"north":{"uv":[14.625,4.5,15.0,2.5],"rotation":270,"texture":"#0","tintindex":0},"west":{"uv":[11.0,8.625,13.75,8.25],"rotation":180,"texture":"#0","tintindex":0},"up":{"uv":[4.25,2.375,7.0,0.375],"rotation":90,"texture":"#0","tintindex":0},"down":{"uv":[1.25,2.375,4.0,0.375],"rotation":90,"texture":"#0","tintindex":0}}},{"from":[7.428571,9.524342,30.642857],"to":[8.571428,16.395771,32.0],"rotation":{"angle":22.5,"axis":"x","origin":[8.0,11.685715,30.664902]},"faces":{"east":{"uv":[5.66875,0.86875,5.41875,2.36875],"rotation":0,"texture":"#0","tintindex":0},"south":{"uv":[5.91875,0.86875,5.66875,2.36875],"rotation":0,"texture":"#0","tintindex":0},"north":{"uv":[6.41875,0.86875,6.16875,2.36875],"rotation":0,"texture":"#0","tintindex":0},"west":{"uv":[6.16875,0.86875,5.91875,2.36875],"rotation":0,"texture":"#0","tintindex":0},"up":{"uv":[5.91875,0.61875,5.66875,0.86875],"rotation":0,"texture":"#0","tintindex":0},"down":{"uv":[6.16875,0.86875,5.91875,0.61875],"rotation":0,"texture":"#0","tintindex":0}}},{"from":[7.428571,-2.0111895,-8.293406],"to":[8.571428,4.860239,-6.936262],"rotation":{"angle":-22.5,"axis":"x","origin":[8.0,11.614285,-34.6351]},"faces":{"east":{"uv":[5.91875,0.86875,6.16875,2.36875],"rotation":0,"texture":"#0","tintindex":0},"south":{"uv":[5.66875,0.86875,5.91875,2.36875],"rotation":0,"texture":"#0","tintindex":0},"north":{"uv":[6.16875,0.86875,6.41875,2.36875],"rotation":0,"texture":"#0","tintindex":0},"west":{"uv":[5.41875,0.86875,5.66875,2.36875],"rotation":0,"texture":"#0","tintindex":0},"up":{"uv":[5.66875,0.61875,5.91875,0.86875],"rotation":0,"texture":"#0","tintindex":0},"down":{"uv":[5.91875,0.86875,6.16875,0.61875],"rotation":0,"texture":"#0","tintindex":0}}},{"from":[2.8571424,12.0,5.6506147],"to":[13.142858,12.571428,7.3649006],"rotation":{"angle":0.0,"axis":"y","origin":[8.0,8.0,-4.2351]},"faces":{"east":{"uv":[3.125,6.25,3.5,6.375],"rotation":0,"texture":"#0","tintindex":0},"south":{"uv":[1.25,6.25,3.5,6.375],"rotation":0,"texture":"#0","tintindex":0},"north":{"uv":[0.875,6.25,3.125,6.375],"rotation":0,"texture":"#0","tintindex":0},"west":{"uv":[3.125,6.25,3.5,6.375],"rotation":0,"texture":"#0","tintindex":0},"up":{"uv":[3.125,6.25,0.875,5.875],"rotation":0,"texture":"#0","tintindex":0},"down":{"uv":[3.125,5.875,0.875,6.25],"rotation":0,"texture":"#0","tintindex":0}}}],"display":{"head":{"translation":[0.0,-6.4,48.9404],"scale":[4.0,4.0,4.0]}}}