{"textures":{"0":"modelengine:entity/canoe"},"elements":[{"from":[8.594512,6.869901,7.0812016],"to":[15.451655,8.595615,8.395487],"rotation":{"angle":0.0,"axis":"y","origin":[8.299251,7.7556157,7.9225755]},"faces":{"east":{"uv":[2.25,4.875,2.0,5.25],"rotation":0,"texture":"#0","tintindex":0},"south":{"uv":[3.75,4.875,2.25,5.25],"rotation":0,"texture":"#0","tintindex":0},"north":{"uv":[3.875,1.125,2.375,1.5],"rotation":0,"texture":"#0","tintindex":0},"west":{"uv":[0.5,4.875,0.25,5.25],"rotation":0,"texture":"#0","tintindex":0},"up":{"uv":[0.5,4.875,2.0,4.625],"rotation":0,"texture":"#0","tintindex":0},"down":{"uv":[2.0,4.625,3.5,4.875],"rotation":0,"texture":"#0","tintindex":0}}},{"from":[3.5186806,3.1429558,7.0679226],"to":[15.463646,12.285813,8.781377],"rotation":{"angle":0.0,"axis":"y","origin":[8.299251,7.7556157,7.9225755]},"faces":{"east":{"uv":[15.00625,14.0,14.63125,15.75],"rotation":0,"texture":"#0","tintindex":0},"south":{"uv":[10.987961,14.0,8.375,16.0],"rotation":0,"texture":"#0","tintindex":0},"north":{"uv":[5.75,16.0,8.362961,14.0],"rotation":0,"texture":"#0","tintindex":0},"west":{"uv":[14.25625,14.0,13.88125,15.75],"rotation":0,"texture":"#0","tintindex":0},"up":{"uv":[14.25625,14.0,14.63125,13.625],"rotation":0,"texture":"#0","tintindex":0},"down":{"uv":[14.63125,13.625,15.00625,14.0],"rotation":0,"texture":"#0","tintindex":0}}}],"display":{"head":{"translation":[0.0,-6.4,0.0],"scale":[4.0,4.0,4.0]}}}