{"textures":{"0":"modelengine:entity/canoe"},"elements":[{"from":[1.743803,6.869901,7.1857905],"to":[8.600945,8.595615,8.500076],"rotation":{"angle":0.0,"axis":"y","origin":[8.896207,7.7556157,8.027164]},"faces":{"east":{"uv":[0.25,4.875,0.5,5.25],"rotation":0,"texture":"#0","tintindex":0},"south":{"uv":[2.25,4.875,3.75,5.25],"rotation":0,"texture":"#0","tintindex":0},"north":{"uv":[2.375,1.125,3.875,1.5],"rotation":0,"texture":"#0","tintindex":0},"west":{"uv":[2.0,4.875,2.25,5.25],"rotation":0,"texture":"#0","tintindex":0},"up":{"uv":[2.0,4.875,0.5,4.625],"rotation":0,"texture":"#0","tintindex":0},"down":{"uv":[3.5,4.625,2.0,4.875],"rotation":0,"texture":"#0","tintindex":0}}},{"from":[1.7318125,3.1429558,7.1725116],"to":[13.676778,12.285813,8.885965],"rotation":{"angle":0.0,"axis":"y","origin":[8.896207,7.7556157,8.027164]},"faces":{"east":{"uv":[13.88125,14.0,14.25625,15.75],"rotation":0,"texture":"#0","tintindex":0},"south":{"uv":[8.375,14.0,10.987961,16.0],"rotation":0,"texture":"#0","tintindex":0},"north":{"uv":[8.362961,16.0,5.75,14.0],"rotation":0,"texture":"#0","tintindex":0},"west":{"uv":[14.63125,14.0,15.00625,15.75],"rotation":0,"texture":"#0","tintindex":0},"up":{"uv":[14.63125,14.0,14.25625,13.625],"rotation":0,"texture":"#0","tintindex":0},"down":{"uv":[15.00625,13.625,14.63125,14.0],"rotation":0,"texture":"#0","tintindex":0}}}],"display":{"head":{"translation":[0.0,-6.4,0.0],"scale":[4.0,4.0,4.0]}}}