{"textures":{"0":"modelengine:entity/canoe"},"elements":[{"from":[8.565395,4.5689497,6.8522987],"to":[21.136824,7.9975214,7.995156],"rotation":{"angle":0.0,"axis":"y","origin":[7.9939666,7.9986463,7.995352]},"faces":{"east":{"uv":[0.75,5.625,1.0,6.375],"rotation":0,"texture":"#0","tintindex":0},"south":{"uv":[4.0,5.625,6.75,6.375],"rotation":0,"texture":"#0","tintindex":0},"north":{"uv":[1.0,5.625,3.75,6.375],"rotation":0,"texture":"#0","tintindex":0},"west":{"uv":[3.75,5.625,4.0,6.375],"rotation":0,"texture":"#0","tintindex":0},"up":{"uv":[3.75,5.625,1.0,5.375],"rotation":0,"texture":"#0","tintindex":0},"down":{"uv":[6.5,5.375,3.75,5.625],"rotation":0,"texture":"#0","tintindex":0}}},{"from":[8.565395,2.6260924,6.8522987],"to":[21.136824,4.5689497,7.995156],"rotation":{"angle":0.0,"axis":"y","origin":[7.9939666,7.9986463,7.995352]},"faces":{"east":{"uv":[0.875,5.625,1.125,6.0],"rotation":0,"texture":"#0","tintindex":0},"south":{"uv":[4.125,5.625,6.875,6.0],"rotation":0,"texture":"#0","tintindex":0},"north":{"uv":[1.0,6.0,3.75,5.625],"rotation":0,"texture":"#0","tintindex":0},"west":{"uv":[3.875,5.625,4.125,6.0],"rotation":0,"texture":"#0","tintindex":0},"up":{"uv":[3.625,0.625,0.875,0.375],"rotation":0,"texture":"#0","tintindex":0},"down":{"uv":[3.625,2.125,0.875,2.375],"rotation":0,"texture":"#0","tintindex":0}}}],"display":{"head":{"translation":[0.0,-6.4,0.0],"scale":[4.0,4.0,4.0]}}}