{"textures":{"0":"modelengine:entity/canoe"},"elements":[{"from":[7.542857,9.085714,-13.984276],"to":[8.4,13.085714,-13.127132],"rotation":{"angle":0.0,"axis":"y","origin":[8.0,10.285714,-15.127132]},"faces":{"east":{"uv":[0.75,3.5,0.875,4.375],"rotation":0,"texture":"#0","tintindex":0},"south":{"uv":[1.125,3.5,1.25,4.375],"rotation":0,"texture":"#0","tintindex":0},"north":{"uv":[0.875,3.5,1.0,4.375],"rotation":0,"texture":"#0","tintindex":0},"west":{"uv":[1.0,3.5,1.125,4.375],"rotation":0,"texture":"#0","tintindex":0},"up":{"uv":[1.0,3.5,0.875,3.375],"rotation":0,"texture":"#0","tintindex":0},"down":{"uv":[1.125,3.375,1.0,3.5],"rotation":0,"texture":"#0","tintindex":0}}},{"from":[7.142857,8.277403,-16.0],"to":[8.851429,14.148832,-14.0],"rotation":{"angle":0.0,"axis":"y","origin":[8.0,10.348832,-15.314285]},"faces":{"east":{"uv":[0.821875,4.378125,1.196875,5.628125],"rotation":0,"texture":"#0","tintindex":0},"south":{"uv":[1.821875,4.378125,2.071875,5.628125],"rotation":0,"texture":"#0","tintindex":0},"north":{"uv":[1.196875,4.378125,1.446875,5.628125],"rotation":0,"texture":"#0","tintindex":0},"west":{"uv":[1.446875,4.378125,1.821875,5.628125],"rotation":0,"texture":"#0","tintindex":0},"up":{"uv":[1.446875,4.378125,1.196875,4.003125],"rotation":0,"texture":"#0","tintindex":0},"down":{"uv":[1.696875,4.003125,1.446875,4.378125],"rotation":0,"texture":"#0","tintindex":0}}}],"display":{"head":{"translation":[0.0,-6.4,-8.634331],"scale":[4.0,4.0,4.0]}}}