{"textures":{"5":"modelengine:entity/gokart_red"},"elements":[{"from":[-10.285715,8.571428,8.0],"to":[-5.714287,10.857143,10.857143],"rotation":{"angle":45.0,"axis":"x","origin":[-8.57143,9.428572,9.428572]},"faces":{"east":{"uv":[14.625,13.625,15.25,14.125],"rotation":0,"texture":"#5","tintindex":0},"south":{"uv":[13.375,4.5,14.375,5.0],"rotation":0,"texture":"#5","tintindex":0},"north":{"uv":[3.5,13.375,4.5,13.875],"rotation":0,"texture":"#5","tintindex":0},"west":{"uv":[2.375,14.75,3.0,15.25],"rotation":0,"texture":"#5","tintindex":0},"up":{"uv":[13.625,7.125,12.625,6.5],"rotation":0,"texture":"#5","tintindex":0},"down":{"uv":[13.625,7.125,12.625,7.75],"rotation":0,"texture":"#5","tintindex":0}}},{"from":[-10.285715,6.5714283,9.163162],"to":[-5.714287,9.428572,11.448876],"rotation":{"angle":0.0,"axis":"y","origin":[-9.714287,9.428572,9.163162]},"faces":{"east":{"uv":[11.375,14.625,11.875,15.25],"rotation":0,"texture":"#5","tintindex":0},"south":{"uv":[5.0,12.625,6.0,13.25],"rotation":0,"texture":"#5","tintindex":0},"north":{"uv":[12.625,2.75,13.625,3.375],"rotation":0,"texture":"#5","tintindex":0},"west":{"uv":[14.625,11.5,15.125,12.125],"rotation":0,"texture":"#5","tintindex":0},"up":{"uv":[13.125,13.75,12.125,13.25],"rotation":0,"texture":"#5","tintindex":0},"down":{"uv":[14.125,13.25,13.125,13.75],"rotation":0,"texture":"#5","tintindex":0}}},{"from":[-10.285715,9.163162,6.5714283],"to":[-5.714287,11.448876,9.428572],"rotation":{"angle":0.0,"axis":"y","origin":[-9.714287,9.163162,6.5714283]},"faces":{"east":{"uv":[14.875,10.5,15.5,11.0],"rotation":0,"texture":"#5","tintindex":0},"south":{"uv":[13.625,7.5,14.625,8.0],"rotation":0,"texture":"#5","tintindex":0},"north":{"uv":[7.5,13.625,8.5,14.125],"rotation":0,"texture":"#5","tintindex":0},"west":{"uv":[13.875,14.875,14.5,15.375],"rotation":0,"texture":"#5","tintindex":0},"up":{"uv":[8.0,13.625,7.0,13.0],"rotation":0,"texture":"#5","tintindex":0},"down":{"uv":[9.0,13.0,8.0,13.625],"rotation":0,"texture":"#5","tintindex":0}}},{"from":[-10.285715,8.0,5.142857],"to":[-5.714287,10.857143,7.428571],"rotation":{"angle":45.0,"axis":"x","origin":[-8.57143,9.428572,6.5714283]},"faces":{"east":{"uv":[14.625,6.625,15.125,7.25],"rotation":0,"texture":"#5","tintindex":0},"south":{"uv":[2.75,12.625,3.75,13.25],"rotation":0,"texture":"#5","tintindex":0},"north":{"uv":[1.75,12.625,2.75,13.25],"rotation":0,"texture":"#5","tintindex":0},"west":{"uv":[14.625,7.25,15.125,7.875],"rotation":0,"texture":"#5","tintindex":0},"up":{"uv":[14.25,4.5,13.25,4.0],"rotation":0,"texture":"#5","tintindex":0},"down":{"uv":[10.0,13.25,9.0,13.75],"rotation":0,"texture":"#5","tintindex":0}}},{"from":[-10.285715,6.5714283,4.5511236],"to":[-5.714287,9.428572,6.836838],"rotation":{"angle":0.0,"axis":"y","origin":[-9.714287,6.5714283,6.836838]},"faces":{"east":{"uv":[10.125,14.75,10.625,15.375],"rotation":0,"texture":"#5","tintindex":0},"south":{"uv":[12.875,3.375,13.875,4.0],"rotation":0,"texture":"#5","tintindex":0},"north":{"uv":[12.75,11.375,13.75,12.0],"rotation":0,"texture":"#5","tintindex":0},"west":{"uv":[12.25,14.875,12.75,15.5],"rotation":0,"texture":"#5","tintindex":0},"up":{"uv":[14.625,7.0,13.625,6.5],"rotation":0,"texture":"#5","tintindex":0},"down":{"uv":[14.625,7.0,13.625,7.5],"rotation":0,"texture":"#5","tintindex":0}}},{"from":[-10.285715,5.142857,5.142857],"to":[-5.714287,7.428571,8.0],"rotation":{"angle":45.0,"axis":"x","origin":[-8.57143,6.5714283,6.5714283]},"faces":{"east":{"uv":[6.5,14.75,7.125,15.25],"rotation":0,"texture":"#5","tintindex":0},"south":{"uv":[6.5,13.625,7.5,14.125],"rotation":0,"texture":"#5","tintindex":0},"north":{"uv":[5.5,13.625,6.5,14.125],"rotation":0,"texture":"#5","tintindex":0},"west":{"uv":[7.125,14.75,7.75,15.25],"rotation":0,"texture":"#5","tintindex":0},"up":{"uv":[13.75,9.625,12.75,9.0],"rotation":0,"texture":"#5","tintindex":0},"down":{"uv":[11.75,12.75,10.75,13.375],"rotation":0,"texture":"#5","tintindex":0}}},{"from":[-10.285715,4.5511236,6.5714283],"to":[-5.714287,6.836838,9.428572],"rotation":{"angle":0.0,"axis":"y","origin":[-9.714287,6.836838,9.428572]},"faces":{"east":{"uv":[5.25,14.75,5.875,15.25],"rotation":0,"texture":"#5","tintindex":0},"south":{"uv":[13.625,2.875,14.625,3.375],"rotation":0,"texture":"#5","tintindex":0},"north":{"uv":[13.625,2.375,14.625,2.875],"rotation":0,"texture":"#5","tintindex":0},"west":{"uv":[5.875,14.75,6.5,15.25],"rotation":0,"texture":"#5","tintindex":0},"up":{"uv":[4.75,13.375,3.75,12.75],"rotation":0,"texture":"#5","tintindex":0},"down":{"uv":[13.75,8.375,12.75,9.0],"rotation":0,"texture":"#5","tintindex":0}}},{"from":[-10.285715,5.142857,8.571428],"to":[-5.714287,8.0,10.857143],"rotation":{"angle":45.0,"axis":"x","origin":[-8.57143,6.5714283,9.428572]},"faces":{"east":{"uv":[3.0,14.75,3.5,15.375],"rotation":0,"texture":"#5","tintindex":0},"south":{"uv":[9.25,12.625,10.25,13.25],"rotation":0,"texture":"#5","tintindex":0},"north":{"uv":[12.625,7.75,13.625,8.375],"rotation":0,"texture":"#5","tintindex":0},"west":{"uv":[4.75,14.75,5.25,15.375],"rotation":0,"texture":"#5","tintindex":0},"up":{"uv":[11.75,13.875,10.75,13.375],"rotation":0,"texture":"#5","tintindex":0},"down":{"uv":[1.0,13.5,0.0,14.0],"rotation":0,"texture":"#5","tintindex":0}}},{"from":[5.714286,9.163162,6.5714283],"to":[10.285714,11.448876,9.428572],"rotation":{"angle":0.0,"axis":"y","origin":[9.714286,9.163162,6.5714283]},"faces":{"east":{"uv":[14.5,14.875,13.875,15.375],"rotation":0,"texture":"#5","tintindex":0},"south":{"uv":[14.625,7.5,13.625,8.0],"rotation":0,"texture":"#5","tintindex":0},"north":{"uv":[8.5,13.625,7.5,14.125],"rotation":0,"texture":"#5","tintindex":0},"west":{"uv":[15.5,10.5,14.875,11.0],"rotation":0,"texture":"#5","tintindex":0},"up":{"uv":[7.0,13.625,8.0,13.0],"rotation":0,"texture":"#5","tintindex":0},"down":{"uv":[8.0,13.0,9.0,13.625],"rotation":0,"texture":"#5","tintindex":0}}},{"from":[5.714286,8.0,5.142857],"to":[10.285714,10.857143,7.428571],"rotation":{"angle":45.0,"axis":"x","origin":[8.571428,9.428572,6.5714283]},"faces":{"east":{"uv":[15.125,7.25,14.625,7.875],"rotation":0,"texture":"#5","tintindex":0},"south":{"uv":[3.75,12.625,2.75,13.25],"rotation":0,"texture":"#5","tintindex":0},"north":{"uv":[2.75,12.625,1.75,13.25],"rotation":0,"texture":"#5","tintindex":0},"west":{"uv":[15.125,6.625,14.625,7.25],"rotation":0,"texture":"#5","tintindex":0},"up":{"uv":[13.25,4.5,14.25,4.0],"rotation":0,"texture":"#5","tintindex":0},"down":{"uv":[9.0,13.25,10.0,13.75],"rotation":0,"texture":"#5","tintindex":0}}},{"from":[5.714286,6.5714283,4.5511236],"to":[10.285714,9.428572,6.836838],"rotation":{"angle":0.0,"axis":"y","origin":[9.714286,6.5714283,6.836838]},"faces":{"east":{"uv":[12.75,14.875,12.25,15.5],"rotation":0,"texture":"#5","tintindex":0},"south":{"uv":[13.875,3.375,12.875,4.0],"rotation":0,"texture":"#5","tintindex":0},"north":{"uv":[13.75,11.375,12.75,12.0],"rotation":0,"texture":"#5","tintindex":0},"west":{"uv":[10.625,14.75,10.125,15.375],"rotation":0,"texture":"#5","tintindex":0},"up":{"uv":[13.625,7.0,14.625,6.5],"rotation":0,"texture":"#5","tintindex":0},"down":{"uv":[13.625,7.0,14.625,7.5],"rotation":0,"texture":"#5","tintindex":0}}},{"from":[5.714286,5.142857,5.142857],"to":[10.285714,7.428571,8.0],"rotation":{"angle":45.0,"axis":"x","origin":[8.571428,6.5714283,6.5714283]},"faces":{"east":{"uv":[7.75,14.75,7.125,15.25],"rotation":0,"texture":"#5","tintindex":0},"south":{"uv":[7.5,13.625,6.5,14.125],"rotation":0,"texture":"#5","tintindex":0},"north":{"uv":[6.5,13.625,5.5,14.125],"rotation":0,"texture":"#5","tintindex":0},"west":{"uv":[7.125,14.75,6.5,15.25],"rotation":0,"texture":"#5","tintindex":0},"up":{"uv":[12.75,9.625,13.75,9.0],"rotation":0,"texture":"#5","tintindex":0},"down":{"uv":[10.75,12.75,11.75,13.375],"rotation":0,"texture":"#5","tintindex":0}}},{"from":[5.714286,4.5511236,6.5714283],"to":[10.285714,6.836838,9.428572],"rotation":{"angle":0.0,"axis":"y","origin":[9.714286,6.836838,9.428572]},