{"textures":{"4":"modelengine:entity/magnuscracks"},"elements":[{"from":[7.428571,8.640509,3.4504747],"to":[11.428572,11.497652,5.1647606],"rotation":{"angle":-22.5,"axis":"y","origin":[8.857143,9.211937,4.8790464]},"faces":{"east":{"uv":[9.5,4.125,9.875,4.75],"rotation":0,"texture":"#4","tintindex":0},"south":{"uv":[12.875,5.5,13.75,6.125],"rotation":0,"texture":"#4","tintindex":0},"north":{"uv":[12.875,4.875,13.75,5.5],"rotation":0,"texture":"#4","tintindex":0},"west":{"uv":[1.5,12.375,1.875,13.0],"rotation":0,"texture":"#4","tintindex":0},"up":{"uv":[9.375,14.25,8.5,13.875],"rotation":0,"texture":"#4","tintindex":0},"down":{"uv":[14.75,10.625,13.875,11.0],"rotation":0,"texture":"#4","tintindex":0}}},{"from":[7.428571,5.211937,3.4504747],"to":[10.285714,8.640509,5.1647606],"rotation":{"angle":-22.5,"axis":"y","origin":[8.857143,9.211937,4.8790464]},"faces":{"east":{"uv":[8.25,9.25,8.625,10.0],"rotation":0,"texture":"#4","tintindex":0},"south":{"uv":[5.875,13.5,6.5,14.25],"rotation":0,"texture":"#4","tintindex":0},"north":{"uv":[5.25,13.5,5.875,14.25],"rotation":0,"texture":"#4","tintindex":0},"west":{"uv":[8.75,12.25,9.125,13.0],"rotation":0,"texture":"#4","tintindex":0},"up":{"uv":[2.0,5.75,1.375,5.375],"rotation":0,"texture":"#4","tintindex":0},"down":{"uv":[2.5,11.5,1.875,11.875],"rotation":0,"texture":"#4","tintindex":0}}},{"from":[4.73944,8.640509,3.4504747],"to":[8.73944,11.497652,5.1647606],"rotation":{"angle":22.5,"axis":"y","origin":[7.3108683,9.211937,4.8790464]},"faces":{"east":{"uv":[12.375,12.875,12.75,13.5],"rotation":0,"texture":"#4","tintindex":0},"south":{"uv":[1.5,13.0,2.375,13.625],"rotation":0,"texture":"#4","tintindex":0},"north":{"uv":[11.5,12.875,12.375,13.5],"rotation":0,"texture":"#4","tintindex":0},"west":{"uv":[14.0,13.875,14.375,14.5],"rotation":0,"texture":"#4","tintindex":0},"up":{"uv":[14.75,11.375,13.875,11.0],"rotation":0,"texture":"#4","tintindex":0},"down":{"uv":[14.75,11.375,13.875,11.75],"rotation":0,"texture":"#4","tintindex":0}}},{"from":[5.8822966,5.211937,3.4504747],"to":[8.73944,8.640509,5.1647606],"rotation":{"angle":22.5,"axis":"y","origin":[7.3108683,9.211937,4.8790464]},"faces":{"east":{"uv":[4.875,13.75,5.25,14.5],"rotation":0,"texture":"#4","tintindex":0},"south":{"uv":[13.5,6.875,14.125,7.625],"rotation":0,"texture":"#4","tintindex":0},"north":{"uv":[13.5,6.125,14.125,6.875],"rotation":0,"texture":"#4","tintindex":0},"west":{"uv":[0.0,14.0,0.375,14.75],"rotation":0,"texture":"#4","tintindex":0},"up":{"uv":[7.125,12.75,6.5,12.375],"rotation":0,"texture":"#4","tintindex":0},"down":{"uv":[13.5,3.25,12.875,3.625],"rotation":0,"texture":"#4","tintindex":0}}},{"from":[5.3108683,7.4976516,4.5933323],"to":[11.025154,10.926223,9.736189],"rotation":{"angle":0.0,"axis":"y","origin":[7.3108683,9.211937,4.8790464]},"faces":{"east":{"uv":[1.125,8.875,2.25,9.625],"rotation":0,"texture":"#4","tintindex":0},"south":{"uv":[12.0,9.5,13.25,10.25],"rotation":0,"texture":"#4","tintindex":0},"north":{"uv":[11.875,8.75,13.125,9.5],"rotation":0,"texture":"#4","tintindex":0},"west":{"uv":[12.125,1.75,13.25,2.5],"rotation":0,"texture":"#4","tintindex":0},"up":{"uv":[2.375,10.75,1.125,9.625],"rotation":0,"texture":"#4","tintindex":0},"down":{"uv":[3.625,9.625,2.375,10.75],"rotation":0,"texture":"#4","tintindex":0}}},{"from":[6.4537253,5.211937,4.5933323],"to":[9.882297,7.4976516,8.593332],"rotation":{"angle":0.0,"axis":"y","origin":[7.3108683,9.211937,4.8790464]},"faces":{"east":{"uv":[10.25,1.875,11.125,2.375],"rotation":0,"texture":"#4","tintindex":0},"south":{"uv":[10.25,11.5,11.0,12.0],"rotation":0,"texture":"#4","tintindex":0},"north":{"uv":[4.375,10.625,5.125,11.125],"rotation":0,"texture":"#4","tintindex":0},"west":{"uv":[10.0,13.5,10.875,14.0],"rotation":0,"texture":"#4","tintindex":0},"up":{"uv":[2.75,4.625,2.0,3.75],"rotation":0,"texture":"#4","tintindex":0},"down":{"uv":[0.75,12.625,0.0,13.5],"rotation":0,"texture":"#4","tintindex":0}}},{"from":[9.64324,10.3547945,3.8567843],"to":[15.357525,13.211937,5.57107],"rotation":{"angle":-22.5,"axis":"y","origin":[16.463112,12.3547945,4.670192]},"faces":{"east":{"uv":[14.125,5.875,14.5,6.5],"rotation":0,"texture":"#4","tintindex":0},"south":{"uv":[12.25,7.0,13.5,7.625],"rotation":0,"texture":"#4","tintindex":0},"north":{"uv":[12.25,6.375,13.5,7.0],"rotation":0,"texture":"#4","tintindex":0},"west":{"uv":[14.125,6.5,14.5,7.125],"rotation":0,"texture":"#4","tintindex":0},"up":{"uv":[14.75,1.375,13.5,1.0],"rotation":0,"texture":"#4","tintindex":0},"down":{"uv":[14.75,3.75,13.5,4.125],"rotation":0,"texture":"#4","tintindex":0}}},{"from":[8.759363,10.3547945,1.3088489],"to":[10.473649,12.06908,5.880278],"rotation":{"angle":0.0,"axis":"y","origin":[9.730792,11.211937,4.451707]},"faces":{"east":{"uv":[13.625,2.375,14.625,2.75],"rotation":0,"texture":"#4","tintindex":0},"south":{"uv":[14.25,9.625,14.625,10.0],"rotation":0,"texture":"#4","tintindex":0},"north":{"uv":[12.75,1.375,13.125,1.75],"rotation":0,"texture":"#4","tintindex":0},"west":{"uv":[13.625,2.75,14.625,3.125],"rotation":0,"texture":"#4","tintindex":0},"up":{"uv":[6.875,14.625,6.5,13.625],"rotation":0,"texture":"#4","tintindex":0},"down":{"uv":[7.25,13.625,6.875,14.625],"rotation":0,"texture":"#4","tintindex":0}}},{"from":[13.64324,13.211937,3.8567843],"to":[15.357525,14.926223,5.57107],"rotation":{"angle":-22.5,"axis":"y","origin":[16.463112,12.3547945,4.670192]},"faces":{"east":{"uv":[2.5,14.375,2.875,14.75],"rotation":0,"texture":"#4","tintindex":0},"south":{"uv":[2.875,14.375,3.25,14.75],"rotation":0,"texture":"#4","tintindex":0},"north":{"uv":[2.125,14.375,2.5,14.75],"rotation":0,"texture":"#4","tintindex":0},"west":{"uv":[14.375,4.125,14.75,4.5],"rotation":0,"texture":"#4","tintindex":0},"up":{"uv":[14.75,7.875,14.375,7.5],"rotation":0,"texture":"#4","tintindex":0},"down":{"uv":[14.75,7.875,14.375,8.25],"rotation":0,"texture":"#4","tintindex":0}}},{"from":[5.8966656,10.3547945,1.3088489],"to":[7.6109514,12.06908,5.880278],"rotation":{"angle":0.0,"axis":"y","origin":[6.6395226,11.211937,4.451707]},"faces":{"east":{"uv":[14.625,2.75,13.625,3.125],"rotation":0,"texture":"#4","tintindex":0},"south":{"uv":[14.625,9.625,14.25,10.0],"rotation":0,"texture":"#4","tintindex":0},"north":{"uv":[13.125,1.375,12.75,1.75],"rotation":0,"texture":"#4","tintindex":0},"west":{"uv":[14.625,2.375,13.625,2.75],"rotation":0,"texture":"#4","tintindex":0},"up":{"uv":[6.5,14.625,6.875,13.625],"rotation":0,"texture":"#4","tintindex":0},"down":{"uv":[6.875,13.625,7.25,14.625],"rotation":0,"texture":"#4","tintindex":0}}},{"from":[1.0127892,10.3547945,3.8567843],"to":[6.727075,13.211937,5.57107],"rotation":{"angle":22.5,"axis":"y","origin":[-0.09279728,12.3547945,4.670192]},"faces":{"east":{"uv":[14.5,6.5,14.125,7.125],"rotation":0,"texture":"#4","tintindex":0},"south":{"uv":[13.5,7.0,12.25,7.625],"rotation":0,"texture":"#4","tintindex":0},"north":{"uv":[13.5,6.375,12.25,7.0],"rotation":0,"texture":"#4","tintindex":0},"west":{"uv":[14.5,5.875,14.125,6.5],"rotation":0,"texture":"#4","tintindex":0},"up":{"uv":[13.5,1.375,14.75,1.0],"rotation":0,"texture":"#4","tintindex":0},"down":{"uv":[13.5,3.75,14.75,4.125],"rotation":0,"texture":"#4","tintindex":0}}},{"from":[1.0127892,13.211937,3.8567843],"to":[2.727075,14.926223,5.57107],"rotation":{"angle":22.5,"axis":"y","origin":[-0.09279728,12.3547945,4.670192]},"faces":{"east":{"uv":[14.75,4.125,14.375,4.5],"rotation":0,"texture":"#4","tintindex":0},"south":{"uv":[3.25,14.375,2.875,14.75],"rotation":0,"texture":"#4","tintindex":0},"north":{"uv":[2.5,14.375,2.125,14.75],"rotation":0,"texture":"#4","tintindex":0},"west":{"uv":[2.875,14.375,2.5,14.75],"rotation":0,"texture":"#4","tintindex":0},"up":{"uv":[14.375,7.875,14.75,7.5],"rotation":0,"texture":"#4","tintindex":0},"down":{"uv":[14.375,7.875,14.75,8.25],"rotation":0,"texture":"#4","tintindex":0}}}],"display":{"head":{"translation":[0.0,-6.4,0.0],"scale":[4.0,4.0,4.0]}}}