{"textures":{"4":"modelengine:entity/magnuscracks"},"elements":[{"from":[3.7142854,1.317203,6.4039803],"to":[8.857143,8.745775,12.689695],"rotation":{"angle":45.0,"axis":"x","origin":[7.428571,9.031489,10.118266]},"faces":{"east":{"uv":[2.75,5.75,1.375,7.375],"rotation":0,"texture":"#4","tintindex":0},"south":{"uv":[1.125,7.0,0.0,8.625],"rotation":0,"texture":"#4","tintindex":0},"north":{"uv":[7.5,6.875,6.375,8.5],"rotation":0,"texture":"#4","tintindex":0},"west":{"uv":[1.375,5.375,0.0,7.0],"rotation":0,"texture":"#4","tintindex":0},"up":{"uv":[5.5,9.875,6.625,8.5],"rotation":0,"texture":"#4","tintindex":0},"down":{"uv":[0.0,8.625,1.125,10.0],"rotation":0,"texture":"#4","tintindex":0}}},{"from":[4.285714,-0.39708233,6.9754086],"to":[7.714286,1.317203,12.118266],"rotation":{"angle":45.0,"axis":"x","origin":[7.428571,9.031489,10.118266]},"faces":{"east":{"uv":[14.625,13.125,13.5,13.5],"rotation":0,"texture":"#4","tintindex":0},"south":{"uv":[12.625,14.0,11.875,14.375],"rotation":0,"texture":"#4","tintindex":0},"north":{"uv":[14.75,11.75,14.0,12.125],"rotation":0,"texture":"#4","tintindex":0},"west":{"uv":[14.625,12.75,13.5,13.125],"rotation":0,"texture":"#4","tintindex":0},"up":{"uv":[12.125,3.625,12.875,2.5],"rotation":0,"texture":"#4","tintindex":0},"down":{"uv":[3.625,12.125,4.375,13.25],"rotation":0,"texture":"#4","tintindex":0}}}],"display":{"head":{"translation":[0.0,-6.4,0.0],"scale":[4.0,4.0,4.0]}}}