{"textures":{"4":"modelengine:entity/magnuscracks"},"elements":[{"from":[7.142857,1.317203,6.4039803],"to":[12.285715,8.745775,12.689695],"rotation":{"angle":45.0,"axis":"x","origin":[8.571428,9.031489,10.118266]},"faces":{"east":{"uv":[0.0,5.375,1.375,7.0],"rotation":0,"texture":"#4","tintindex":0},"south":{"uv":[0.0,7.0,1.125,8.625],"rotation":0,"texture":"#4","tintindex":0},"north":{"uv":[6.375,6.875,7.5,8.5],"rotation":0,"texture":"#4","tintindex":0},"west":{"uv":[1.375,5.75,2.75,7.375],"rotation":0,"texture":"#4","tintindex":0},"up":{"uv":[6.625,9.875,5.5,8.5],"rotation":0,"texture":"#4","tintindex":0},"down":{"uv":[1.125,8.625,0.0,10.0],"rotation":0,"texture":"#4","tintindex":0}}},{"from":[8.285714,-0.39708233,6.9754086],"to":[11.714286,1.317203,12.118266],"rotation":{"angle":45.0,"axis":"x","origin":[8.571428,9.031489,10.118266]},"faces":{"east":{"uv":[13.5,12.75,14.625,13.125],"rotation":0,"texture":"#4","tintindex":0},"south":{"uv":[11.875,14.0,12.625,14.375],"rotation":0,"texture":"#4","tintindex":0},"north":{"uv":[14.0,11.75,14.75,12.125],"rotation":0,"texture":"#4","tintindex":0},"west":{"uv":[13.5,13.125,14.625,13.5],"rotation":0,"texture":"#4","tintindex":0},"up":{"uv":[12.875,3.625,12.125,2.5],"rotation":0,"texture":"#4","tintindex":0},"down":{"uv":[4.375,12.125,3.625,13.25],"rotation":0,"texture":"#4","tintindex":0}}}],"display":{"head":{"translation":[0.0,-6.4,0.0],"scale":[4.0,4.0,4.0]}}}