{"textures":{"4":"modelengine:entity/magnuscracks"},"elements":[{"from":[13.401781,11.072733,5.842439],"to":[14.544638,13.358447,9.84244],"rotation":{"angle":-22.5,"axis":"y","origin":[10.258923,6.21559,6.128154]},"faces":{"east":{"uv":[13.5,10.125,14.375,10.625],"rotation":0,"texture":"#4","tintindex":0},"south":{"uv":[7.125,11.125,7.375,11.625],"rotation":0,"texture":"#4","tintindex":0},"north":{"uv":[4.25,8.0,4.5,8.5],"rotation":0,"texture":"#4","tintindex":0},"west":{"uv":[10.875,13.5,11.75,14.0],"rotation":0,"texture":"#4","tintindex":0},"up":{"uv":[3.75,15.125,3.5,14.25],"rotation":0,"texture":"#4","tintindex":0},"down":{"uv":[4.0,14.25,3.75,15.125],"rotation":0,"texture":"#4","tintindex":0}}},{"from":[10.811369,9.358447,10.377298],"to":[11.9542265,13.358447,13.234442],"rotation":{"angle":-45.0,"axis":"y","origin":[11.382797,11.358447,11.80587]},"faces":{"east":{"uv":[2.375,13.0,3.0,13.875],"rotation":0,"texture":"#4","tintindex":0},"south":{"uv":[5.5,14.25,5.75,15.125],"rotation":0,"texture":"#4","tintindex":0},"north":{"uv":[5.25,14.25,5.5,15.125],"rotation":0,"texture":"#4","tintindex":0},"west":{"uv":[3.0,13.0,3.625,13.875],"rotation":0,"texture":"#4","tintindex":0},"up":{"uv":[9.75,7.625,9.5,7.0],"rotation":0,"texture":"#4","tintindex":0},"down":{"uv":[8.75,13.25,8.5,13.875],"rotation":0,"texture":"#4","tintindex":0}}},{"from":[7.6874943,7.072733,3.556725],"to":[15.116066,11.072733,11.5567255],"rotation":{"angle":0.0,"axis":"y","origin":[9.687494,6.21559,6.128154]},"faces":{"east":{"uv":[8.5,1.5,10.25,2.375],"rotation":0,"texture":"#4","tintindex":0},"south":{"uv":[9.5,2.375,11.125,3.25],"rotation":0,"texture":"#4","tintindex":0},"north":{"uv":[6.625,9.25,8.25,10.125],"rotation":0,"texture":"#4","tintindex":0},"west":{"uv":[8.625,9.125,10.375,10.0],"rotation":0,"texture":"#4","tintindex":0},"up":{"uv":[6.375,5.875,4.75,4.125],"rotation":0,"texture":"#4","tintindex":0},"down":{"uv":[6.625,0.0,5.0,1.75],"rotation":0,"texture":"#4","tintindex":0}}},{"from":[7.116066,5.358447,2.9852962],"to":[10.544638,8.787019,4.699582],"rotation":{"angle":0.0,"axis":"y","origin":[9.687494,6.21559,6.128154]},"faces":{"east":{"uv":[0.375,14.0,0.75,14.75],"rotation":0,"texture":"#4","tintindex":0},"south":{"uv":[8.75,6.125,9.5,6.875],"rotation":0,"texture":"#4","tintindex":0},"north":{"uv":[6.625,8.5,7.375,9.25],"rotation":0,"texture":"#4","tintindex":0},"west":{"uv":[0.75,14.0,1.125,14.75],"rotation":0,"texture":"#4","tintindex":0},"up":{"uv":[7.5,3.0,6.75,2.625],"rotation":0,"texture":"#4","tintindex":0},"down":{"uv":[1.875,14.0,1.125,14.375],"rotation":0,"texture":"#4","tintindex":0}}},{"from":[7.116066,5.358447,10.413868],"to":[10.544638,8.787019,12.128154],"rotation":{"angle":0.0,"axis":"y","origin":[9.687494,6.21559,6.128154]},"faces":{"east":{"uv":[14.0,7.625,14.375,8.375],"rotation":0,"texture":"#4","tintindex":0},"south":{"uv":[12.75,12.75,13.5,13.5],"rotation":0,"texture":"#4","tintindex":0},"north":{"uv":[7.25,12.75,8.0,13.5],"rotation":0,"texture":"#4","tintindex":0},"west":{"uv":[10.0,14.0,10.375,14.75],"rotation":0,"texture":"#4","tintindex":0},"up":{"uv":[11.125,14.375,10.375,14.0],"rotation":0,"texture":"#4","tintindex":0},"down":{"uv":[11.875,14.0,11.125,14.375],"rotation":0,"texture":"#4","tintindex":0}}},{"from":[11.116066,4.787019,4.699582],"to":[14.544638,7.072733,10.985296],"rotation":{"angle":0.0,"axis":"y","origin":[9.687494,6.21559,6.128154]},"faces":{"east":{"uv":[12.125,3.625,13.5,4.125],"rotation":0,"texture":"#4","tintindex":0},"south":{"uv":[13.75,1.375,14.5,1.875],"rotation":0,"texture":"#4","tintindex":0},"north":{"uv":[13.625,4.125,14.375,4.625],"rotation":0,"texture":"#4","tintindex":0},"west":{"uv":[12.5,0.0,13.875,0.5],"rotation":0,"texture":"#4","tintindex":0},"up":{"uv":[0.75,12.625,0.0,11.25],"rotation":0,"texture":"#4","tintindex":0},"down":{"uv":[12.0,5.25,11.25,6.625],"rotation":0,"texture":"#4","tintindex":0}}},{"from":[8.258923,3.0727324,5.2710104],"to":[13.401781,9.929876,10.413868],"rotation":{"angle":0.0,"axis":"y","origin":[9.687494,6.21559,6.128154]},"faces":{"east":{"uv":[1.125,7.375,2.25,8.875],"rotation":0,"texture":"#4","tintindex":0},"south":{"uv":[7.625,5.25,8.75,6.75],"rotation":0,"texture":"#4","tintindex":0},"north":{"uv":[4.5,7.0,5.625,8.5],"rotation":0,"texture":"#4","tintindex":0},"west":{"uv":[7.5,7.75,8.625,9.25],"rotation":0,"texture":"#4","tintindex":0},"up":{"uv":[10.875,9.0,9.75,7.875],"rotation":0,"texture":"#4","tintindex":0},"down":{"uv":[11.0,4.125,9.875,5.25],"rotation":0,"texture":"#4","tintindex":0}}},{"from":[11.871046,11.072733,5.470562],"to":[13.013904,13.358447,9.470562],"rotation":{"angle":22.5,"axis":"y","origin":[8.728189,6.21559,5.184848]},"faces":{"east":{"uv":[11.75,13.5,12.625,14.0],"rotation":0,"texture":"#4","tintindex":0},"south":{"uv":[4.125,13.25,4.375,13.75],"rotation":0,"texture":"#4","tintindex":0},"north":{"uv":[10.0,12.125,10.25,12.625],"rotation":0,"texture":"#4","tintindex":0},"west":{"uv":[12.625,13.5,13.5,14.0],"rotation":0,"texture":"#4","tintindex":0},"up":{"uv":[6.0,15.125,5.75,14.25],"rotation":0,"texture":"#4","tintindex":0},"down":{"uv":[6.25,14.25,6.0,15.125],"rotation":0,"texture":"#4","tintindex":0}}},{"from":[12.70738,9.358447,4.06574],"to":[13.850237,13.358447,6.922883],"rotation":{"angle":45.0,"axis":"y","origin":[9.564523,6.21559,6.637169]},"faces":{"east":{"uv":[8.75,13.0,9.375,13.875],"rotation":0,"texture":"#4","tintindex":0},"south":{"uv":[7.875,14.25,8.125,15.125],"rotation":0,"texture":"#4","tintindex":0},"north":{"uv":[6.25,14.25,6.5,15.125],"rotation":0,"texture":"#4","tintindex":0},"west":{"uv":[9.375,13.0,10.0,13.875],"rotation":0,"texture":"#4","tintindex":0},"up":{"uv":[9.25,14.875,9.0,14.25],"rotation":0,"texture":"#4","tintindex":0},"down":{"uv":[1.375,14.375,1.125,15.0],"rotation":0,"texture":"#4","tintindex":0}}}],"display":{"head":{"translation":[0.0,-6.4,0.0],"scale":[4.0,4.0,4.0]}}}