{"textures":{"4":"modelengine:entity/magnuscracks"},"elements":[{"from":[5.142857,-0.9841862,13.150232],"to":[10.285714,3.0158138,19.435947],"rotation":{"angle":45.0,"axis":"x","origin":[6.285714,12.444386,16.864517]},"faces":{"east":{"uv":[9.875,5.25,11.25,6.125],"rotation":0,"texture":"#4","tintindex":0},"south":{"uv":[11.375,0.0,12.5,0.875],"rotation":0,"texture":"#4","tintindex":0},"north":{"uv":[9.125,11.25,10.25,12.125],"rotation":0,"texture":"#4","tintindex":0},"west":{"uv":[10.25,1.0,11.625,1.875],"rotation":0,"texture":"#4","tintindex":0},"up":{"uv":[9.75,9.125,8.625,7.75],"rotation":0,"texture":"#4","tintindex":0},"down":{"uv":[9.875,4.75,8.75,6.125],"rotation":0,"texture":"#4","tintindex":0}}},{"from":[6.5714283,3.0158138,13.150232],"to":[9.428572,4.7300997,18.293089],"rotation":{"angle":45.0,"axis":"x","origin":[6.285714,12.444386,16.864517]},"faces":{"east":{"uv":[13.5,13.5,14.625,13.875],"rotation":0,"texture":"#4","tintindex":0},"south":{"uv":[7.25,14.125,7.875,14.5],"rotation":0,"texture":"#4","tintindex":0},"north":{"uv":[14.125,7.125,14.75,7.5],"rotation":0,"texture":"#4","tintindex":0},"west":{"uv":[1.0,13.625,2.125,14.0],"rotation":0,"texture":"#4","tintindex":0},"up":{"uv":[5.875,13.5,5.25,12.375],"rotation":0,"texture":"#4","tintindex":0},"down":{"uv":[6.5,12.375,5.875,13.5],"rotation":0,"texture":"#4","tintindex":0}}},{"from":[6.0,-4.984186,13.150232],"to":[10.0,-0.9841862,18.293089],"rotation":{"angle":45.0,"axis":"x","origin":[6.285714,12.444386,16.864517]},"faces":{"east":{"uv":[0.75,11.5,1.875,12.375],"rotation":0,"texture":"#4","tintindex":0},"south":{"uv":[4.375,12.25,5.25,13.125],"rotation":0,"texture":"#4","tintindex":0},"north":{"uv":[9.125,12.125,10.0,13.0],"rotation":0,"texture":"#4","tintindex":0},"west":{"uv":[11.625,0.875,12.75,1.75],"rotation":0,"texture":"#4","tintindex":0},"up":{"uv":[8.0,12.75,7.125,11.625],"rotation":0,"texture":"#4","tintindex":0},"down":{"uv":[2.75,11.875,1.875,13.0],"rotation":0,"texture":"#4","tintindex":0}}},{"from":[6.0,1.8729568,12.007375],"to":[9.428572,5.8729568,13.150232],"rotation":{"angle":45.0,"axis":"x","origin":[6.285714,12.444386,16.864517]},"faces":{"east":{"uv":[8.125,14.25,8.375,15.125],"rotation":0,"texture":"#4","tintindex":0},"south":{"uv":[6.5,12.75,7.25,13.625],"rotation":0,"texture":"#4","tintindex":0},"north":{"uv":[12.75,0.5,13.5,1.375],"rotation":0,"texture":"#4","tintindex":0},"west":{"uv":[8.375,14.25,8.625,15.125],"rotation":0,"texture":"#4","tintindex":0},"up":{"uv":[12.75,12.0,12.0,11.75],"rotation":0,"texture":"#4","tintindex":0},"down":{"uv":[15.0,5.625,14.25,5.875],"rotation":0,"texture":"#4","tintindex":0}}},{"from":[6.0,-4.984186,12.007375],"to":[10.0,-2.1270428,13.150232],"rotation":{"angle":45.0,"axis":"x","origin":[6.285714,12.444386,16.864517]},"faces":{"east":{"uv":[1.375,14.375,1.625,15.0],"rotation":0,"texture":"#4","tintindex":0},"south":{"uv":[4.375,13.125,5.25,13.75],"rotation":0,"texture":"#4","tintindex":0},"north":{"uv":[13.0,10.875,13.875,11.5],"rotation":0,"texture":"#4","tintindex":0},"west":{"uv":[1.625,14.375,1.875,15.0],"rotation":0,"texture":"#4","tintindex":0},"up":{"uv":[9.375,2.625,8.5,2.375],"rotation":0,"texture":"#4","tintindex":0},"down":{"uv":[13.875,11.5,13.0,11.75],"rotation":0,"texture":"#4","tintindex":0}}}],"display":{"head":{"translation":[0.0,-6.4,0.0],"scale":[4.0,4.0,4.0]}}}