{"textures":{"2":"modelengine:entity/magnus"},"elements":[{"from":[7.142857,3.4285712,5.714286],"to":[9.428572,8.0,10.285714],"rotation":{"angle":0.0,"axis":"y","origin":[5.17929,11.120577,6.001598]},"faces":{"east":{"uv":[11.25,6.625,12.25,7.625],"rotation":0,"texture":"#2","tintindex":0},"south":{"uv":[3.625,13.25,4.125,14.25],"rotation":0,"texture":"#2","tintindex":0},"north":{"uv":[13.25,1.375,13.75,2.375],"rotation":0,"texture":"#2","tintindex":0},"west":{"uv":[8.125,11.25,9.125,12.25],"rotation":0,"texture":"#2","tintindex":0},"up":{"uv":[8.5,14.25,8.0,13.25],"rotation":0,"texture":"#2","tintindex":0},"down":{"uv":[13.75,8.625,13.25,9.625],"rotation":0,"texture":"#2","tintindex":0}}},{"from":[5.428571,3.4285712,5.714286],"to":[7.142857,5.714286,10.285714],"rotation":{"angle":0.0,"axis":"y","origin":[5.17929,11.120577,6.001598]},"faces":{"east":{"uv":[13.25,9.625,14.25,10.125],"rotation":0,"texture":"#2","tintindex":0},"south":{"uv":[14.25,8.625,14.625,9.125],"rotation":0,"texture":"#2","tintindex":0},"north":{"uv":[8.625,14.25,9.0,14.75],"rotation":0,"texture":"#2","tintindex":0},"west":{"uv":[0.0,13.5,1.0,14.0],"rotation":0,"texture":"#2","tintindex":0},"up":{"uv":[4.5,14.75,4.125,13.75],"rotation":0,"texture":"#2","tintindex":0},"down":{"uv":[4.875,13.75,4.5,14.75],"rotation":0,"texture":"#2","tintindex":0}}},{"from":[4.8571424,5.714286,5.142857],"to":[7.142857,8.0,8.0],"rotation":{"angle":0.0,"axis":"y","origin":[5.17929,11.120577,6.001598]},"faces":{"east":{"uv":[2.875,13.875,3.5,14.375],"rotation":0,"texture":"#2","tintindex":0},"south":{"uv":[14.0,12.125,14.5,12.625],"rotation":0,"texture":"#2","tintindex":0},"north":{"uv":[8.25,4.75,8.75,5.25],"rotation":0,"texture":"#2","tintindex":0},"west":{"uv":[9.375,13.875,10.0,14.375],"rotation":0,"texture":"#2","tintindex":0},"up":{"uv":[2.75,8.0,2.25,7.375],"rotation":0,"texture":"#2","tintindex":0},"down":{"uv":[14.0,13.875,13.5,14.5],"rotation":0,"texture":"#2","tintindex":0}}}],"display":{"head":{"translation":[0.0,-6.4,0.0],"scale":[4.0,4.0,4.0]}}}