{"textures":{"4":"modelengine:entity/magnuscracks"},"elements":[{"from":[5.644933,-1.7757673,3.3801818],"to":[10.216362,5.6528044,9.094467],"rotation":{"angle":0.0,"axis":"y","origin":[5.967081,1.9162378,4.2389226]},"faces":{"east":{"uv":[6.375,5.25,7.625,6.875],"rotation":0,"texture":"#4","tintindex":0},"south":{"uv":[3.25,8.0,4.25,9.625],"rotation":0,"texture":"#4","tintindex":0},"north":{"uv":[2.25,8.0,3.25,9.625],"rotation":0,"texture":"#4","tintindex":0},"west":{"uv":[6.625,0.0,7.875,1.625],"rotation":0,"texture":"#4","tintindex":0},"up":{"uv":[6.125,11.125,5.125,9.875],"rotation":0,"texture":"#4","tintindex":0},"down":{"uv":[1.0,10.0,0.0,11.25],"rotation":0,"texture":"#4","tintindex":0}}},{"from":[7.359219,-2.918624,2.808753],"to":[10.78779,1.0813761,9.665896],"rotation":{"angle":0.0,"axis":"y","origin":[5.967081,1.9162378,4.2389226]},"faces":{"east":{"uv":[3.625,9.75,5.125,10.625],"rotation":0,"texture":"#4","tintindex":0},"south":{"uv":[10.75,12.625,11.5,13.5],"rotation":0,"texture":"#4","tintindex":0},"north":{"uv":[10.0,12.625,10.75,13.5],"rotation":0,"texture":"#4","tintindex":0},"west":{"uv":[9.75,7.0,11.25,7.875],"rotation":0,"texture":"#4","tintindex":0},"up":{"uv":[6.375,8.5,5.625,7.0],"rotation":0,"texture":"#4","tintindex":0},"down":{"uv":[8.125,10.125,7.375,11.625],"rotation":0,"texture":"#4","tintindex":0}}},{"from":[6.216362,5.6528044,3.3801818],"to":[9.644934,7.938519,7.95161],"rotation":{"angle":0.0,"axis":"y","origin":[5.967081,1.9162378,4.2389226]},"faces":{"east":{"uv":[13.5,0.5,14.5,1.0],"rotation":0,"texture":"#4","tintindex":0},"south":{"uv":[13.75,4.625,14.5,5.125],"rotation":0,"texture":"#4","tintindex":0},"north":{"uv":[13.75,1.875,14.5,2.375],"rotation":0,"texture":"#4","tintindex":0},"west":{"uv":[13.5,3.25,14.5,3.75],"rotation":0,"texture":"#4","tintindex":0},"up":{"uv":[8.75,13.25,8.0,12.25],"rotation":0,"texture":"#4","tintindex":0},"down":{"uv":[1.5,12.375,0.75,13.375],"rotation":0,"texture":"#4","tintindex":0}}},{"from":[7.359219,1.6528044,2.808753],"to":[10.78779,4.509948,9.665896],"rotation":{"angle":0.0,"axis":"y","origin":[5.967081,1.9162378,4.2389226]},"faces":{"east":{"uv":[10.25,12.0,11.75,12.625],"rotation":0,"texture":"#4","tintindex":0},"south":{"uv":[7.25,13.5,8.0,14.125],"rotation":0,"texture":"#4","tintindex":0},"north":{"uv":[7.5,3.5,8.25,4.125],"rotation":0,"texture":"#4","tintindex":0},"west":{"uv":[12.0,10.25,13.5,10.875],"rotation":0,"texture":"#4","tintindex":0},"up":{"uv":[11.0,11.5,10.25,10.0],"rotation":0,"texture":"#4","tintindex":0},"down":{"uv":[4.375,10.625,3.625,12.125],"rotation":0,"texture":"#4","tintindex":0}}},{"from":[6.216362,4.509948,7.95161],"to":[9.644934,7.938519,10.237325],"rotation":{"angle":0.0,"axis":"y","origin":[5.967081,1.9162378,4.2389226]},"faces":{"east":{"uv":[13.75,5.125,14.25,5.875],"rotation":0,"texture":"#4","tintindex":0},"south":{"uv":[12.875,4.125,13.625,4.875],"rotation":0,"texture":"#4","tintindex":0},"north":{"uv":[12.875,2.5,13.625,3.25],"rotation":0,"texture":"#4","tintindex":0},"west":{"uv":[13.75,8.625,14.25,9.375],"rotation":0,"texture":"#4","tintindex":0},"up":{"uv":[14.625,0.5,13.875,0.0],"rotation":0,"texture":"#4","tintindex":0},"down":{"uv":[2.875,13.875,2.125,14.375],"rotation":0,"texture":"#4","tintindex":0}}}],"display":{"head":{"translation":[0.0,-6.4,0.0],"scale":[4.0,4.0,4.0]}}}