{"textures":{"0":"modelengine:entity/kobold_assassin"},"elements":[{"from":[6.5714283,4.862088,5.8415766],"to":[9.428572,7.7192316,9.841578],"rotation":{"angle":-22.5,"axis":"x","origin":[8.0,6.0049458,7.841577]},"faces":{"east":{"uv":[9.2625,7.5125,10.1125,8.1125],"rotation":0,"texture":"#0","tintindex":0},"south":{"uv":[10.1375,8.0125,10.7375,8.6125],"rotation":0,"texture":"#0","tintindex":0},"north":{"uv":[10.1375,7.3875,10.7375,7.9875],"rotation":0,"texture":"#0","tintindex":0},"west":{"uv":[9.2625,8.1375,10.1125,8.7375],"rotation":0,"texture":"#0","tintindex":0},"up":{"uv":[9.9875,0.8625,9.3875,0.0125],"rotation":0,"texture":"#0","tintindex":0},"down":{"uv":[1.3625,9.3875,0.7625,10.2375],"rotation":0,"texture":"#0","tintindex":0}}},{"from":[6.0,5.7100263,6.9349585],"to":[10.0,9.1385975,10.934958],"rotation":{"angle":22.5,"axis":"x","origin":[7.142857,10.281455,8.934958]},"faces":{"east":{"uv":[8.3875,4.0125,9.2375,4.7375],"rotation":0,"texture":"#0","tintindex":0},"south":{"uv":[8.3875,4.7625,9.2375,5.4875],"rotation":0,"texture":"#0","tintindex":0},"north":{"uv":[6.2625,8.1375,7.1125,8.8625],"rotation":0,"texture":"#0","tintindex":0},"west":{"uv":[8.3875,6.8875,9.2375,7.6125],"rotation":0,"texture":"#0","tintindex":0},"up":{"uv":[1.7375,8.4875,0.8875,7.6375],"rotation":0,"texture":"#0","tintindex":0},"down":{"uv":[2.6125,7.6375,1.7625,8.4875],"rotation":0,"texture":"#0","tintindex":0}}},{"from":[4.8571424,7.8887973,5.202508],"to":[11.142858,11.888798,10.345366],"rotation":{"angle":0.0,"axis":"y","origin":[7.142857,13.031654,8.345365]},"faces":{"east":{"uv":[0.0125,5.8875,1.1125,6.7375],"rotation":0,"texture":"#0","tintindex":0},"south":{"uv":[4.5125,4.7625,5.8625,5.6125],"rotation":0,"texture":"#0","tintindex":0},"north":{"uv":[4.7625,2.6375,6.1125,3.4875],"rotation":0,"texture":"#0","tintindex":0},"west":{"uv":[5.8875,0.8875,6.9875,1.7375],"rotation":0,"texture":"#0","tintindex":0},"up":{"uv":[4.7375,3.8625,3.3875,2.7625],"rotation":0,"texture":"#0","tintindex":0},"down":{"uv":[1.3625,3.8875,0.0125,4.9875],"rotation":0,"texture":"#0","tintindex":0}}},{"from":[3.142857,7.8887973,10.345366],"to":[12.285715,10.74594,12.05965],"rotation":{"angle":22.5,"axis":"z","origin":[7.714286,9.3173685,11.773936]},"faces":{"east":{"uv":[11.3875,10.1375,11.7375,10.7375],"rotation":0,"texture":"#0","tintindex":0},"south":{"uv":[2.5125,4.7625,4.4875,5.3625],"rotation":0,"texture":"#0","tintindex":0},"north":{"uv":[4.2625,2.0125,6.2375,2.6125],"rotation":0,"texture":"#0","tintindex":0},"west":{"uv":[11.5125,0.3875,11.8625,0.9875],"rotation":0,"texture":"#0","tintindex":0},"up":{"uv":[9.8625,6.8625,7.8875,6.5125],"rotation":0,"texture":"#0","tintindex":0},"down":{"uv":[10.1125,2.7625,8.1375,3.1125],"rotation":0,"texture":"#0","tintindex":0}}},{"from":[12.285715,7.8887973,11.488222],"to":[14.571428,9.603083,11.488222],"rotation":{"angle":22.5,"axis":"z","origin":[7.714286,9.3173685,11.773936]},"faces":{"east":{"uv":[0.0125,0.0125,-0.025,0.3625],"rotation":0,"texture":"#0","tintindex":0},"south":{"uv":[2.5125,11.5125,2.9875,11.8625],"rotation":0,"texture":"#0","tintindex":0},"north":{"uv":[7.2625,3.1375,7.7375,3.4875],"rotation":0,"texture":"#0","tintindex":0},"west":{"uv":[0.0125,0.0125,-0.025,0.3625],"rotation":0,"texture":"#0","tintindex":0},"up":{"uv":[0.4875,0.0125,0.0125,-0.025],"rotation":0,"texture":"#0","tintindex":0},"down":{"uv":[0.4875,0.0125,0.0125,-0.025],"rotation":0,"texture":"#0","tintindex":0}}},{"from":[10.248187,11.657558,10.073605],"to":[11.391045,15.08613,10.073605],"rotation":{"angle":-45.0,"axis":"x","origin":[11.10533,13.800417,10.645033]},"faces":{"east":{"uv":[0.0125,0.0125,-0.025,0.7375],"rotation":0,"texture":"#0","tintindex":0},"south":{"uv":[11.6375,4.1375,11.8625,4.8625],"rotation":0,"texture":"#0","tintindex":0},"north":{"uv":[4.1375,11.6375,4.3625,12.3625],"rotation":0,"texture":"#0","tintindex":0},"west":{"uv":[0.0125,0.0125,-0.025,0.7375],"rotation":0,"texture":"#0","tintindex":0},"up":{"uv":[0.2375,0.0125,0.0125,-0.025],"rotation":0,"texture":"#0","tintindex":0},"down":{"uv":[0.2375,0.0125,0.0125,-0.025],"rotation":0,"texture":"#0","tintindex":0}}},{"from":[6.5714283,9.031654,4.631079],"to":[10.0,11.3173685,5.202508],"rotation":{"angle":45.0,"axis":"z","origin":[8.285714,10.174511,4.9167933]},"faces":{"east":{"uv":[2.2375,10.0125,2.1375,10.4875],"rotation":0,"texture":"#0","tintindex":0},"south":{"uv":[11.3625,5.7625,10.6375,6.2375],"rotation":0,"texture":"#0","tintindex":0},"north":{"uv":[1.9875,10.6375,1.2625,11.1125],"rotation":0,"texture":"#0","tintindex":0},"west":{"uv":[0.7375,9.5125,0.6375,9.9875],"rotation":0,"texture":"#0","tintindex":0},"up":{"uv":[11.8875,6.2375,12.6125,6.1375],"rotation":0,"texture":"#0","tintindex":0},"down":{"uv":[11.8875,8.1375,12.6125,8.2375],"rotation":0,"texture":"#0","tintindex":0}}},{"from":[4.285714,10.731954,3.3866625],"to":[11.714286,14.731955,8.52952],"rotation":{"angle":-22.5,"axis":"x","origin":[7.142857,15.874811,6.5295196]},"faces":{"east":{"uv":[5.5125,0.0125,6.6125,0.8625],"rotation":0,"texture":"#0","tintindex":0},"south":{"uv":[4.2625,1.1375,5.8625,1.9875],"rotation":0,"texture":"#0","tintindex":0},"north":{"uv":[3.3875,3.8875,4.9875,4.7375],"rotation":0,"texture":"#0","tintindex":0},"west":{"uv":[1.3875,5.7625,2.4875,6.6125],"rotation":0,"texture":"#0","tintindex":0},"up":{"uv":[1.6125,3.8625,0.0125,2.7625],"rotation":0,"texture":"#0","tintindex":0},"down":{"uv":[4.3625,0.0125,2.7625,1.1125],"rotation":0,"texture":"#0","tintindex":0}}},{"from":[3.7142854,9.589096,4.529519],"to":[5.428571,14.160525,7.3866625],"rotation":{"angle":-22.5,"axis":"x","origin":[7.142857,15.874811,6.5295196]},"faces":{"east":{"uv":[4.8875,8.5125,5.4875,9.4875],"rotation":0,"texture":"#0","tintindex":0},"south":{"uv":[8.1375,10.5125,8.4875,11.4875],"rotation":0,"texture":"#0","tintindex":0},"north":{"uv":[5.6375,10.3875,5.9875,11.3625],"rotation":0,"texture":"#0","tintindex":0},"west":{"uv":[7.1375,8.6375,7.7375,9.6125],"rotation":0,"texture":"#0","tintindex":0},"up":{"uv":[3.9875,10.1125,3.6375,9.5125],"rotation":0,"texture":"#0","tintindex":0},"down":{"uv":[7.9875,11.3875,7.6375,11.9875],"rotation":0,"texture":"#0","tintindex":0}}},{"from":[10.571428,9.589096,4.529519],"to":[12.285715,14.160525,7.3866625],"rotation":{"angle":-22.5,"axis":"x","origin":[8.857143,15.874811,6.5295196]},"faces":{"east":{"uv":[7.7625,8.6375,8.3625,9.6125],"rotation":0,"texture":"#0","tintindex":0},"south":{"uv":[8.8875,10.5125,9.2375,11.4875],"rotation":0,"texture":"#0","tintindex":0},"north":{"uv":[8.5125,10.5125,8.8625,11.4875],"rotation":0,"texture":"#0","tintindex":0},"west":{"uv":[6.2625,8.8875,6.8625,9.8625],"rotation":0,"texture":"#0","tintindex":0},"up":{"uv":[11.7375,9.3625,11.3875,8.7625],"rotation":0,"texture":"#0","tintindex":0},"down":{"uv":[9.6125,11.3875,9.2625,11.9875],"rotation":0,"texture":"#0","tintindex":0}}},{"from":[5.428571,14.731955,3.3866625],"to":[10.571428,17.01767,8.52952],"rotation":{"angle":-22.5,"axis":"x","origin":[7.142857,15.874811,6.5295196]},"faces":{"east":{"uv":[9.2625,1.6375,10.3625,2.1125],"rotation":0,"texture":"#0","tintindex":0},"south":{"uv":[2.3875,9.2625,3.4875,9.7375],"rotation":0,"texture":"#0","tintindex":0},"north":{"uv":[9.1375,9.1375,10.2375,9.6125],"rotation":0,"texture":"#0","tintindex":0},"west":{"uv":[9.2625,3.8875,10.3625,4.3625],"rotation":0,"texture":"#0","tintindex":0},"up":{"uv":[5.4875,1.1125,4.3875,0.0125],"rotation":0,"texture":"#0","tintindex":0},"down":{"uv":[2.4875,4.6375,1.3875,5.7375],"rotation":0,"texture":"#0","tintindex":0}}}],"display":{"head":{"translation":[0.0,-6.4,0.0],"scale":[4.0,4.0,4.0]}}}