{"textures":{"0":"modelengine:entity/kobold_assassin"},"elements":[{"from":[7.142857,8.954897,1.5796227],"to":[10.0,10.0977545,3.2939086],"rotation":{"angle":0.0,"axis":"y","origin":[8.571428,8.954897,2.4367657]},"faces":{"east":{"uv":[5.5125,0.8875,5.8625,1.1125],"rotation":0,"texture":"#0","tintindex":0},"south":{"uv":[11.6375,0.0125,12.2375,0.2375],"rotation":0,"texture":"#0","tintindex":0},"north":{"uv":[3.6375,1.6375,4.2375,1.8625],"rotation":0,"texture":"#0","tintindex":0},"west":{"uv":[5.8875,1.7625,6.2375,1.9875],"rotation":0,"texture":"#0","tintindex":0},"up":{"uv":[6.9875,11.7375,6.3875,11.3875],"rotation":0,"texture":"#0","tintindex":0},"down":{"uv":[7.6125,11.3875,7.0125,11.7375],"rotation":0,"texture":"#0","tintindex":0}}},{"from":[7.285714,7.8120403,1.8653369],"to":[9.571428,8.954897,1.8653369],"rotation":{"angle":-22.5,"axis":"x","origin":[9.142858,8.954897,1.5796227]},"faces":{"east":{"uv":[11.7625,5.1375,12.3625,5.3625],"rotation":0,"texture":"#0","tintindex":0},"south":{"uv":[11.8875,3.0125,12.3625,3.2375],"rotation":0,"texture":"#0","tintindex":0},"north":{"uv":[11.8875,2.0125,12.3625,2.2375],"rotation":0,"texture":"#0","tintindex":0},"west":{"uv":[11.7625,5.3875,12.3625,5.6125],"rotation":0,"texture":"#0","tintindex":0},"up":{"uv":[3.8625,11.6125,3.3875,11.0125],"rotation":0,"texture":"#0","tintindex":0},"down":{"uv":[4.3625,11.0125,3.8875,11.6125],"rotation":0,"texture":"#0","tintindex":0}}},{"from":[7.285714,7.8120403,1.8653369],"to":[7.285714,8.954897,4.72248],"rotation":{"angle":-22.5,"axis":"x","origin":[9.142858,8.954897,1.5796227]},"faces":{"east":{"uv":[11.7625,5.1375,12.3625,5.3625],"rotation":0,"texture":"#0","tintindex":0},"south":{"uv":[11.8875,3.0125,12.3625,3.2375],"rotation":0,"texture":"#0","tintindex":0},"north":{"uv":[11.8875,2.0125,12.3625,2.2375],"rotation":0,"texture":"#0","tintindex":0},"west":{"uv":[11.7625,5.3875,12.3625,5.6125],"rotation":0,"texture":"#0","tintindex":0},"up":{"uv":[3.8625,11.6125,3.3875,11.0125],"rotation":0,"texture":"#0","tintindex":0},"down":{"uv":[4.3625,11.0125,3.8875,11.6125],"rotation":0,"texture":"#0","tintindex":0}}},{"from":[9.571428,7.8120403,1.8653369],"to":[9.571428,8.954897,4.72248],"rotation":{"angle":-22.5,"axis":"x","origin":[9.142858,8.954897,1.5796227]},"faces":{"east":{"uv":[11.7625,5.1375,12.3625,5.3625],"rotation":0,"texture":"#0","tintindex":0},"south":{"uv":[11.8875,3.0125,12.3625,3.2375],"rotation":0,"texture":"#0","tintindex":0},"north":{"uv":[11.8875,2.0125,12.3625,2.2375],"rotation":0,"texture":"#0","tintindex":0},"west":{"uv":[11.7625,5.3875,12.3625,5.6125],"rotation":0,"texture":"#0","tintindex":0},"up":{"uv":[3.8625,11.6125,3.3875,11.0125],"rotation":0,"texture":"#0","tintindex":0},"down":{"uv":[4.3625,11.0125,3.8875,11.6125],"rotation":0,"texture":"#0","tintindex":0}}},{"from":[6.552669,8.954897,3.4038415],"to":[7.695526,10.0977545,6.2609844],"rotation":{"angle":-22.5,"axis":"y","origin":[7.124098,11.240612,4.8324127]},"faces":{"east":{"uv":[11.6375,11.2625,12.2375,11.4875],"rotation":0,"texture":"#0","tintindex":0},"south":{"uv":[5.2625,9.5125,5.4875,9.7375],"rotation":0,"texture":"#0","tintindex":0},"north":{"uv":[4.6375,9.2625,4.8625,9.4875],"rotation":0,"texture":"#0","tintindex":0},"west":{"uv":[11.6375,11.5125,12.2375,11.7375],"rotation":0,"texture":"#0","tintindex":0},"up":{"uv":[3.6125,10.9875,3.3875,10.3875],"rotation":0,"texture":"#0","tintindex":0},"down":{"uv":[2.8625,10.5125,2.6375,11.1125],"rotation":0,"texture":"#0","tintindex":0}}},{"from":[7.714286,10.0977545,1.5796227],"to":[9.428572,11.240612,3.2939086],"rotation":{"angle":0.0,"axis":"y","origin":[8.571428,8.954897,2.4367657]},"faces":{"east":{"uv":[11.8875,4.3875,12.2375,4.6125],"rotation":0,"texture":"#0","tintindex":0},"south":{"uv":[11.8875,4.6375,12.2375,4.8625],"rotation":0,"texture":"#0","tintindex":0},"north":{"uv":[11.8875,4.1375,12.2375,4.3625],"rotation":0,"texture":"#0","tintindex":0},"west":{"uv":[5.1375,11.8875,5.4875,12.1125],"rotation":0,"texture":"#0","tintindex":0},"up":{"uv":[2.3625,12.1125,2.0125,11.7625],"rotation":0,"texture":"#0","tintindex":0},"down":{"uv":[6.7375,11.7625,6.3875,12.1125],"rotation":0,"texture":"#0","tintindex":0}}},{"from":[7.0746217,9.961284,3.5379171],"to":[7.0746217,11.67557,5.823632],"rotation":{"angle":-22.5,"axis":"y","origin":[7.6460505,12.246998,4.3950605]},"faces":{"east":{"uv":[11.5125,6.2625,11.9875,6.6125],"rotation":0,"texture":"#0","tintindex":0},"south":{"uv":[0.0125,0.0125,-0.025,0.3625],"rotation":0,"texture":"#0","tintindex":0},"north":{"uv":[0.0125,0.0125,-0.025,0.3625],"rotation":0,"texture":"#0","tintindex":0},"west":{"uv":[11.5125,7.3875,11.9875,7.7375],"rotation":0,"texture":"#0","tintindex":0},"up":{"uv":[0.0125,0.4875,-0.025,0.0125],"rotation":0,"texture":"#0","tintindex":0},"down":{"uv":[0.0125,0.0125,-0.025,0.4875],"rotation":0,"texture":"#0","tintindex":0}}},{"from":[10.154702,9.961284,3.9754887],"to":[10.154702,11.67557,6.261203],"rotation":{"angle":22.5,"axis":"y","origin":[8.440416,14.532713,4.8326316]},"faces":{"east":{"uv":[11.9875,7.3875,11.5125,7.7375],"rotation":0,"texture":"#0","tintindex":0},"south":{"uv":[0.0125,0.0125,-0.025,0.3625],"rotation":0,"texture":"#0","tintindex":0},"north":{"uv":[0.0125,0.0125,-0.025,0.3625],"rotation":0,"texture":"#0","tintindex":0},"west":{"uv":[11.9875,6.2625,11.5125,6.6125],"rotation":0,"texture":"#0","tintindex":0},"up":{"uv":[0.0125,0.4875,-0.025,0.0125],"rotation":0,"texture":"#0","tintindex":0},"down":{"uv":[0.0125,0.0125,-0.025,0.4875],"rotation":0,"texture":"#0","tintindex":0}}},{"from":[7.142857,8.954897,3.2939086],"to":[10.0,10.0977545,6.7224803],"rotation":{"angle":0.0,"axis":"y","origin":[8.285714,10.0977545,3.5796227]},"faces":{"east":{"uv":[11.5125,1.2625,12.2375,1.4875],"rotation":0,"texture":"#0","tintindex":0},"south":{"uv":[11.6375,7.1375,12.2375,7.3625],"rotation":0,"texture":"#0","tintindex":0},"north":{"uv":[11.6375,6.8875,12.2375,7.1125],"rotation":0,"texture":"#0","tintindex":0},"west":{"uv":[4.3875,11.5125,5.1125,11.7375],"rotation":0,"texture":"#0","tintindex":0},"up":{"uv":[9.9875,3.8625,9.3875,3.1375],"rotation":0,"texture":"#0","tintindex":0},"down":{"uv":[2.8625,9.7625,2.2625,10.4875],"rotation":0,"texture":"#0","tintindex":0}}},{"from":[7.142857,9.720264,3.1416678],"to":[10.0,12.005979,5.998811],"rotation":{"angle":-22.5,"axis":"x","origin":[8.571428,10.863121,5.141668]},"faces":{"east":{"uv":[10.8875,0.3875,11.4875,0.8625],"rotation":0,"texture":"#0","tintindex":0},"south":{"uv":[0.6375,10.8875,1.2375,11.3625],"rotation":0,"texture":"#0","tintindex":0},"north":{"uv":[10.2625,10.7625,10.8625,11.2375],"rotation":0,"texture":"#0","tintindex":0},"west":{"uv":[10.8875,8.2625,11.4875,8.7375],"rotation":0,"texture":"#0","tintindex":0},"up":{"uv":[10.7375,4.9875,10.1375,4.3875],"rotation":0,"texture":"#0","tintindex":0},"down":{"uv":[10.7375,6.7625,10.1375,7.3625],"rotation":0,"texture":"#0","tintindex":0}}},{"from":[6.5714283,7.6755695,5.496212],"to":[10.571428,12.246998,9.496212],"rotation":{"angle":0.0,"axis":"y","origin":[8.0,11.104141,5.210498]},"faces":{"east":{"uv":[2.0125,6.6375,2.8625,7.6125],"rotation":0,"texture":"#0","tintindex":0},"south":{"uv":[2.8875,6.6375,3.7375,7.6125],"rotation":0,"texture":"#0","tintindex":0},"north":{"uv":[1.1375,6.6375,1.9875,7.6125],"rotation":0,"texture":"#0","tintindex":0},"west":{"uv":[0.0125,6.7625,0.8625,7.7375],"rotation":0,"texture":"#0","tintindex":0},"up":{"uv":[8.1125,3.1125,7.2625,2.2625],"rotation":0,"texture":"#0","tintindex":0},"down":{"uv":[8.3625,6.8875,7.5125,7.7375],"rotation":0,"texture":"#0","tintindex":0}}},{"from":[6.552669,8.954897,5.606145],"to":[7.695526,10.0977545,6.749002],"rotation":{"angle":22.5,"axis":"y","origin":[7.124098,9.526326,7.034716]},"faces":{"east":{"uv":[0.0125,12.0125,0.2375,12.2375],"rotation":0,"texture":"#0","tintindex":0},"south":{"uv":[0.2625,12.0125,0.4875,12.2375],"rotation":0,"texture":"#0","tintindex":0},"north":{"uv":[8.6375,11.8875,8.8625,12.1125],"rotation":0,