{"textures":{"0":"modelengine:entity/kobold_assassin"},"elements":[{"from":[4.8571424,7.303382,8.52952],"to":[11.142858,15.874811,12.52952],"rotation":{"angle":22.5,"axis":"x","origin":[7.142857,10.160525,9.3866625]},"faces":{"east":{"uv":[1.6375,2.7625,2.4875,4.6125],"rotation":0,"texture":"#0","tintindex":0},"south":{"uv":[1.3875,0.0125,2.7375,1.8625],"rotation":0,"texture":"#0","tintindex":0},"north":{"uv":[0.0125,0.0125,1.3625,1.8625],"rotation":0,"texture":"#0","tintindex":0},"west":{"uv":[2.5125,2.7625,3.3625,4.6125],"rotation":0,"texture":"#0","tintindex":0},"up":{"uv":[1.3625,5.8625,0.0125,5.0125],"rotation":0,"texture":"#0","tintindex":0},"down":{"uv":[6.3625,3.5125,5.0125,4.3625],"rotation":0,"texture":"#0","tintindex":0}}},{"from":[5.428571,9.714286,10.0],"to":[10.571428,13.714286,14.0],"rotation":{"angle":45.0,"axis":"x","origin":[7.142857,9.714286,10.857143]},"faces":{"east":{"uv":[7.7625,0.0125,8.6125,0.8625],"rotation":0,"texture":"#0","tintindex":0},"south":{"uv":[6.0125,5.2625,7.1125,6.1125],"rotation":0,"texture":"#0","tintindex":0},"north":{"uv":[5.8875,4.3875,6.9875,5.2375],"rotation":0,"texture":"#0","tintindex":0},"west":{"uv":[7.7625,0.8875,8.6125,1.7375],"rotation":0,"texture":"#0","tintindex":0},"up":{"uv":[7.2375,3.4875,6.1375,2.6375],"rotation":0,"texture":"#0","tintindex":0},"down":{"uv":[7.1125,6.1375,6.0125,6.9875],"rotation":0,"texture":"#0","tintindex":0}}}],"display":{"head":{"translation":[0.0,-6.4,0.0],"scale":[4.0,4.0,4.0]}}}