{"textures":{"0":"modelengine:entity/kobold_assassin"},"elements":[{"from":[6.5714283,6.857143,4.5714283],"to":[9.428572,8.0,8.571428],"rotation":{"angle":0.0,"axis":"y","origin":[8.0,8.0,4.8571424]},"faces":{"east":{"uv":[2.7625,1.6375,3.6125,1.8625],"rotation":0,"texture":"#0","tintindex":0},"south":{"uv":[11.7625,4.8875,12.3625,5.1125],"rotation":0,"texture":"#0","tintindex":0},"north":{"uv":[4.3875,11.7625,4.9875,11.9875],"rotation":0,"texture":"#0","tintindex":0},"west":{"uv":[11.3875,10.7625,12.2375,10.9875],"rotation":0,"texture":"#0","tintindex":0},"up":{"uv":[6.9875,4.3625,6.3875,3.5125],"rotation":0,"texture":"#0","tintindex":0},"down":{"uv":[4.6125,9.2625,4.0125,10.1125],"rotation":0,"texture":"#0","tintindex":0}}},{"from":[7.142857,8.0,4.8571424],"to":[8.857143,8.571428,4.8571424],"rotation":{"angle":0.0,"axis":"y","origin":[8.0,8.0,4.8571424]},"faces":{"east":{"uv":[2.5125,4.6375,3.2375,4.7375],"rotation":0,"texture":"#0","tintindex":0},"south":{"uv":[7.1375,6.8875,7.4875,6.9875],"rotation":0,"texture":"#0","tintindex":0},"north":{"uv":[4.2625,2.6375,4.6125,2.7375],"rotation":0,"texture":"#0","tintindex":0},"west":{"uv":[9.3875,1.5125,10.1125,1.6125],"rotation":0,"texture":"#0","tintindex":0},"up":{"uv":[5.4875,11.8625,5.1375,11.1375],"rotation":0,"texture":"#0","tintindex":0},"down":{"uv":[11.4875,7.3875,11.1375,8.1125],"rotation":0,"texture":"#0","tintindex":0}}},{"from":[8.857143,8.0,4.8571424],"to":[8.857143,8.571428,7.714286],"rotation":{"angle":0.0,"axis":"y","origin":[8.0,8.0,4.8571424]},"faces":{"east":{"uv":[2.5125,4.6375,3.2375,4.7375],"rotation":0,"texture":"#0","tintindex":0},"south":{"uv":[7.1375,6.8875,7.4875,6.9875],"rotation":0,"texture":"#0","tintindex":0},"north":{"uv":[4.2625,2.6375,4.6125,2.7375],"rotation":0,"texture":"#0","tintindex":0},"west":{"uv":[9.3875,1.5125,10.1125,1.6125],"rotation":0,"texture":"#0","tintindex":0},"up":{"uv":[5.4875,11.8625,5.1375,11.1375],"rotation":0,"texture":"#0","tintindex":0},"down":{"uv":[11.4875,7.3875,11.1375,8.1125],"rotation":0,"texture":"#0","tintindex":0}}},{"from":[7.142857,8.0,4.8571424],"to":[7.142857,8.571428,7.714286],"rotation":{"angle":0.0,"axis":"y","origin":[8.0,8.0,4.8571424]},"faces":{"east":{"uv":[2.5125,4.6375,3.2375,4.7375],"rotation":0,"texture":"#0","tintindex":0},"south":{"uv":[7.1375,6.8875,7.4875,6.9875],"rotation":0,"texture":"#0","tintindex":0},"north":{"uv":[4.2625,2.6375,4.6125,2.7375],"rotation":0,"texture":"#0","tintindex":0},"west":{"uv":[9.3875,1.5125,10.1125,1.6125],"rotation":0,"texture":"#0","tintindex":0},"up":{"uv":[5.4875,11.8625,5.1375,11.1375],"rotation":0,"texture":"#0","tintindex":0},"down":{"uv":[11.4875,7.3875,11.1375,8.1125],"rotation":0,"texture":"#0","tintindex":0}}},{"from":[6.857143,6.285714,5.714286],"to":[9.142858,7.428571,9.714286],"rotation":{"angle":22.5,"axis":"x","origin":[8.0,6.285714,7.428571]},"faces":{"east":{"uv":[11.3875,11.0125,12.2375,11.2375],"rotation":0,"texture":"#0","tintindex":0},"south":{"uv":[1.2625,11.8875,1.7375,12.1125],"rotation":0,"texture":"#0","tintindex":0},"north":{"uv":[11.8875,0.7625,12.3625,0.9875],"rotation":0,"texture":"#0","tintindex":0},"west":{"uv":[11.5125,1.0125,12.3625,1.2375],"rotation":0,"texture":"#0","tintindex":0},"up":{"uv":[10.4875,5.8625,10.0125,5.0125],"rotation":0,"texture":"#0","tintindex":0},"down":{"uv":[4.1125,10.1375,3.6375,10.9875],"rotation":0,"texture":"#0","tintindex":0}}}],"display":{"head":{"translation":[0.0,-6.4,0.0],"scale":[4.0,4.0,4.0]}}}