{"textures":{"0":"modelengine:entity/kobold_assassin"},"elements":[{"from":[6.857143,5.6585937,-0.50343895],"to":[9.142858,7.9443083,6.353704],"rotation":{"angle":-22.5,"axis":"x","origin":[11.142858,13.087166,4.9251323]},"faces":{"east":{"uv":[2.7625,1.1375,4.2375,1.6125],"rotation":0,"texture":"#0","tintindex":0},"south":{"uv":[11.3875,5.7625,11.8625,6.2375],"rotation":0,"texture":"#0","tintindex":0},"north":{"uv":[5.5125,11.3875,5.9875,11.8625],"rotation":0,"texture":"#0","tintindex":0},"west":{"uv":[7.7625,1.7625,9.2375,2.2375],"rotation":0,"texture":"#0","tintindex":0},"up":{"uv":[8.3625,5.4875,7.8875,4.0125],"rotation":0,"texture":"#0","tintindex":0},"down":{"uv":[3.9875,8.0125,3.5125,9.4875],"rotation":0,"texture":"#0","tintindex":0}}}],"display":{"head":{"translation":[0.0,-6.4,0.0],"scale":[4.0,4.0,4.0]}}}