{"textures":{"0":"modelengine:entity/kobold_assassin"},"elements":[{"from":[7.3727584,7.4599447,10.59399],"to":[8.515615,8.602802,12.879705],"rotation":{"angle":-22.5,"axis":"x","origin":[9.087045,0.87072134,9.163858]},"faces":{"east":{"uv":[3.7625,6.6375,4.2375,6.8625],"rotation":0,"texture":"#0","tintindex":0},"south":{"uv":[9.8875,6.5125,10.1125,6.7375],"rotation":0,"texture":"#0","tintindex":0},"north":{"uv":[8.1375,9.6375,8.3625,9.8625],"rotation":0,"texture":"#0","tintindex":0},"west":{"uv":[11.7625,10.5125,12.2375,10.7375],"rotation":0,"texture":"#0","tintindex":0},"up":{"uv":[12.1125,0.7375,11.8875,0.2625],"rotation":0,"texture":"#0","tintindex":0},"down":{"uv":[0.7375,11.8875,0.5125,12.3625],"rotation":0,"texture":"#0","tintindex":0}}},{"from":[7.3727584,8.293368,9.637914],"to":[8.515615,9.436225,10.780771],"rotation":{"angle":0.0,"axis":"y","origin":[9.087045,0.8930645,10.990471]},"faces":{"east":{"uv":[10.1375,2.7625,10.3625,2.9875],"rotation":0,"texture":"#0","tintindex":0},"south":{"uv":[6.3875,10.6375,6.6125,10.8625],"rotation":0,"texture":"#0","tintindex":0},"north":{"uv":[10.0125,0.6375,10.2375,0.8625],"rotation":0,"texture":"#0","tintindex":0},"west":{"uv":[7.8875,11.0125,8.1125,11.2375],"rotation":0,"texture":"#0","tintindex":0},"up":{"uv":[12.1125,8.4875,11.8875,8.2625],"rotation":0,"texture":"#0","tintindex":0},"down":{"uv":[8.6125,11.8875,8.3875,12.1125],"rotation":0,"texture":"#0","tintindex":0}}}],"display":{"head":{"translation":[0.0,-6.4,0.0],"scale":[4.0,4.0,4.0]}}}