{"textures":{"0":"modelengine:entity/kobold_assassin"},"elements":[{"from":[5.142857,5.714286,4.8571424],"to":[8.0,9.714286,8.857143],"rotation":{"angle":-22.5,"axis":"x","origin":[11.428572,10.857143,6.857143]},"faces":{"east":{"uv":[2.6375,7.6375,3.4875,8.4875],"rotation":0,"texture":"#0","tintindex":0},"south":{"uv":[0.0125,9.5125,0.6125,10.3625],"rotation":0,"texture":"#0","tintindex":0},"north":{"uv":[9.3875,5.0125,9.9875,5.8625],"rotation":0,"texture":"#0","tintindex":0},"west":{"uv":[0.0125,7.7625,0.8625,8.6125],"rotation":0,"texture":"#0","tintindex":0},"up":{"uv":[5.2375,10.3625,4.6375,9.5125],"rotation":0,"texture":"#0","tintindex":0},"down":{"uv":[7.4875,9.6375,6.8875,10.4875],"rotation":0,"texture":"#0","tintindex":0}}},{"from":[4.5714283,6.285714,7.1404786],"to":[5.142857,8.571428,13.997622],"rotation":{"angle":22.5,"axis":"x","origin":[11.428572,10.857143,8.56905]},"faces":{"east":{"uv":[9.3625,5.5125,7.8875,5.9875],"rotation":0,"texture":"#0","tintindex":0},"south":{"uv":[7.1125,4.6375,7.0125,5.1125],"rotation":0,"texture":"#0","tintindex":0},"north":{"uv":[7.8625,4.0125,7.7625,4.4875],"rotation":0,"texture":"#0","tintindex":0},"west":{"uv":[9.3625,6.0125,7.8875,6.4875],"rotation":0,"texture":"#0","tintindex":0},"up":{"uv":[1.1125,11.3875,1.0125,12.8625],"rotation":0,"texture":"#0","tintindex":0},"down":{"uv":[1.2375,12.8625,1.1375,11.3875],"rotation":0,"texture":"#0","tintindex":0}}},{"from":[4.5714283,6.5714283,1.9976215],"to":[5.142857,8.285714,5.9976215],"rotation":{"angle":22.5,"axis":"x","origin":[11.428572,10.857143,8.56905]},"faces":{"east":{"uv":[5.8625,4.3875,5.0125,4.7375],"rotation":0,"texture":"#0","tintindex":0},"south":{"uv":[5.9875,5.2625,5.8875,5.6125],"rotation":0,"texture":"#0","tintindex":0},"north":{"uv":[2.3625,9.3875,2.2625,9.7375],"rotation":0,"texture":"#0","tintindex":0},"west":{"uv":[10.1125,8.7625,9.2625,9.1125],"rotation":0,"texture":"#0","tintindex":0},"up":{"uv":[5.1125,11.7625,5.0125,12.6125],"rotation":0,"texture":"#0","tintindex":0},"down":{"uv":[7.6125,12.6125,7.5125,11.7625],"rotation":0,"texture":"#0","tintindex":0}}},{"from":[4.285714,5.714286,5.9976215],"to":[5.428571,9.142858,7.1404786],"rotation":{"angle":22.5,"axis":"x","origin":[11.428572,10.857143,8.56905]},"faces":{"east":{"uv":[3.4875,8.5125,3.2625,9.2375],"rotation":0,"texture":"#0","tintindex":0},"south":{"uv":[1.1125,6.7625,0.8875,7.4875],"rotation":0,"texture":"#0","tintindex":0},"north":{"uv":[7.1125,8.8875,6.8875,9.6125],"rotation":0,"texture":"#0","tintindex":0},"west":{"uv":[9.2375,11.5125,9.0125,12.2375],"rotation":0,"texture":"#0","tintindex":0},"up":{"uv":[12.2375,3.7625,12.0125,3.9875],"rotation":0,"texture":"#0","tintindex":0},"down":{"uv":[4.6125,12.2375,4.3875,12.0125],"rotation":0,"texture":"#0","tintindex":0}}},{"from":[5.714286,2.8571424,5.428571],"to":[8.0,5.714286,8.857143],"rotation":{"angle":-22.5,"axis":"x","origin":[11.428572,10.857143,6.857143]},"faces":{"east":{"uv":[2.8875,9.7625,3.6125,10.3625],"rotation":0,"texture":"#0","tintindex":0},"south":{"uv":[10.8875,10.6375,11.3625,11.2375],"rotation":0,"texture":"#0","tintindex":0},"north":{"uv":[10.8875,10.0125,11.3625,10.6125],"rotation":0,"texture":"#0","tintindex":0},"west":{"uv":[5.2625,9.7625,5.9875,10.3625],"rotation":0,"texture":"#0","tintindex":0},"up":{"uv":[3.3625,11.1125,2.8875,10.3875],"rotation":0,"texture":"#0","tintindex":0},"down":{"uv":[5.1125,10.3875,4.6375,11.1125],"rotation":0,"texture":"#0","tintindex":0}}},{"from":[6.0,0.47411346,4.9810157],"to":[7.714286,1.616971,6.6953015],"rotation":{"angle":-45.0,"axis":"x","origin":[11.428572,8.474114,4.6953015]},"faces":{"east":{"uv":[11.8875,5.6375,12.2375,5.8625],"rotation":0,"texture":"#0","tintindex":0},"south":{"uv":[11.8875,5.8875,12.2375,6.1125],"rotation":0,"texture":"#0","tintindex":0},"north":{"uv":[5.5125,11.8875,5.8625,12.1125],"rotation":0,"texture":"#0","tintindex":0},"west":{"uv":[8.0125,11.8875,8.3625,12.1125],"rotation":0,"texture":"#0","tintindex":0},"up":{"uv":[7.1125,12.1125,6.7625,11.7625],"rotation":0,"texture":"#0","tintindex":0},"down":{"uv":[7.4875,11.7625,7.1375,12.1125],"rotation":0,"texture":"#0","tintindex":0}}}],"display":{"head":{"translation":[0.0,-6.4,0.0],"scale":[4.0,4.0,4.0]}}}