{"textures":{"0":"modelengine:entity/kobold_assassin"},"elements":[{"from":[6.5714283,5.142857,5.142857],"to":[9.428572,8.0,8.0],"rotation":{"angle":0.0,"axis":"y","origin":[12.571428,14.857143,3.7142854]},"faces":{"east":{"uv":[10.2625,0.6375,10.8625,1.2375],"rotation":0,"texture":"#0","tintindex":0},"south":{"uv":[10.2625,8.6375,10.8625,9.2375],"rotation":0,"texture":"#0","tintindex":0},"north":{"uv":[0.6375,10.2625,1.2375,10.8625],"rotation":0,"texture":"#0","tintindex":0},"west":{"uv":[0.0125,10.3875,0.6125,10.9875],"rotation":0,"texture":"#0","tintindex":0},"up":{"uv":[10.9875,1.8625,10.3875,1.2625],"rotation":0,"texture":"#0","tintindex":0},"down":{"uv":[10.9875,1.8875,10.3875,2.4875],"rotation":0,"texture":"#0","tintindex":0}}},{"from":[6.0,5.142857,4.5714283],"to":[7.714286,6.857143,8.571428],"rotation":{"angle":0.0,"axis":"y","origin":[12.571428,14.857143,3.7142854]},"faces":{"east":{"uv":[10.7625,3.0125,11.6125,3.3625],"rotation":0,"texture":"#0","tintindex":0},"south":{"uv":[10.8875,11.7625,11.2375,12.1125],"rotation":0,"texture":"#0","tintindex":0},"north":{"uv":[10.5125,11.7625,10.8625,12.1125],"rotation":0,"texture":"#0","tintindex":0},"west":{"uv":[10.7625,3.3875,11.6125,3.7375],"rotation":0,"texture":"#0","tintindex":0},"up":{"uv":[6.9875,0.8625,6.6375,0.0125],"rotation":0,"texture":"#0","tintindex":0},"down":{"uv":[9.6125,10.5125,9.2625,11.3625],"rotation":0,"texture":"#0","tintindex":0}}},{"from":[6.0,2.8571424,4.5714283],"to":[7.714286,4.5714283,8.571428],"rotation":{"angle":0.0,"axis":"y","origin":[12.571428,14.857143,3.7142854]},"faces":{"east":{"uv":[10.7625,6.6375,11.6125,6.9875],"rotation":0,"texture":"#0","tintindex":0},"south":{"uv":[11.6375,11.7625,11.9875,12.1125],"rotation":0,"texture":"#0","tintindex":0},"north":{"uv":[11.2625,11.7625,11.6125,12.1125],"rotation":0,"texture":"#0","tintindex":0},"west":{"uv":[10.7625,7.0125,11.6125,7.3625],"rotation":0,"texture":"#0","tintindex":0},"up":{"uv":[6.3625,11.4875,6.0125,10.6375],"rotation":0,"texture":"#0","tintindex":0},"down":{"uv":[11.1125,7.3875,10.7625,8.2375],"rotation":0,"texture":"#0","tintindex":0}}},{"from":[6.0,1.1428566,4.5714283],"to":[8.857143,2.8571424,8.571428],"rotation":{"angle":-22.5,"axis":"z","origin":[7.142857,1.4285712,6.5714283]},"faces":{"east":{"uv":[10.7625,4.2625,11.6125,4.6125],"rotation":0,"texture":"#0","tintindex":0},"south":{"uv":[11.3875,9.7625,11.9875,10.1125],"rotation":0,"texture":"#0","tintindex":0},"north":{"uv":[11.3875,9.3875,11.9875,9.7375],"rotation":0,"texture":"#0","tintindex":0},"west":{"uv":[10.7625,4.6375,11.6125,4.9875],"rotation":0,"texture":"#0","tintindex":0},"up":{"uv":[8.1125,10.4875,7.5125,9.6375],"rotation":0,"texture":"#0","tintindex":0},"down":{"uv":[9.7375,9.6375,9.1375,10.4875],"rotation":0,"texture":"#0","tintindex":0}}},{"from":[6.5714283,1.7142854,5.142857],"to":[8.857143,5.142857,8.0],"rotation":{"angle":0.0,"axis":"y","origin":[12.571428,14.857143,3.7142854]},"faces":{"east":{"uv":[9.7625,9.6375,10.3625,10.3625],"rotation":0,"texture":"#0","tintindex":0},"south":{"uv":[10.3875,9.2625,10.8625,9.9875],"rotation":0,"texture":"#0","tintindex":0},"north":{"uv":[5.1375,10.3875,5.6125,11.1125],"rotation":0,"texture":"#0","tintindex":0},"west":{"uv":[6.0125,9.8875,6.6125,10.6125],"rotation":0,"texture":"#0","tintindex":0},"up":{"uv":[0.4875,11.6125,0.0125,11.0125],"rotation":0,"texture":"#0","tintindex":0},"down":{"uv":[11.4875,0.8875,11.0125,1.4875],"rotation":0,"texture":"#0","tintindex":0}}}],"display":{"head":{"translation":[0.0,-6.4,0.0],"scale":[4.0,4.0,4.0]}}}