{"textures":{"0":"modelengine:entity/kobold_assassin"},"elements":[{"from":[7.142857,9.057659,9.170735],"to":[8.857143,11.343373,11.4564495],"rotation":{"angle":-22.5,"axis":"x","origin":[8.0,10.200516,12.027879]},"faces":{"east":{"uv":[11.1375,11.2625,11.6125,11.7375],"rotation":0,"texture":"#0","tintindex":0},"south":{"uv":[3.0125,11.5125,3.3625,11.9875],"rotation":0,"texture":"#0","tintindex":0},"north":{"uv":[7.1375,8.1375,7.4875,8.6125],"rotation":0,"texture":"#0","tintindex":0},"west":{"uv":[0.5125,11.3875,0.9875,11.8625],"rotation":0,"texture":"#0","tintindex":0},"up":{"uv":[6.3625,11.9875,6.0125,11.5125],"rotation":0,"texture":"#0","tintindex":0},"down":{"uv":[11.8625,8.1375,11.5125,8.6125],"rotation":0,"texture":"#0","tintindex":0}}},{"from":[6.857143,8.051272,6.3970037],"to":[9.142858,10.336987,9.825575],"rotation":{"angle":0.0,"axis":"y","origin":[11.714286,6.9084153,6.682718]},"faces":{"east":{"uv":[10.3875,2.5125,11.1125,2.9875],"rotation":0,"texture":"#0","tintindex":0},"south":{"uv":[10.6375,11.2625,11.1125,11.7375],"rotation":0,"texture":"#0","tintindex":0},"north":{"uv":[10.1375,11.2625,10.6125,11.7375],"rotation":0,"texture":"#0","tintindex":0},"west":{"uv":[10.3875,3.7625,11.1125,4.2375],"rotation":0,"texture":"#0","tintindex":0},"up":{"uv":[2.6125,11.2375,2.1375,10.5125],"rotation":0,"texture":"#0","tintindex":0},"down":{"uv":[10.9875,5.0125,10.5125,5.7375],"rotation":0,"texture":"#0","tintindex":0}}}],"display":{"head":{"translation":[0.0,-6.4,0.0],"scale":[4.0,4.0,4.0]}}}