{"textures":{"0":"modelengine:entity/kobold_assassin"},"elements":[{"from":[6.5714283,5.142857,5.142857],"to":[9.428572,8.0,8.0],"rotation":{"angle":0.0,"axis":"y","origin":[3.4285712,14.857143,3.7142854]},"faces":{"east":{"uv":[0.6125,10.3875,0.0125,10.9875],"rotation":0,"texture":"#0","tintindex":0},"south":{"uv":[10.8625,8.6375,10.2625,9.2375],"rotation":0,"texture":"#0","tintindex":0},"north":{"uv":[1.2375,10.2625,0.6375,10.8625],"rotation":0,"texture":"#0","tintindex":0},"west":{"uv":[10.8625,0.6375,10.2625,1.2375],"rotation":0,"texture":"#0","tintindex":0},"up":{"uv":[10.3875,1.8625,10.9875,1.2625],"rotation":0,"texture":"#0","tintindex":0},"down":{"uv":[10.3875,1.8875,10.9875,2.4875],"rotation":0,"texture":"#0","tintindex":0}}},{"from":[8.285714,5.142857,4.5714283],"to":[10.0,6.857143,8.571428],"rotation":{"angle":0.0,"axis":"y","origin":[3.4285712,14.857143,3.7142854]},"faces":{"east":{"uv":[11.6125,3.3875,10.7625,3.7375],"rotation":0,"texture":"#0","tintindex":0},"south":{"uv":[11.2375,11.7625,10.8875,12.1125],"rotation":0,"texture":"#0","tintindex":0},"north":{"uv":[10.8625,11.7625,10.5125,12.1125],"rotation":0,"texture":"#0","tintindex":0},"west":{"uv":[11.6125,3.0125,10.7625,3.3625],"rotation":0,"texture":"#0","tintindex":0},"up":{"uv":[6.6375,0.8625,6.9875,0.0125],"rotation":0,"texture":"#0","tintindex":0},"down":{"uv":[9.2625,10.5125,9.6125,11.3625],"rotation":0,"texture":"#0","tintindex":0}}},{"from":[8.285714,2.8571424,4.5714283],"to":[10.0,4.5714283,8.571428],"rotation":{"angle":0.0,"axis":"y","origin":[3.4285712,14.857143,3.7142854]},"faces":{"east":{"uv":[11.6125,7.0125,10.7625,7.3625],"rotation":0,"texture":"#0","tintindex":0},"south":{"uv":[11.9875,11.7625,11.6375,12.1125],"rotation":0,"texture":"#0","tintindex":0},"north":{"uv":[11.6125,11.7625,11.2625,12.1125],"rotation":0,"texture":"#0","tintindex":0},"west":{"uv":[11.6125,6.6375,10.7625,6.9875],"rotation":0,"texture":"#0","tintindex":0},"up":{"uv":[6.0125,11.4875,6.3625,10.6375],"rotation":0,"texture":"#0","tintindex":0},"down":{"uv":[10.7625,7.3875,11.1125,8.2375],"rotation":0,"texture":"#0","tintindex":0}}},{"from":[7.142857,1.1428566,4.5714283],"to":[10.0,2.8571424,8.571428],"rotation":{"angle":22.5,"axis":"z","origin":[8.857143,1.4285712,6.5714283]},"faces":{"east":{"uv":[11.6125,4.6375,10.7625,4.9875],"rotation":0,"texture":"#0","tintindex":0},"south":{"uv":[11.9875,9.7625,11.3875,10.1125],"rotation":0,"texture":"#0","tintindex":0},"north":{"uv":[11.9875,9.3875,11.3875,9.7375],"rotation":0,"texture":"#0","tintindex":0},"west":{"uv":[11.6125,4.2625,10.7625,4.6125],"rotation":0,"texture":"#0","tintindex":0},"up":{"uv":[7.5125,10.4875,8.1125,9.6375],"rotation":0,"texture":"#0","tintindex":0},"down":{"uv":[9.1375,9.6375,9.7375,10.4875],"rotation":0,"texture":"#0","tintindex":0}}},{"from":[7.142857,1.7142854,5.142857],"to":[9.428572,5.142857,8.0],"rotation":{"angle":0.0,"axis":"y","origin":[3.4285712,14.857143,3.7142854]},"faces":{"east":{"uv":[6.6125,9.8875,6.0125,10.6125],"rotation":0,"texture":"#0","tintindex":0},"south":{"uv":[10.8625,9.2625,10.3875,9.9875],"rotation":0,"texture":"#0","tintindex":0},"north":{"uv":[5.6125,10.3875,5.1375,11.1125],"rotation":0,"texture":"#0","tintindex":0},"west":{"uv":[10.3625,9.6375,9.7625,10.3625],"rotation":0,"texture":"#0","tintindex":0},"up":{"uv":[0.0125,11.6125,0.4875,11.0125],"rotation":0,"texture":"#0","tintindex":0},"down":{"uv":[11.0125,0.8875,11.4875,1.4875],"rotation":0,"texture":"#0","tintindex":0}}}],"display":{"head":{"translation":[0.0,-6.4,0.0],"scale":[4.0,4.0,4.0]}}}