{"textures":{"0":"modelengine:entity/kobold_assassin"},"elements":[{"from":[6.857143,3.9443078,5.782275],"to":[10.857143,9.658594,9.782275],"rotation":{"angle":-22.5,"axis":"x","origin":[6.0,7.9443083,7.782275]},"faces":{"east":{"uv":[5.9875,5.6375,5.1375,6.8625],"rotation":0,"texture":"#0","tintindex":0},"south":{"uv":[5.1125,5.6375,4.2625,6.8625],"rotation":0,"texture":"#0","tintindex":0},"north":{"uv":[3.3625,5.3875,2.5125,6.6125],"rotation":0,"texture":"#0","tintindex":0},"west":{"uv":[4.2375,5.3875,3.3875,6.6125],"rotation":0,"texture":"#0","tintindex":0},"up":{"uv":[7.7625,3.9875,8.6125,3.1375],"rotation":0,"texture":"#0","tintindex":0},"down":{"uv":[7.5125,7.7625,8.3625,8.6125],"rotation":0,"texture":"#0","tintindex":0}}},{"from":[10.857143,5.2427444,-0.67263985],"to":[11.428572,7.5284586,6.1845036],"rotation":{"angle":-22.5,"axis":"x","origin":[6.857143,17.814175,6.4702177]},"faces":{"east":{"uv":[9.6125,2.2625,8.1375,2.7375],"rotation":0,"texture":"#0","tintindex":0},"south":{"uv":[9.3625,5.0125,9.2625,5.4875],"rotation":0,"texture":"#0","tintindex":0},"north":{"uv":[0.8625,8.6375,0.7625,9.1125],"rotation":0,"texture":"#0","tintindex":0},"west":{"uv":[5.4875,8.0125,4.0125,8.4875],"rotation":0,"texture":"#0","tintindex":0},"up":{"uv":[3.3875,13.1125,3.4875,11.6375],"rotation":0,"texture":"#0","tintindex":0},"down":{"uv":[3.5125,11.6375,3.6125,13.1125],"rotation":0,"texture":"#0","tintindex":0}}},{"from":[10.571428,4.6713157,6.1845036],"to":[11.714286,8.099887,7.3273606],"rotation":{"angle":-22.5,"axis":"x","origin":[6.857143,17.814175,6.4702177]},"faces":{"east":{"uv":[4.1125,11.6375,3.8875,12.3625],"rotation":0,"texture":"#0","tintindex":0},"south":{"uv":[3.8625,11.6375,3.6375,12.3625],"rotation":0,"texture":"#0","tintindex":0},"north":{"uv":[11.8625,1.5125,11.6375,2.2375],"rotation":0,"texture":"#0","tintindex":0},"west":{"uv":[11.8625,2.8875,11.6375,3.6125],"rotation":0,"texture":"#0","tintindex":0},"up":{"uv":[4.6375,12.2375,4.8625,12.0125],"rotation":0,"texture":"#0","tintindex":0},"down":{"uv":[5.8875,12.0125,6.1125,12.2375],"rotation":0,"texture":"#0","tintindex":0}}},{"from":[10.857143,5.5284586,7.3273606],"to":[11.428572,7.2427444,11.327361],"rotation":{"angle":-22.5,"axis":"x","origin":[6.857143,17.814175,6.4702177]},"faces":{"east":{"uv":[11.6125,0.0125,10.7625,0.3625],"rotation":0,"texture":"#0","tintindex":0},"south":{"uv":[1.3625,10.2625,1.2625,10.6125],"rotation":0,"texture":"#0","tintindex":0},"north":{"uv":[10.2375,8.6375,10.1375,8.9875],"rotation":0,"texture":"#0","tintindex":0},"west":{"uv":[11.4875,6.2625,10.6375,6.6125],"rotation":0,"texture":"#0","tintindex":0},"up":{"uv":[2.8875,12.7375,2.9875,11.8875],"rotation":0,"texture":"#0","tintindex":0},"down":{"uv":[11.8875,3.2625,11.9875,4.1125],"rotation":0,"texture":"#0","tintindex":0}}},{"from":[7.428571,1.6585937,6.9251328],"to":[10.857143,3.9443078,9.782275],"rotation":{"angle":-22.5,"axis":"x","origin":[6.0,7.9443083,7.782275]},"faces":{"east":{"uv":[11.6125,2.0125,11.0125,2.4875],"rotation":0,"texture":"#0","tintindex":0},"south":{"uv":[8.1125,10.5125,7.3875,10.9875],"rotation":0,"texture":"#0","tintindex":0},"north":{"uv":[7.3625,10.5125,6.6375,10.9875],"rotation":0,"texture":"#0","tintindex":0},"west":{"uv":[11.6125,1.5125,11.0125,1.9875],"rotation":0,"texture":"#0","tintindex":0},"up":{"uv":[1.3875,10.6125,2.1125,10.0125],"rotation":0,"texture":"#0","tintindex":0},"down":{"uv":[10.0125,3.1375,10.7375,3.7375],"rotation":0,"texture":"#0","tintindex":0}}}],"display":{"head":{"translation":[0.0,-6.4,0.0],"scale":[4.0,4.0,4.0]}}}