{"textures":{"0":"modelengine:entity/kobold_assassin"},"elements":[{"from":[7.142857,6.811473,5.146227],"to":[8.857143,8.525759,8.574799],"rotation":{"angle":0.0,"axis":"y","origin":[4.5714283,17.097187,8.860513]},"faces":{"east":{"uv":[7.8625,11.0125,7.1375,11.3625],"rotation":0,"texture":"#0","tintindex":0},"south":{"uv":[12.1125,9.0125,11.7625,9.3625],"rotation":0,"texture":"#0","tintindex":0},"north":{"uv":[12.1125,8.6375,11.7625,8.9875],"rotation":0,"texture":"#0","tintindex":0},"west":{"uv":[7.1125,11.0125,6.3875,11.3625],"rotation":0,"texture":"#0","tintindex":0},"up":{"uv":[1.2625,11.8625,1.6125,11.1375],"rotation":0,"texture":"#0","tintindex":0},"down":{"uv":[1.6375,11.1375,1.9875,11.8625],"rotation":0,"texture":"#0","tintindex":0}}},{"from":[6.285714,9.151666,4.238427],"to":[9.714286,10.865952,5.9527125],"rotation":{"angle":22.5,"axis":"x","origin":[8.285714,10.008808,-0.3330021]},"faces":{"east":{"uv":[12.1125,10.1375,11.7625,10.4875],"rotation":0,"texture":"#0","tintindex":0},"south":{"uv":[3.3625,11.1375,2.6375,11.4875],"rotation":0,"texture":"#0","tintindex":0},"north":{"uv":[11.8625,2.5125,11.1375,2.8625],"rotation":0,"texture":"#0","tintindex":0},"west":{"uv":[10.4875,11.7625,10.1375,12.1125],"rotation":0,"texture":"#0","tintindex":0},"up":{"uv":[11.1375,4.1125,11.8625,3.7625],"rotation":0,"texture":"#0","tintindex":0},"down":{"uv":[4.3875,11.1375,5.1125,11.4875],"rotation":0,"texture":"#0","tintindex":0}}}],"display":{"head":{"translation":[0.0,-6.4,0.0],"scale":[4.0,4.0,4.0]}}}