{"textures":{"0":"modelengine:entity/kobold_assassin"},"elements":[{"from":[6.857143,5.6585937,-0.50343895],"to":[9.142858,7.9443083,6.353704],"rotation":{"angle":-22.5,"axis":"x","origin":[4.8571424,13.087166,4.9251323]},"faces":{"east":{"uv":[9.2375,1.7625,7.7625,2.2375],"rotation":0,"texture":"#0","tintindex":0},"south":{"uv":[11.8625,5.7625,11.3875,6.2375],"rotation":0,"texture":"#0","tintindex":0},"north":{"uv":[5.9875,11.3875,5.5125,11.8625],"rotation":0,"texture":"#0","tintindex":0},"west":{"uv":[4.2375,1.1375,2.7625,1.6125],"rotation":0,"texture":"#0","tintindex":0},"up":{"uv":[7.8875,5.4875,8.3625,4.0125],"rotation":0,"texture":"#0","tintindex":0},"down":{"uv":[3.5125,8.0125,3.9875,9.4875],"rotation":0,"texture":"#0","tintindex":0}}}],"display":{"head":{"translation":[0.0,-6.4,0.0],"scale":[4.0,4.0,4.0]}}}