{"textures":{"0":"modelengine:entity/kobold_assassin"},"elements":[{"from":[8.0,5.714286,4.8571424],"to":[10.857143,9.714286,8.857143],"rotation":{"angle":-22.5,"axis":"x","origin":[4.5714283,10.857143,6.857143]},"faces":{"east":{"uv":[0.8625,7.7625,0.0125,8.6125],"rotation":0,"texture":"#0","tintindex":0},"south":{"uv":[0.6125,9.5125,0.0125,10.3625],"rotation":0,"texture":"#0","tintindex":0},"north":{"uv":[9.9875,5.0125,9.3875,5.8625],"rotation":0,"texture":"#0","tintindex":0},"west":{"uv":[3.4875,7.6375,2.6375,8.4875],"rotation":0,"texture":"#0","tintindex":0},"up":{"uv":[4.6375,10.3625,5.2375,9.5125],"rotation":0,"texture":"#0","tintindex":0},"down":{"uv":[6.8875,9.6375,7.4875,10.4875],"rotation":0,"texture":"#0","tintindex":0}}},{"from":[10.857143,6.285714,6.5690503],"to":[11.428572,8.571428,13.426193],"rotation":{"angle":22.5,"axis":"x","origin":[4.5714283,10.857143,8.56905]},"faces":{"east":{"uv":[7.8875,6.0125,9.3625,6.4875],"rotation":0,"texture":"#0","tintindex":0},"south":{"uv":[7.0125,4.6375,7.1125,5.1125],"rotation":0,"texture":"#0","tintindex":0},"north":{"uv":[7.7625,4.0125,7.8625,4.4875],"rotation":0,"texture":"#0","tintindex":0},"west":{"uv":[7.8875,5.5125,9.3625,5.9875],"rotation":0,"texture":"#0","tintindex":0},"up":{"uv":[1.0125,11.3875,1.1125,12.8625],"rotation":0,"texture":"#0","tintindex":0},"down":{"uv":[1.1375,12.8625,1.2375,11.3875],"rotation":0,"texture":"#0","tintindex":0}}},{"from":[10.857143,6.5714283,1.4261928],"to":[11.428572,8.285714,5.4261928],"rotation":{"angle":22.5,"axis":"x","origin":[4.5714283,10.857143,8.56905]},"faces":{"east":{"uv":[9.2625,8.7625,10.1125,9.1125],"rotation":0,"texture":"#0","tintindex":0},"south":{"uv":[5.8875,5.2625,5.9875,5.6125],"rotation":0,"texture":"#0","tintindex":0},"north":{"uv":[2.2625,9.3875,2.3625,9.7375],"rotation":0,"texture":"#0","tintindex":0},"west":{"uv":[5.0125,4.3875,5.8625,4.7375],"rotation":0,"texture":"#0","tintindex":0},"up":{"uv":[5.0125,11.7625,5.1125,12.6125],"rotation":0,"texture":"#0","tintindex":0},"down":{"uv":[7.5125,12.6125,7.6125,11.7625],"rotation":0,"texture":"#0","tintindex":0}}},{"from":[10.571428,5.714286,5.4261928],"to":[11.714286,9.142858,6.5690503],"rotation":{"angle":22.5,"axis":"x","origin":[4.5714283,10.857143,8.56905]},"faces":{"east":{"uv":[9.0125,11.5125,9.2375,12.2375],"rotation":0,"texture":"#0","tintindex":0},"south":{"uv":[0.8875,6.7625,1.1125,7.4875],"rotation":0,"texture":"#0","tintindex":0},"north":{"uv":[6.8875,8.8875,7.1125,9.6125],"rotation":0,"texture":"#0","tintindex":0},"west":{"uv":[3.2625,8.5125,3.4875,9.2375],"rotation":0,"texture":"#0","tintindex":0},"up":{"uv":[12.0125,3.7625,12.2375,3.9875],"rotation":0,"texture":"#0","tintindex":0},"down":{"uv":[4.3875,12.2375,4.6125,12.0125],"rotation":0,"texture":"#0","tintindex":0}}},{"from":[8.0,2.8571424,5.428571],"to":[10.285714,5.714286,8.857143],"rotation":{"angle":-22.5,"axis":"x","origin":[4.5714283,10.857143,6.857143]},"faces":{"east":{"uv":[5.9875,9.7625,5.2625,10.3625],"rotation":0,"texture":"#0","tintindex":0},"south":{"uv":[11.3625,10.6375,10.8875,11.2375],"rotation":0,"texture":"#0","tintindex":0},"north":{"uv":[11.3625,10.0125,10.8875,10.6125],"rotation":0,"texture":"#0","tintindex":0},"west":{"uv":[3.6125,9.7625,2.8875,10.3625],"rotation":0,"texture":"#0","tintindex":0},"up":{"uv":[2.8875,11.1125,3.3625,10.3875],"rotation":0,"texture":"#0","tintindex":0},"down":{"uv":[4.6375,10.3875,5.1125,11.1125],"rotation":0,"texture":"#0","tintindex":0}}},{"from":[8.285714,0.47411346,4.9810157],"to":[10.0,1.616971,6.6953015],"rotation":{"angle":-45.0,"axis":"x","origin":[4.5714283,8.474114,4.6953015]},"faces":{"east":{"uv":[8.3625,11.8875,8.0125,12.1125],"rotation":0,"texture":"#0","tintindex":0},"south":{"uv":[12.2375,5.8875,11.8875,6.1125],"rotation":0,"texture":"#0","tintindex":0},"north":{"uv":[5.8625,11.8875,5.5125,12.1125],"rotation":0,"texture":"#0","tintindex":0},"west":{"uv":[12.2375,5.6375,11.8875,5.8625],"rotation":0,"texture":"#0","tintindex":0},"up":{"uv":[6.7625,12.1125,7.1125,11.7625],"rotation":0,"texture":"#0","tintindex":0},"down":{"uv":[7.1375,11.7625,7.4875,12.1125],"rotation":0,"texture":"#0","tintindex":0}}}],"display":{"head":{"translation":[0.0,-6.4,0.0],"scale":[4.0,4.0,4.0]}}}