{"textures":{"0":"modelengine:entity/kobold_assassin"},"elements":[{"from":[7.484384,7.4599447,10.59399],"to":[8.627241,8.602802,12.879705],"rotation":{"angle":-22.5,"axis":"x","origin":[6.9129558,0.87072134,9.163858]},"faces":{"east":{"uv":[12.2375,10.5125,11.7625,10.7375],"rotation":0,"texture":"#0","tintindex":0},"south":{"uv":[10.1125,6.5125,9.8875,6.7375],"rotation":0,"texture":"#0","tintindex":0},"north":{"uv":[8.3625,9.6375,8.1375,9.8625],"rotation":0,"texture":"#0","tintindex":0},"west":{"uv":[4.2375,6.6375,3.7625,6.8625],"rotation":0,"texture":"#0","tintindex":0},"up":{"uv":[11.8875,0.7375,12.1125,0.2625],"rotation":0,"texture":"#0","tintindex":0},"down":{"uv":[0.5125,11.8875,0.7375,12.3625],"rotation":0,"texture":"#0","tintindex":0}}},{"from":[7.484384,8.293368,9.637914],"to":[8.627241,9.436225,10.780771],"rotation":{"angle":0.0,"axis":"y","origin":[6.9129558,0.8930645,10.990471]},"faces":{"east":{"uv":[8.1125,11.0125,7.8875,11.2375],"rotation":0,"texture":"#0","tintindex":0},"south":{"uv":[6.6125,10.6375,6.3875,10.8625],"rotation":0,"texture":"#0","tintindex":0},"north":{"uv":[10.2375,0.6375,10.0125,0.8625],"rotation":0,"texture":"#0","tintindex":0},"west":{"uv":[10.3625,2.7625,10.1375,2.9875],"rotation":0,"texture":"#0","tintindex":0},"up":{"uv":[11.8875,8.4875,12.1125,8.2625],"rotation":0,"texture":"#0","tintindex":0},"down":{"uv":[8.3875,11.8875,8.6125,12.1125],"rotation":0,"texture":"#0","tintindex":0}}}],"display":{"head":{"translation":[0.0,-6.4,0.0],"scale":[4.0,4.0,4.0]}}}