{"textures":{"0":"modelengine:entity/kobold_assassin"},"elements":[{"from":[6.285714,5.714286,7.714286],"to":[9.714286,9.142858,11.714286],"rotation":{"angle":0.0,"axis":"y","origin":[8.0,6.857143,6.285714]},"faces":{"east":{"uv":[8.3875,7.6375,9.2375,8.3625],"rotation":0,"texture":"#0","tintindex":0},"south":{"uv":[8.6375,3.1375,9.3625,3.8625],"rotation":0,"texture":"#0","tintindex":0},"north":{"uv":[8.6375,0.8875,9.3625,1.6125],"rotation":0,"texture":"#0","tintindex":0},"west":{"uv":[8.3875,8.3875,9.2375,9.1125],"rotation":0,"texture":"#0","tintindex":0},"up":{"uv":[1.6125,9.3625,0.8875,8.5125],"rotation":0,"texture":"#0","tintindex":0},"down":{"uv":[2.3625,8.5125,1.6375,9.3625],"rotation":0,"texture":"#0","tintindex":0}}}],"display":{"head":{"translation":[0.0,-6.4,0.0],"scale":[4.0,4.0,4.0]}}}