{"textures":{"0":"modelengine:entity/kobold_assassin"},"elements":[{"from":[6.285714,6.285714,8.0],"to":[9.714286,9.714286,12.0],"rotation":{"angle":0.0,"axis":"y","origin":[8.0,7.428571,2.5714283]},"faces":{"east":{"uv":[2.3875,8.5125,3.2375,9.2375],"rotation":0,"texture":"#0","tintindex":0},"south":{"uv":[8.3875,9.1375,9.1125,9.8625],"rotation":0,"texture":"#0","tintindex":0},"north":{"uv":[5.5125,9.0125,6.2375,9.7375],"rotation":0,"texture":"#0","tintindex":0},"west":{"uv":[4.0125,8.5125,4.8625,9.2375],"rotation":0,"texture":"#0","tintindex":0},"up":{"uv":[0.7375,9.4875,0.0125,8.6375],"rotation":0,"texture":"#0","tintindex":0},"down":{"uv":[9.3625,0.0125,8.6375,0.8625],"rotation":0,"texture":"#0","tintindex":0}}}],"display":{"head":{"translation":[0.0,-6.4,0.0],"scale":[4.0,4.0,4.0]}}}