{"textures":{"0":"modelengine:entity/kobold_assassin"},"elements":[{"from":[7.428571,6.857143,8.0],"to":[8.571428,9.142858,10.285714],"rotation":{"angle":0.0,"axis":"y","origin":[8.0,6.857143,-5.4285717]},"faces":{"east":{"uv":[9.6375,11.1375,10.1125,11.6125],"rotation":0,"texture":"#0","tintindex":0},"south":{"uv":[11.8875,1.5125,12.1125,1.9875],"rotation":0,"texture":"#0","tintindex":0},"north":{"uv":[0.7625,11.8875,0.9875,12.3625],"rotation":0,"texture":"#0","tintindex":0},"west":{"uv":[2.0125,11.2625,2.4875,11.7375],"rotation":0,"texture":"#0","tintindex":0},"up":{"uv":[1.9875,12.3625,1.7625,11.8875],"rotation":0,"texture":"#0","tintindex":0},"down":{"uv":[2.6125,11.8875,2.3875,12.3625],"rotation":0,"texture":"#0","tintindex":0}}}],"display":{"head":{"translation":[0.0,-6.4,0.0],"scale":[4.0,4.0,4.0]}}}