{"textures":{"0":"modelengine:entity/kobold_assassin"},"elements":[{"from":[6.857143,6.285714,7.714286],"to":[9.142858,9.142858,11.714286],"rotation":{"angle":0.0,"axis":"y","origin":[8.0,6.857143,-1.7142859]},"faces":{"east":{"uv":[9.3875,0.8875,10.2375,1.4875],"rotation":0,"texture":"#0","tintindex":0},"south":{"uv":[10.8875,9.3875,11.3625,9.9875],"rotation":0,"texture":"#0","tintindex":0},"north":{"uv":[10.8875,8.7625,11.3625,9.3625],"rotation":0,"texture":"#0","tintindex":0},"west":{"uv":[1.3875,9.3875,2.2375,9.9875],"rotation":0,"texture":"#0","tintindex":0},"up":{"uv":[4.6125,10.9875,4.1375,10.1375],"rotation":0,"texture":"#0","tintindex":0},"down":{"uv":[10.6125,5.8875,10.1375,6.7375],"rotation":0,"texture":"#0","tintindex":0}}}],"display":{"head":{"translation":[0.0,-6.4,0.0],"scale":[4.0,4.0,4.0]}}}