{"textures":{"1":"modelengine:entity/kobold_xbow"},"elements":[{"from":[8.571428,9.081947,-0.93861294],"to":[9.714286,10.796233,14.48996],"rotation":{"angle":0.0,"axis":"y","origin":[7.428571,9.081947,13.347102]},"faces":{"east":{"uv":[0.025,0.025,6.725,0.725],"rotation":0,"texture":"#1","tintindex":0},"south":{"uv":[4.275,9.275,4.725,9.975],"rotation":0,"texture":"#1","tintindex":0},"north":{"uv":[6.275,9.025,6.725,9.725],"rotation":0,"texture":"#1","tintindex":0},"west":{"uv":[0.025,0.775,6.725,1.475],"rotation":0,"texture":"#1","tintindex":0},"up":{"uv":[0.475,9.725,0.025,3.025],"rotation":0,"texture":"#1","tintindex":0},"down":{"uv":[0.975,3.025,0.525,9.725],"rotation":0,"texture":"#1","tintindex":0}}},{"from":[5.714286,7.9390903,-3.7957554],"to":[10.285714,10.224805,-3.2243261],"rotation":{"angle":0.0,"axis":"y","origin":[7.428571,9.081947,13.347102]},"faces":{"east":{"uv":[6.775,4.025,6.975,4.975],"rotation":0,"texture":"#1","tintindex":0},"south":{"uv":[8.025,8.025,9.975,8.975],"rotation":0,"texture":"#1","tintindex":0},"north":{"uv":[8.025,7.025,9.975,7.975],"rotation":0,"texture":"#1","tintindex":0},"west":{"uv":[6.775,5.025,6.975,5.975],"rotation":0,"texture":"#1","tintindex":0},"up":{"uv":[12.975,4.975,11.025,4.775],"rotation":0,"texture":"#1","tintindex":0},"down":{"uv":[12.975,6.525,11.025,6.725],"rotation":0,"texture":"#1","tintindex":0}}},{"from":[3.7118988,7.9390903,-2.9427996],"to":[5.9976134,10.224805,-2.3713713],"rotation":{"angle":22.5,"axis":"y","origin":[3.7118988,9.081947,-2.6570854]},"faces":{"east":{"uv":[4.775,11.275,4.975,12.225],"rotation":0,"texture":"#1","tintindex":0},"south":{"uv":[7.775,10.275,8.725,11.225],"rotation":0,"texture":"#1","tintindex":0},"north":{"uv":[5.275,10.275,6.225,11.225],"rotation":0,"texture":"#1","tintindex":0},"west":{"uv":[5.025,11.275,5.225,12.225],"rotation":0,"texture":"#1","tintindex":0},"up":{"uv":[11.975,8.475,11.025,8.275],"rotation":0,"texture":"#1","tintindex":0},"down":{"uv":[6.225,11.275,5.275,11.475],"rotation":0,"texture":"#1","tintindex":0}}},{"from":[10.002386,7.9390903,-2.9427996],"to":[12.288101,10.224805,-2.3713713],"rotation":{"angle":-22.5,"axis":"y","origin":[12.288101,9.081947,-2.6570854]},"faces":{"east":{"uv":[5.225,11.275,5.025,12.225],"rotation":0,"texture":"#1","tintindex":0},"south":{"uv":[8.725,10.275,7.775,11.225],"rotation":0,"texture":"#1","tintindex":0},"north":{"uv":[6.225,10.275,5.275,11.225],"rotation":0,"texture":"#1","tintindex":0},"west":{"uv":[4.975,11.275,4.775,12.225],"rotation":0,"texture":"#1","tintindex":0},"up":{"uv":[11.025,8.475,11.975,8.275],"rotation":0,"texture":"#1","tintindex":0},"down":{"uv":[5.275,11.275,6.225,11.475],"rotation":0,"texture":"#1","tintindex":0}}},{"from":[6.285714,9.081947,-3.2243261],"to":[6.857143,10.224805,-0.93861294],"rotation":{"angle":0.0,"axis":"y","origin":[8.0,9.081947,13.347102]},"faces":{"east":{"uv":[6.275,11.025,7.225,11.475],"rotation":0,"texture":"#1","tintindex":0},"south":{"uv":[7.775,11.275,7.975,11.725],"rotation":0,"texture":"#1","tintindex":0},"north":{"uv":[4.025,10.525,4.225,10.975],"rotation":0,"texture":"#1","tintindex":0},"west":{"uv":[11.025,6.775,11.975,7.225],"rotation":0,"texture":"#1","tintindex":0},"up":{"uv":[6.975,9.975,6.775,9.025],"rotation":0,"texture":"#1","tintindex":0},"down":{"uv":[4.975,9.275,4.775,10.225],"rotation":0,"texture":"#1","tintindex":0}}},{"from":[9.142858,9.081947,-3.2243261],"to":[9.714286,10.224805,-0.93861294],"rotation":{"angle":0.0,"axis":"y","origin":[10.857143,9.081947,13.347102]},"faces":{"east":{"uv":[11.025,7.275,11.975,7.725],"rotation":0,"texture":"#1","tintindex":0},"south":{"uv":[8.275,11.275,8.475,11.725],"rotation":0,"texture":"#1","tintindex":0},"north":{"uv":[8.025,11.275,8.225,11.725],"rotation":0,"texture":"#1","tintindex":0},"west":{"uv":[11.025,7.775,11.975,8.225],"rotation":0,"texture":"#1","tintindex":0},"up":{"uv":[1.975,11.975,1.775,11.025],"rotation":0,"texture":"#1","tintindex":0},"down":{"uv":[4.725,11.275,4.525,12.225],"rotation":0,"texture":"#1","tintindex":0}}},{"from":[6.285714,9.081947,-0.93861294],"to":[7.428571,10.796233,14.48996],"rotation":{"angle":0.0,"axis":"y","origin":[4.5714283,9.081947,13.347102]},"faces":{"east":{"uv":[0.025,1.525,6.725,2.225],"rotation":0,"texture":"#1","tintindex":0},"south":{"uv":[8.775,11.025,9.225,11.725],"rotation":0,"texture":"#1","tintindex":0},"north":{"uv":[1.275,11.025,1.725,11.725],"rotation":0,"texture":"#1","tintindex":0},"west":{"uv":[0.025,2.275,6.725,2.975],"rotation":0,"texture":"#1","tintindex":0},"up":{"uv":[1.475,9.725,1.025,3.025],"rotation":0,"texture":"#1","tintindex":0},"down":{"uv":[1.975,3.025,1.525,9.725],"rotation":0,"texture":"#1","tintindex":0}}},{"from":[6.857143,7.3676615,1.9185305],"to":[9.142858,9.081947,8.775674],"rotation":{"angle":0.0,"axis":"y","origin":[8.0,8.224805,5.347102]},"faces":{"east":{"uv":[6.775,0.025,9.725,0.725],"rotation":0,"texture":"#1","tintindex":0},"south":{"uv":[2.025,10.775,2.975,11.475],"rotation":0,"texture":"#1","tintindex":0},"north":{"uv":[10.775,0.525,11.725,1.225],"rotation":0,"texture":"#1","tintindex":0},"west":{"uv":[6.775,0.775,9.725,1.475],"rotation":0,"texture":"#1","tintindex":0},"up":{"uv":[5.975,8.975,5.025,6.025],"rotation":0,"texture":"#1","tintindex":0},"down":{"uv":[6.975,6.025,6.025,8.975],"rotation":0,"texture":"#1","tintindex":0}}},{"from":[7.428571,6.796233,8.204245],"to":[8.571428,7.9390903,12.775674],"rotation":{"angle":0.0,"axis":"y","origin":[4.5714283,9.081947,13.918531]},"faces":{"east":{"uv":[6.775,2.525,8.725,2.975],"rotation":0,"texture":"#1","tintindex":0},"south":{"uv":[4.025,11.275,4.475,11.725],"rotation":0,"texture":"#1","tintindex":0},"north":{"uv":[3.525,11.275,3.975,11.725],"rotation":0,"texture":"#1","tintindex":0},"west":{"uv":[10.025,8.525,11.975,8.975],"rotation":0,"texture":"#1","tintindex":0},"up":{"uv":[6.725,5.975,6.275,4.025],"rotation":0,"texture":"#1","tintindex":0},"down":{"uv":[7.725,10.025,7.275,11.975],"rotation":0,"texture":"#1","tintindex":0}}},{"from":[6.857143,6.473603,11.00032],"to":[9.142858,8.759317,18.428892],"rotation":{"angle":22.5,"axis":"x","origin":[8.0,7.902174,15.00032]},"faces":{"east":{"uv":[3.025,4.025,6.225,4.975],"rotation":0,"texture":"#1","tintindex":0},"south":{"uv":[4.275,10.275,5.225,11.225],"rotation":0,"texture":"#1","tintindex":0},"north":{"uv":[10.025,7.525,10.975,8.475],"rotation":0,"texture":"#1","tintindex":0},"west":{"uv":[3.025,5.025,6.225,5.975],"rotation":0,"texture":"#1","tintindex":0},"up":{"uv":[3.975,9.225,3.025,6.025],"rotation":0,"texture":"#1","tintindex":0},"down":{"uv":[4.975,6.025,4.025,9.225],"rotation":0,"texture":"#1","tintindex":0}}},{"from":[6.857143,7.9390903,8.775674],"to":[9.142858,9.081947,11.632816],"rotation":{"angle":0.0,"axis":"y","origin":[8.0,9.367661,8.204245]},"faces":{"east":{"uv":[11.025,1.775,12.225,2.225],"rotation":0,"texture":"#1","tintindex":0},"south":{"uv":[11.025,4.275,11.975,4.725],"rotation":0,"texture":"#1","tintindex":0},"north":{"uv":[11.025,3.775,11.975,4.225],"rotation":0,"texture":"#1","tintindex":0},"west":{"uv":[11.025,2.275,12.225,2.725],"rotation":0,"texture":"#1","tintindex":0},"up":{"uv":[10.975,3.725,10.025,2.525],"rotation":0,"texture":"#1","tintindex":0},"down":{"uv":[10.975,3.775,10.025,4.975],"rotation":0,"texture":"#1","tintindex":0}}},{"from":[6.857143,9.653376,12.775674],"to":[9.142858,11.367661,15.632816],"rotation":{"angle":0.0,"axis":"y","origin":[4.5714283,9.081947,14.48996]},"faces":{"east":{"uv":[8.775,10.275,9.975,10.975],"rotation":0,"texture":"#1","tintindex":0},"south":{"uv":[10.525,9.025,11.475,9.725],"rotation":0,"texture":"#1","tintindex":0},"north":{"uv":[3.025,10.525,3.975,11.225],"rotation":0,"texture":"#1","tintindex":0},"west":{"uv":[10.025,10.275,11.225,10.975],"rotation":0,"texture":"#1","tintindex":0},"up":{"uv":[0.975,10.975,0.025,9.775],"rotation":0,"texture":"#1","tintindex":0},"down":{"uv":[10.725,0.025,9.775,1.225],"rotation":0,"texture":"#1",