{"textures":{"0":"modelengine:entity/dragon"},"elements":[{"name":"body_sub_0","from":[-3.2075863,3.620138,8.498474],"to":[20.792416,23.42014,28.298477],"rotation":{"angle":0.0,"axis":"x","origin":[8.0,20.0,19.91111]},"faces":{"down":{"uv":[11.4375,11.875,13.9375,13.9375],"rotation":0,"texture":"#0","tintindex":0},"east":{"uv":[13.5,13.9375,11.4375,16.0],"rotation":0,"texture":"#0","tintindex":0},"north":{"uv":[11.4375,13.9375,8.9375,16.0],"rotation":0,"texture":"#0","tintindex":0},"south":{"uv":[16.0,13.9375,13.5,16.0],"rotation":0,"texture":"#0","tintindex":0},"up":{"uv":[8.9375,13.9375,11.4375,11.875],"rotation":0,"texture":"#0","tintindex":0},"west":{"uv":[8.9375,13.9375,6.875,16.0],"rotation":0,"texture":"#0","tintindex":0}}},{"name":"body_sub_0","from":[-1.4075861,1.2201375,8.498474],"to":[18.992414,26.42014,28.298477],"rotation":{"angle":0.0,"axis":"x","origin":[8.0,20.0,19.91111]},"faces":{"down":{"uv":[11.8125,11.3125,13.9375,13.375],"rotation":0,"texture":"#0","tintindex":0},"east":{"uv":[13.875,13.375,11.8125,16.0],"rotation":0,"texture":"#0","tintindex":0},"north":{"uv":[11.8125,13.375,9.6875,16.0],"rotation":0,"texture":"#0","tintindex":0},"south":{"uv":[16.0,13.375,13.875,16.0],"rotation":0,"texture":"#0","tintindex":0},"up":{"uv":[9.6875,13.375,11.8125,11.3125],"rotation":0,"texture":"#0","tintindex":0},"west":{"uv":[9.6875,13.375,7.625,16.0],"rotation":0,"texture":"#0","tintindex":0}}},{"name":"body_sub_0","from":[-1.4088221,3.6213796,6.8095818],"to":[18.991179,23.421383,30.209583],"rotation":{"angle":0.0,"axis":"x","origin":[8.0,20.0,19.91111]},"faces":{"down":{"uv":[10.625,11.5,12.75,13.9375],"rotation":0,"texture":"#0","tintindex":0},"east":{"uv":[13.0625,13.9375,10.625,16.0],"rotation":0,"texture":"#0","tintindex":0},"north":{"uv":[10.625,13.9375,8.5,16.0],"rotation":0,"texture":"#0","tintindex":0},"south":{"uv":[15.1875,13.9375,13.0625,16.0],"rotation":0,"texture":"#0","tintindex":0},"up":{"uv":[8.5,13.9375,10.625,11.5],"rotation":0,"texture":"#0","tintindex":0},"west":{"uv":[8.5,13.9375,6.0625,16.0],"rotation":0,"texture":"#0","tintindex":0}}}],"display":{"head":{"translation":[0.0,-6.4,0.0],"rotation":[0.0,0.0,0.0],"scale":[3.8095,3.8095,3.8095]}}}