{"textures":{"0":"modelengine:entity/dragon"},"elements":[{"name":"body","from":[-2.855556,-4.2666674,-6.577779],"to":[19.944447,6.533333,-6.577779],"rotation":{"angle":0.0,"axis":"x","origin":[6.744445,-1.8666673,-8.888889]},"faces":{"down":{"uv":[3.6875,1.875,6.0625,1.875],"rotation":0,"texture":"#0","tintindex":0},"east":{"uv":[3.6875,1.875,3.6875,3.0],"rotation":0,"texture":"#0","tintindex":0},"north":{"uv":[3.6875,1.875,1.3125,3.0],"rotation":0,"texture":"#0","tintindex":0},"south":{"uv":[6.0625,1.875,3.6875,3.0],"rotation":0,"texture":"#0","tintindex":0},"up":{"uv":[1.3125,1.875,3.6875,1.875],"rotation":0,"texture":"#0","tintindex":0},"west":{"uv":[1.3125,1.875,1.3125,3.0],"rotation":0,"texture":"#0","tintindex":0}}},{"name":"body","from":[3.233333,5.288889,-5.8888903],"to":[12.833333,10.688889,-0.48888946],"rotation":{"angle":0.0,"axis":"x","origin":[-0.36666703,1.6888887,-6.3999996]},"faces":{"down":{"uv":[3.0,2.75,4.0,3.3125],"rotation":0,"texture":"#0","tintindex":0},"east":{"uv":[3.5625,3.3125,3.0,3.875],"rotation":0,"texture":"#0","tintindex":0},"north":{"uv":[3.0,3.3125,2.0,3.875],"rotation":0,"texture":"#0","tintindex":0},"south":{"uv":[4.5625,3.3125,3.5625,3.875],"rotation":0,"texture":"#0","tintindex":0},"up":{"uv":[2.0,3.3125,3.0,2.75],"rotation":0,"texture":"#0","tintindex":0},"west":{"uv":[2.0,3.3125,1.4375,3.875],"rotation":0,"texture":"#0","tintindex":0}}},{"name":"body","from":[-2.855556,-4.2666674,-5.5111113],"to":[19.944447,6.533333,-5.5111113],"rotation":{"angle":0.0,"axis":"x","origin":[6.744445,-1.8666673,-7.8222218]},"faces":{"down":{"uv":[3.6875,0.625,6.0625,0.625],"rotation":0,"texture":"#0","tintindex":0},"east":{"uv":[3.6875,0.625,3.6875,1.75],"rotation":0,"texture":"#0","tintindex":0},"north":{"uv":[3.6875,0.625,1.3125,1.75],"rotation":0,"texture":"#0","tintindex":0},"south":{"uv":[6.0625,0.625,3.6875,1.75],"rotation":0,"texture":"#0","tintindex":0},"up":{"uv":[1.3125,0.625,3.6875,0.625],"rotation":0,"texture":"#0","tintindex":0},"west":{"uv":[1.3125,0.625,1.3125,1.75],"rotation":0,"texture":"#0","tintindex":0}}}],"display":{"head":{"translation":[0.0,-6.4,0.0],"rotation":[0.0,0.0,0.0],"scale":[3.8095,3.8095,3.8095]}}}