{"textures":{"0":"modelengine:entity/dragon"},"elements":[{"name":"body_sub_4","from":[0.7701912,7.0423603,7.2318087],"to":[7.3701916,8.8423605,9.031809],"rotation":{"angle":0.0,"axis":"x","origin":[18.666666,-1.6000004,1.2444443]},"faces":{"down":{"uv":[9.5,5.625,10.1875,5.8125],"rotation":0,"texture":"#0","tintindex":0},"east":{"uv":[9.6875,5.8125,9.5,6.0],"rotation":0,"texture":"#0","tintindex":0},"north":{"uv":[9.5,5.8125,8.8125,6.0],"rotation":0,"texture":"#0","tintindex":0},"south":{"uv":[10.375,5.8125,9.6875,6.0],"rotation":0,"texture":"#0","tintindex":0},"up":{"uv":[8.8125,5.8125,9.5,5.625],"rotation":0,"texture":"#0","tintindex":0},"west":{"uv":[8.8125,5.8125,8.625,6.0],"rotation":0,"texture":"#0","tintindex":0}}}],"display":{"head":{"translation":[0.0,-6.4,0.0],"rotation":[0.0,0.0,0.0],"scale":[3.8095,3.8095,3.8095]}}}