{"textures":{"0":"modelengine:entity/dragon"},"elements":[{"name":"body_sub_2","from":[0.7701912,6.0868053,6.6318083],"to":[7.9701915,9.086805,9.631809],"rotation":{"angle":0.0,"axis":"x","origin":[11.555556,-1.9555559,1.2444443]},"faces":{"down":{"uv":[9.1875,5.4375,9.9375,5.75],"rotation":0,"texture":"#0","tintindex":0},"east":{"uv":[9.5,5.75,9.1875,6.0625],"rotation":0,"texture":"#0","tintindex":0},"north":{"uv":[9.1875,5.75,8.4375,6.0625],"rotation":0,"texture":"#0","tintindex":0},"south":{"uv":[10.25,5.75,9.5,6.0625],"rotation":0,"texture":"#0","tintindex":0},"up":{"uv":[8.4375,5.75,9.1875,5.4375],"rotation":0,"texture":"#0","tintindex":0},"west":{"uv":[8.4375,5.75,8.125,6.0625],"rotation":0,"texture":"#0","tintindex":0}}}],"display":{"head":{"translation":[0.0,-6.4,0.0],"rotation":[0.0,0.0,0.0],"scale":[3.8095,3.8095,3.8095]}}}