{"textures":{"0":"modelengine:entity/dragon"},"elements":[{"name":"body_sub_1","from":[-1.4075861,10.44236,-6.7015247],"to":[18.992414,13.442361,-3.7015247],"rotation":{"angle":0.0,"axis":"x","origin":[8.0,7.0222216,-12.088888]},"faces":{"down":{"uv":[11.375,5.5625,13.5,5.875],"rotation":0,"texture":"#0","tintindex":0},"east":{"uv":[11.6875,5.875,11.375,6.1875],"rotation":0,"texture":"#0","tintindex":0},"north":{"uv":[11.375,5.875,9.25,6.1875],"rotation":0,"texture":"#0","tintindex":0},"south":{"uv":[13.8125,5.875,11.6875,6.1875],"rotation":0,"texture":"#0","tintindex":0},"up":{"uv":[9.25,5.875,11.375,5.5625],"rotation":0,"texture":"#0","tintindex":0},"west":{"uv":[9.25,5.875,8.9375,6.1875],"rotation":0,"texture":"#0","tintindex":0}}},{"name":"body_sub_2","from":[5.192414,10.44236,-7.301525],"to":[11.192414,14.04236,-3.1015248],"rotation":{"angle":0.0,"axis":"x","origin":[8.0,7.0222216,-12.088888]},"faces":{"down":{"uv":[9.8125,5.4375,10.4375,5.875],"rotation":0,"texture":"#0","tintindex":0},"east":{"uv":[10.25,5.875,9.8125,6.25],"rotation":0,"texture":"#0","tintindex":0},"north":{"uv":[9.8125,5.875,9.1875,6.25],"rotation":0,"texture":"#0","tintindex":0},"south":{"uv":[10.875,5.875,10.25,6.25],"rotation":0,"texture":"#0","tintindex":0},"up":{"uv":[9.1875,5.875,9.8125,5.4375],"rotation":0,"texture":"#0","tintindex":0},"west":{"uv":[9.1875,5.875,8.75,6.25],"rotation":0,"texture":"#0","tintindex":0}}}],"display":{"head":{"translation":[0.0,-6.4,0.0],"rotation":[0.0,0.0,0.0],"scale":[3.8095,3.8095,3.8095]}}}