{"textures":{"0":"modelengine:entity/dragon"},"elements":[{"from":[4.5925922,5.2275133,7.6613755],"to":[11.407408,11.449736,7.6613755],"rotation":{"angle":0.0,"axis":"y","origin":[8.0,9.354498,8.0]},"faces":{"east":{"uv":[3.6875,0.625,3.6875,1.75],"rotation":0,"texture":"#0","tintindex":0},"south":{"uv":[6.0625,0.625,3.6875,1.75],"rotation":0,"texture":"#0","tintindex":0},"north":{"uv":[2.8703704,0.0625,2.125,0.7430556],"rotation":0,"texture":"#0","tintindex":0},"west":{"uv":[1.3125,0.625,1.3125,1.75],"rotation":0,"texture":"#0","tintindex":0},"up":{"uv":[1.3125,0.625,3.6875,0.625],"rotation":0,"texture":"#0","tintindex":0},"down":{"uv":[3.6875,0.625,6.0625,0.625],"rotation":0,"texture":"#0","tintindex":0}}}],"display":{"head":{"translation":[0.0,-6.4,0.0],"scale":[4.0,4.0,4.0]}}}