{"textures":{"0":"modelengine:entity/dragon"},"elements":[{"from":[16.289072,25.142857,-4.223675],"to":[19.146214,32.0,-1.3665314],"rotation":{"angle":0.0,"axis":"y","origin":[19.74939,28.57143,-2.795103]},"faces":{"east":{"uv":[0.3125,13.9375,0.0,14.6875],"rotation":0,"texture":"#0","tintindex":0},"south":{"uv":[0.3125,15.25,0.0,16.0],"rotation":0,"texture":"#0","tintindex":0},"north":{"uv":[0.3125,15.25,0.0,16.0],"rotation":0,"texture":"#0","tintindex":0},"west":{"uv":[0.3125,13.9375,0.0,14.6875],"rotation":0,"texture":"#0","tintindex":0},"up":{"uv":[0.0,14.25,0.3125,13.9375],"rotation":0,"texture":"#0","tintindex":0},"down":{"uv":[0.0,13.9375,2.5,16.0],"rotation":0,"texture":"#0","tintindex":0}}},{"from":[-1.6580191,25.142857,-4.223675],"to":[1.1991243,32.0,-1.3665314],"rotation":{"angle":0.0,"axis":"y","origin":[-1.9225683,28.57143,-2.795103]},"faces":{"east":{"uv":[0.3125,15.25,0.0,16.0],"rotation":0,"texture":"#0","tintindex":0},"south":{"uv":[0.3125,15.25,0.0,16.0],"rotation":0,"texture":"#0","tintindex":0},"north":{"uv":[0.3125,15.3125,0.0,16.0625],"rotation":0,"texture":"#0","tintindex":0},"west":{"uv":[0.3125,15.25,0.0,16.0],"rotation":0,"texture":"#0","tintindex":0},"up":{"uv":[0.0,16.0,0.3125,15.6875],"rotation":0,"texture":"#0","tintindex":0},"down":{"uv":[0.0,15.6875,0.3125,16.0],"rotation":0,"texture":"#0","tintindex":0}}},{"from":[-1.6580191,25.142857,-4.223675],"to":[19.146214,27.259262,-1.3665314],"rotation":{"angle":0.0,"axis":"y","origin":[8.744098,27.047623,-2.795103]},"faces":{"east":{"uv":[0.3125,15.8125,0.0,16.043982],"rotation":0,"texture":"#0","tintindex":0},"south":{"uv":[2.2754629,15.625,0.0,16.041666],"rotation":0,"texture":"#0","tintindex":0},"north":{"uv":[2.2754629,15.625,0.0,16.041666],"rotation":0,"texture":"#0","tintindex":0},"west":{"uv":[0.3125,15.8125,0.0,16.043982],"rotation":0,"texture":"#0","tintindex":0},"up":{"uv":[0.0,16.0,2.2754629,15.6875],"rotation":0,"texture":"#0","tintindex":0},"down":{"uv":[0.0,15.6875,2.2754629,16.0],"rotation":0,"texture":"#0","tintindex":0}}},{"from":[4.7758436,24.46561,-4.562299],"to":[12.712353,27.597889,-1.0279074],"rotation":{"angle":0.0,"axis":"y","origin":[8.744098,27.047623,-2.795103]},"faces":{"east":{"uv":[0.38657406,15.6875,0.0,16.030092],"rotation":0,"texture":"#0","tintindex":0},"south":{"uv":[0.8680556,15.6875,0.0,16.030092],"rotation":0,"texture":"#0","tintindex":0},"north":{"uv":[0.8680556,15.625,0.0,15.967592],"rotation":0,"texture":"#0","tintindex":0},"west":{"uv":[0.38657406,15.6875,0.0,16.030092],"rotation":0,"texture":"#0","tintindex":0},"up":{"uv":[0.0,16.011574,0.8680556,15.625],"rotation":0,"texture":"#0","tintindex":0},"down":{"uv":[0.0,15.625,0.8680556,16.011574],"rotation":0,"texture":"#0","tintindex":0}}}],"display":{"head":{"translation":[0.0,72.57618,0.0],"scale":[4.0,4.0,4.0]}}}