{"textures":{"0":"modelengine:entity/dragon"},"elements":[{"name":"bone5","from":[-8.988647,8.784465,6.843047],"to":[8.411354,8.784465,23.043049],"rotation":{"angle":0.0,"axis":"x","origin":[-6.0828915,0.757272,17.325346]},"faces":{"down":{"uv":[0.0,5.4375,1.8125,7.125],"rotation":0,"texture":"#0","tintindex":0},"east":{"uv":[5.1875,7.1875,3.5,7.1875],"rotation":0,"texture":"#0","tintindex":0},"north":{"uv":[7.25,8.75,10.75,9.0],"rotation":0,"texture":"#0","tintindex":0},"south":{"uv":[7.0,7.1875,5.1875,7.1875],"rotation":0,"texture":"#0","tintindex":0},"up":{"uv":[0.0,7.125,1.8125,5.4375],"rotation":0,"texture":"#0","tintindex":0},"west":{"uv":[1.6875,7.1875,0.0,7.1875],"rotation":0,"texture":"#0","tintindex":0}}}],"display":{"head":{"translation":[0.0,-6.4,0.0],"rotation":[0.0,0.0,0.0],"scale":[3.8095,3.8095,3.8095]}}}