{"textures":{"0":"modelengine:entity/dragon"},"elements":[{"from":[7.943741,7.982559,7.7889624],"to":[24.515171,7.982559,23.217533],"rotation":{"angle":0.0,"axis":"y","origin":[21.747784,0.33761358,17.772104]},"faces":{"east":{"uv":[0.0,7.1875,1.6875,7.1875],"rotation":0,"texture":"#0","tintindex":0},"south":{"uv":[5.1875,7.1875,7.0,7.1875],"rotation":0,"texture":"#0","tintindex":0},"north":{"uv":[10.75,8.75,7.25,9.0],"rotation":0,"texture":"#0","tintindex":0},"west":{"uv":[3.5,7.1875,5.1875,7.1875],"rotation":0,"texture":"#0","tintindex":0},"up":{"uv":[1.8125,7.125,0.0,5.4375],"rotation":0,"texture":"#0","tintindex":0},"down":{"uv":[1.8125,5.4375,0.0,7.125],"rotation":0,"texture":"#0","tintindex":0}}}],"display":{"head":{"translation":[0.0,-6.4,0.0],"scale":[4.0,4.0,4.0]}}}