{"textures":{"0":"modelengine:entity/dragon"},"elements":[{"from":[-4.737403,12.317459,-1.8638859],"to":[22.11974,29.142857,16.99326],"rotation":{"angle":0.0,"axis":"y","origin":[7.968254,26.56283,8.666668]},"faces":{"east":{"uv":[13.5,13.9375,11.4375,16.0],"rotation":0,"texture":"#0","tintindex":0},"south":{"uv":[16.0,13.9375,13.5,16.0],"rotation":0,"texture":"#0","tintindex":0},"north":{"uv":[11.4375,13.9375,8.9375,16.0],"rotation":0,"texture":"#0","tintindex":0},"west":{"uv":[8.9375,13.9375,6.875,16.0],"rotation":0,"texture":"#0","tintindex":0},"up":{"uv":[8.9375,13.9375,11.4375,11.875],"rotation":0,"texture":"#0","tintindex":0},"down":{"uv":[11.4375,11.875,13.9375,13.9375],"rotation":0,"texture":"#0","tintindex":0}}},{"from":[-0.9913521,10.031744,-2.2025099],"to":[18.437222,32.0,16.654634],"rotation":{"angle":0.0,"axis":"y","origin":[7.968254,26.56283,8.666668]},"faces":{"east":{"uv":[13.875,13.375,11.8125,16.0],"rotation":0,"texture":"#0","tintindex":0},"south":{"uv":[16.0,13.375,13.875,16.0],"rotation":0,"texture":"#0","tintindex":0},"north":{"uv":[11.8125,13.375,9.6875,16.0],"rotation":0,"texture":"#0","tintindex":0},"west":{"uv":[9.6875,13.375,7.625,16.0],"rotation":0,"texture":"#0","tintindex":0},"up":{"uv":[9.6875,13.375,11.8125,11.3125],"rotation":0,"texture":"#0","tintindex":0},"down":{"uv":[11.8125,11.3125,13.9375,13.375],"rotation":0,"texture":"#0","tintindex":0}}},{"from":[-0.9925289,12.318642,-3.810979],"to":[18.436043,29.144037,18.474735],"rotation":{"angle":0.0,"axis":"y","origin":[7.968254,26.56283,8.666668]},"faces":{"east":{"uv":[13.0625,13.9375,10.625,16.0],"rotation":0,"texture":"#0","tintindex":0},"south":{"uv":[15.1875,13.9375,13.0625,16.0],"rotation":0,"texture":"#0","tintindex":0},"north":{"uv":[10.625,13.9375,8.5,16.0],"rotation":0,"texture":"#0","tintindex":0},"west":{"uv":[8.5,13.9375,6.0625,16.0],"rotation":0,"texture":"#0","tintindex":0},"up":{"uv":[8.5,13.9375,10.625,11.5],"rotation":0,"texture":"#0","tintindex":0},"down":{"uv":[10.625,11.5,12.75,13.9375],"rotation":0,"texture":"#0","tintindex":0}}},{"from":[3.7671957,24.573412,-4.7301598],"to":[12.910053,29.716269,0.41269827],"rotation":{"angle":0.0,"axis":"y","origin":[8.0,27.483465,-1.8201056]},"faces":{"east":{"uv":[3.5625,3.3125,3.0,3.875],"rotation":0,"texture":"#0","tintindex":0},"south":{"uv":[4.5625,3.3125,3.5625,3.875],"rotation":0,"texture":"#0","tintindex":0},"north":{"uv":[3.0,3.3125,2.0,3.875],"rotation":0,"texture":"#0","tintindex":0},"west":{"uv":[2.0,3.3125,1.4375,3.875],"rotation":0,"texture":"#0","tintindex":0},"up":{"uv":[2.0,3.3125,3.0,2.75],"rotation":0,"texture":"#0","tintindex":0},"down":{"uv":[3.0,2.75,4.0,3.3125],"rotation":0,"texture":"#0","tintindex":0}}},{"from":[-2.3703709,15.134258,-4.031747],"to":[19.343916,25.419973,-4.031747],"rotation":{"angle":0.0,"axis":"y","origin":[8.486773,20.954365,-4.031747]},"faces":{"east":{"uv":[3.6875,0.625,3.6875,1.75],"rotation":0,"texture":"#0","tintindex":0},"south":{"uv":[6.0625,0.625,3.6875,1.75],"rotation":0,"texture":"#0","tintindex":0},"north":{"uv":[3.6875,0.625,1.3125,1.75],"rotation":0,"texture":"#0","tintindex":0},"west":{"uv":[1.3125,0.625,1.3125,1.75],"rotation":0,"texture":"#0","tintindex":0},"up":{"uv":[1.3125,0.625,3.6875,0.625],"rotation":0,"texture":"#0","tintindex":0},"down":{"uv":[3.6875,0.625,6.0625,0.625],"rotation":0,"texture":"#0","tintindex":0}}},{"from":[-2.3703709,15.134258,-4.708995],"to":[19.343916,25.419973,-4.708995],"rotation":{"angle":0.0,"axis":"y","origin":[8.486773,20.954365,-5.04762]},"faces":{"east":{"uv":[3.6875,1.875,3.6875,3.0],"rotation":0,"texture":"#0","tintindex":0},"south":{"uv":[6.0625,1.875,3.6875,3.0],"rotation":0,"texture":"#0","tintindex":0},"north":{"uv":[3.6875,1.875,1.3125,3.0],"rotation":0,"texture":"#0","tintindex":0},"west":{"uv":[1.3125,1.875,1.3125,3.0],"rotation":0,"texture":"#0","tintindex":0},"up":{"uv":[1.3125,1.875,3.6875,1.875],"rotation":0,"texture":"#0","tintindex":0},"down":{"uv":[3.6875,1.875,6.0625,1.875],"rotation":0,"texture":"#0","tintindex":0}}}],"display":{"head":{"translation":[0.0,18.607943,0.0],"scale":[4.0,4.0,4.0]}}}