{"textures":{"1":"modelengine:entity/fallenravager"},"elements":[{"from":[10.251429,8.651428,6.2988],"to":[10.891429,12.148571,9.224514],"rotation":{"angle":0.0,"axis":"y","origin":[7.714286,-2.4571428,7.861657]},"faces":{"east":{"uv":[2.876,0.001,3.1865,0.374],"rotation":0,"texture":"#1","tintindex":0},"south":{"uv":[4.001,6.001,4.0615,6.374],"rotation":0,"texture":"#1","tintindex":0},"north":{"uv":[2.4385,6.001,2.499,6.374],"rotation":0,"texture":"#1","tintindex":0},"west":{"uv":[0.4385,3.001,0.749,3.374],"rotation":0,"texture":"#1","tintindex":0},"up":{"uv":[2.374,6.499,2.3135,6.1885],"rotation":0,"texture":"#1","tintindex":0},"down":{"uv":[1.874,6.251,1.8135,6.5615],"rotation":0,"texture":"#1","tintindex":0}}}],"display":{"head":{"translation":[0.0,-6.4,0.0],"scale":[4.0,4.0,4.0]}}}