{"textures":{"4":"modelengine:entity/fravager_chipcitums_axe"},"elements":[{"from":[7.8357143,8.044975,2.0304828],"to":[7.8357143,21.759262,15.744769],"rotation":{"angle":0.0,"axis":"y","origin":[7.8357143,12.616405,8.330483]},"faces":{"east":{"uv":[0.016,0.016,15.984,15.984],"rotation":0,"texture":"#4","tintindex":0},"south":{"uv":[14.016,14.016,14.984,14.984],"rotation":0,"texture":"#4","tintindex":0},"north":{"uv":[14.016,14.016,14.984,14.984],"rotation":0,"texture":"#4","tintindex":0},"west":{"uv":[15.984,0.016,0.016,15.984],"rotation":0,"texture":"#4","tintindex":0},"up":{"uv":[14.016,14.016,14.984,14.984],"rotation":0,"texture":"#4","tintindex":0},"down":{"uv":[14.016,14.016,14.984,14.984],"rotation":0,"texture":"#4","tintindex":0}}},{"from":[7.8357143,8.044975,2.6019115],"to":[7.8357143,20.616405,14.601912],"rotation":{"angle":-22.5,"axis":"z","origin":[7.8357143,8.044975,8.330483]},"faces":{"east":{"uv":[0.016,0.016,15.984,15.984],"rotation":0,"texture":"#4","tintindex":0},"south":{"uv":[14.016,14.016,14.984,14.984],"rotation":0,"texture":"#4","tintindex":0},"north":{"uv":[14.016,14.016,14.984,14.984],"rotation":0,"texture":"#4","tintindex":0},"west":{"uv":[15.984,0.016,0.016,15.984],"rotation":0,"texture":"#4","tintindex":0},"up":{"uv":[14.016,14.016,14.984,14.984],"rotation":0,"texture":"#4","tintindex":0},"down":{"uv":[14.016,14.016,14.984,14.984],"rotation":0,"texture":"#4","tintindex":0}}},{"from":[7.8357143,8.044975,2.0304828],"to":[7.8357143,20.616405,14.601912],"rotation":{"angle":22.5,"axis":"z","origin":[7.8357143,8.044975,8.330483]},"faces":{"east":{"uv":[0.016,0.016,15.984,15.984],"rotation":0,"texture":"#4","tintindex":0},"south":{"uv":[14.016,14.016,14.984,14.984],"rotation":0,"texture":"#4","tintindex":0},"north":{"uv":[14.016,14.016,14.984,14.984],"rotation":0,"texture":"#4","tintindex":0},"west":{"uv":[15.984,0.016,0.016,15.984],"rotation":0,"texture":"#4","tintindex":0},"up":{"uv":[14.016,14.016,14.984,14.984],"rotation":0,"texture":"#4","tintindex":0},"down":{"uv":[14.016,14.016,14.984,14.984],"rotation":0,"texture":"#4","tintindex":0}}}],"display":{"head":{"translation":[0.0,-6.4,0.0],"scale":[4.0,4.0,4.0]}}}