{"textures":{"2":"modelengine:entity/fravager_gosido"},"elements":[{"from":[7.714286,14.714286,9.285714],"to":[8.285714,15.857143,12.142858],"rotation":{"angle":0.0,"axis":"y","origin":[7.714286,15.857143,13.857143]},"faces":{"east":{"uv":[3.001,0.001,7.999,1.999],"rotation":0,"texture":"#2","tintindex":0},"south":{"uv":[3.001,0.001,3.999,1.999],"rotation":0,"texture":"#2","tintindex":0},"north":{"uv":[7.001,0.001,7.999,1.999],"rotation":0,"texture":"#2","tintindex":0},"west":{"uv":[3.001,1.999,7.999,0.001],"rotation":180,"texture":"#2","tintindex":0},"up":{"uv":[7.999,0.001,3.001,0.999],"rotation":90,"texture":"#2","tintindex":0},"down":{"uv":[3.001,1.001,7.999,1.999],"rotation":90,"texture":"#2","tintindex":0}}},{"from":[7.714286,13.571428,12.142858],"to":[8.285714,15.285715,12.714286],"rotation":{"angle":0.0,"axis":"y","origin":[7.714286,15.857143,13.857143]},"faces":{"east":{"uv":[2.001,1.001,2.999,3.999],"rotation":0,"texture":"#2","tintindex":0},"south":{"uv":[2.001,1.001,2.999,3.999],"rotation":0,"texture":"#2","tintindex":0},"north":{"uv":[2.001,1.001,2.999,3.999],"rotation":0,"texture":"#2","tintindex":0},"west":{"uv":[2.001,3.999,2.999,1.001],"rotation":180,"texture":"#2","tintindex":0},"up":{"uv":[2.999,1.001,2.001,1.999],"rotation":90,"texture":"#2","tintindex":0},"down":{"uv":[2.001,3.001,2.999,3.999],"rotation":90,"texture":"#2","tintindex":0}}},{"from":[7.714286,14.142858,8.142858],"to":[8.285714,15.285715,9.285714],"rotation":{"angle":0.0,"axis":"y","origin":[7.714286,15.857143,13.857143]},"faces":{"east":{"uv":[8.001,1.001,9.999,2.999],"rotation":0,"texture":"#2","tintindex":0},"south":{"uv":[8.001,1.001,8.999,2.999],"rotation":0,"texture":"#2","tintindex":0},"north":{"uv":[9.001,1.001,9.999,2.999],"rotation":0,"texture":"#2","tintindex":0},"west":{"uv":[8.001,2.999,9.999,1.001],"rotation":180,"texture":"#2","tintindex":0},"up":{"uv":[9.999,1.001,8.001,1.999],"rotation":90,"texture":"#2","tintindex":0},"down":{"uv":[8.001,2.001,9.999,2.999],"rotation":90,"texture":"#2","tintindex":0}}},{"from":[7.714286,8.428572,12.714286],"to":[8.285714,14.714286,13.285715],"rotation":{"angle":0.0,"axis":"y","origin":[7.714286,15.857143,13.857143]},"faces":{"east":{"uv":[1.001,2.001,1.999,12.999],"rotation":0,"texture":"#2","tintindex":0},"south":{"uv":[1.001,2.001,1.999,12.999],"rotation":0,"texture":"#2","tintindex":0},"north":{"uv":[1.001,2.001,1.999,12.999],"rotation":0,"texture":"#2","tintindex":0},"west":{"uv":[1.001,12.999,1.999,2.001],"rotation":180,"texture":"#2","tintindex":0},"up":{"uv":[1.999,2.001,1.001,2.999],"rotation":90,"texture":"#2","tintindex":0},"down":{"uv":[1.001,12.001,1.999,12.999],"rotation":90,"texture":"#2","tintindex":0}}},{"from":[7.714286,14.142858,11.0],"to":[8.285714,14.714286,12.142858],"rotation":{"angle":0.0,"axis":"y","origin":[7.714286,15.857143,13.857143]},"faces":{"east":{"uv":[3.001,2.001,4.999,2.999],"rotation":0,"texture":"#2","tintindex":0},"south":{"uv":[3.001,2.001,3.999,2.999],"rotation":0,"texture":"#2","tintindex":0},"north":{"uv":[4.001,2.001,4.999,2.999],"rotation":0,"texture":"#2","tintindex":0},"west":{"uv":[3.001,2.999,4.999,2.001],"rotation":180,"texture":"#2","tintindex":0},"up":{"uv":[4.999,2.001,3.001,2.999],"rotation":90,"texture":"#2","tintindex":0},"down":{"uv":[3.001,2.001,4.999,2.999],"rotation":90,"texture":"#2","tintindex":0}}},{"from":[7.714286,14.142858,9.285714],"to":[8.285714,14.714286,10.428572],"rotation":{"angle":0.0,"axis":"y","origin":[7.714286,15.857143,13.857143]},"faces":{"east":{"uv":[6.001,2.001,7.999,2.999],"rotation":0,"texture":"#2","tintindex":0},"south":{"uv":[6.001,2.001,6.999,2.999],"rotation":0,"texture":"#2","tintindex":0},"north":{"uv":[7.001,2.001,7.999,2.999],"rotation":0,"texture":"#2","tintindex":0},"west":{"uv":[6.001,2.999,7.999,2.001],"rotation":180,"texture":"#2","tintindex":0},"up":{"uv":[7.999,2.001,6.001,2.999],"rotation":90,"texture":"#2","tintindex":0},"down":{"uv":[6.001,2.001,7.999,2.999],"rotation":90,"texture":"#2","tintindex":0}}},{"from":[7.714286,14.142858,7.5714283],"to":[8.285714,14.714286,8.142858],"rotation":{"angle":0.0,"axis":"y","origin":[7.714286,15.857143,13.857143]},"faces":{"east":{"uv":[10.001,2.001,10.999,2.999],"rotation":0,"texture":"#2","tintindex":0},"south":{"uv":[10.001,2.001,10.999,2.999],"rotation":0,"texture":"#2","tintindex":0},"north":{"uv":[10.001,2.001,10.999,2.999],"rotation":0,"texture":"#2","tintindex":0},"west":{"uv":[10.001,2.999,10.999,2.001],"rotation":180,"texture":"#2","tintindex":0},"up":{"uv":[10.999,2.001,10.001,2.999],"rotation":90,"texture":"#2","tintindex":0},"down":{"uv":[10.001,2.001,10.999,2.999],"rotation":90,"texture":"#2","tintindex":0}}},{"from":[7.714286,13.571428,11.0],"to":[8.285714,14.142858,11.571428],"rotation":{"angle":0.0,"axis":"y","origin":[7.714286,15.857143,13.857143]},"faces":{"east":{"uv":[4.001,3.001,4.999,3.999],"rotation":0,"texture":"#2","tintindex":0},"south":{"uv":[4.001,3.001,4.999,3.999],"rotation":0,"texture":"#2","tintindex":0},"north":{"uv":[4.001,3.001,4.999,3.999],"rotation":0,"texture":"#2","tintindex":0},"west":{"uv":[4.001,3.999,4.999,3.001],"rotation":180,"texture":"#2","tintindex":0},"up":{"uv":[4.999,3.001,4.001,3.999],"rotation":90,"texture":"#2","tintindex":0},"down":{"uv":[4.001,3.001,4.999,3.999],"rotation":90,"texture":"#2","tintindex":0}}},{"from":[7.714286,9.571428,13.285715],"to":[8.285714,13.571428,13.857143],"rotation":{"angle":0.0,"axis":"y","origin":[7.714286,15.857143,13.857143]},"faces":{"east":{"uv":[0.001,4.001,0.999,10.999],"rotation":0,"texture":"#2","tintindex":0},"south":{"uv":[0.001,4.001,0.999,10.999],"rotation":0,"texture":"#2","tintindex":0},"north":{"uv":[0.001,4.001,0.999,10.999],"rotation":0,"texture":"#2","tintindex":0},"west":{"uv":[0.001,10.999,0.999,4.001],"rotation":180,"texture":"#2","tintindex":0},"up":{"uv":[0.999,4.001,0.001,4.999],"rotation":90,"texture":"#2","tintindex":0},"down":{"uv":[0.001,10.001,0.999,10.999],"rotation":90,"texture":"#2","tintindex":0}}},{"from":[7.714286,10.714286,11.571428],"to":[8.285714,13.571428,12.142858],"rotation":{"angle":0.0,"axis":"y","origin":[7.714286,15.857143,13.857143]},"faces":{"east":{"uv":[3.001,4.001,3.999,8.999],"rotation":0,"texture":"#2","tintindex":0},"south":{"uv":[3.001,4.001,3.999,8.999],"rotation":0,"texture":"#2","tintindex":0},"north":{"uv":[3.001,4.001,3.999,8.999],"rotation":0,"texture":"#2","tintindex":0},"west":{"uv":[3.001,8.999,3.999,4.001],"rotation":180,"texture":"#2","tintindex":0},"up":{"uv":[3.999,4.001,3.001,4.999],"rotation":90,"texture":"#2","tintindex":0},"down":{"uv":[3.001,8.001,3.999,8.999],"rotation":90,"texture":"#2","tintindex":0}}}],"display":{"head":{"translation":[0.0,-6.4,0.0],"scale":[4.0,4.0,4.0]}}}