{"textures":{"1":"modelengine:entity/fallenravager"},"elements":[{"from":[3.8341794,5.7690034,6.0681725],"to":[5.377036,7.3118606,8.753887],"rotation":{"angle":45.0,"axis":"z","origin":[4.6913223,7.8404317,8.268173]},"faces":{"east":{"uv":[2.3135,4.8135,2.624,4.999],"rotation":0,"texture":"#1","tintindex":0},"south":{"uv":[5.251,4.4385,5.4365,4.624],"rotation":0,"texture":"#1","tintindex":0},"north":{"uv":[3.5635,0.8135,3.749,0.999],"rotation":0,"texture":"#1","tintindex":0},"west":{"uv":[4.5635,4.8135,4.874,4.999],"rotation":0,"texture":"#1","tintindex":0},"up":{"uv":[2.8115,3.999,2.626,3.6885],"rotation":0,"texture":"#1","tintindex":0},"down":{"uv":[2.874,4.8135,2.6885,5.124],"rotation":0,"texture":"#1","tintindex":0}}},{"from":[5.6941137,5.865245,6.0396013],"to":[7.2941136,8.036674,8.782458],"rotation":{"angle":22.5,"axis":"z","origin":[5.922685,6.708102,8.268173]},"faces":{"east":{"uv":[0.876,3.5635,1.1865,3.8115],"rotation":0,"texture":"#1","tintindex":0},"south":{"uv":[1.5635,5.126,1.749,5.374],"rotation":0,"texture":"#1","tintindex":0},"north":{"uv":[1.3135,5.126,1.499,5.374],"rotation":0,"texture":"#1","tintindex":0},"west":{"uv":[3.5635,2.251,3.874,2.499],"rotation":0,"texture":"#1","tintindex":0},"up":{"uv":[3.499,5.124,3.3135,4.8135],"rotation":0,"texture":"#1","tintindex":0},"down":{"uv":[5.0615,0.001,4.876,0.3115],"rotation":0,"texture":"#1","tintindex":0}}},{"from":[6.477146,5.8668375,5.982458],"to":[8.191432,8.723981,8.8396015],"rotation":{"angle":0.0,"axis":"y","origin":[9.33429,5.4382663,6.2681727]},"faces":{"east":{"uv":[3.001,1.626,3.3115,1.9365],"rotation":0,"texture":"#1","tintindex":0},"south":{"uv":[1.0635,4.876,1.249,5.1865],"rotation":0,"texture":"#1","tintindex":0},"north":{"uv":[0.4385,4.876,0.624,5.1865],"rotation":0,"texture":"#1","tintindex":0},"west":{"uv":[3.251,0.001,3.5615,0.3115],"rotation":0,"texture":"#1","tintindex":0},"up":{"uv":[5.0615,1.5615,4.876,1.251],"rotation":0,"texture":"#1","tintindex":0},"down":{"uv":[5.0615,1.9385,4.876,2.249],"rotation":0,"texture":"#1","tintindex":0}}},{"from":[7.81992,5.680775,5.5783973],"to":[8.391349,6.8236322,6.149826],"rotation":{"angle":-22.5,"axis":"z","origin":[8.962777,5.9664893,5.864112]},"faces":{"east":{"uv":[7.751,7.126,7.8115,7.249],"rotation":0,"texture":"#1","tintindex":0},"south":{"uv":[7.8135,0.001,7.874,0.124],"rotation":0,"texture":"#1","tintindex":0},"north":{"uv":[7.751,6.9385,7.8115,7.0615],"rotation":0,"texture":"#1","tintindex":0},"west":{"uv":[7.8135,1.001,7.874,1.124],"rotation":0,"texture":"#1","tintindex":0},"up":{"uv":[3.5615,8.249,3.501,8.1885],"rotation":0,"texture":"#1","tintindex":0},"down":{"uv":[3.6865,8.1885,3.626,8.249],"rotation":0,"texture":"#1","tintindex":0}}},{"from":[7.071027,5.897166,5.576112],"to":[8.218455,6.4731655,6.1521115],"rotation":{"angle":22.5,"axis":"z","origin":[8.21617,6.185166,5.864112]},"faces":{"east":{"uv":[8.1885,3.626,8.249,3.6865],"rotation":0,"texture":"#1","tintindex":0},"south":{"uv":[7.8135,1.1885,7.9365,1.249],"rotation":0,"texture":"#1","tintindex":0},"north":{"uv":[7.8135,0.751,7.9365,0.8115],"rotation":0,"texture":"#1","tintindex":0},"west":{"uv":[3.751,8.1885,3.8115,8.249],"rotation":0,"texture":"#1","tintindex":0},"up":{"uv":[7.9365,1.374,7.8135,1.3135],"rotation":0,"texture":"#1","tintindex":0},"down":{"uv":[7.9365,1.876,7.8135,1.9365],"rotation":0,"texture":"#1","tintindex":0}}},{"from":[8.189146,6.9747767,5.576112],"to":[8.765146,8.693634,6.1521115],"rotation":{"angle":0.0,"axis":"y","origin":[9.33429,6.691348,5.864112]},"faces":{"east":{"uv":[6.8135,7.4385,6.874,7.624],"rotation":0,"texture":"#1","tintindex":0},"south":{"uv":[6.9385,7.4385,6.999,7.624],"rotation":0,"texture":"#1","tintindex":0},"north":{"uv":[6.6885,7.4385,6.749,7.624],"rotation":0,"texture":"#1","tintindex":0},"west":{"uv":[7.0635,7.4385,7.124,7.624],"rotation":0,"texture":"#1","tintindex":0},"up":{"uv":[3.9365,8.249,3.876,8.1885],"rotation":0,"texture":"#1","tintindex":0},"down":{"uv":[4.249,8.1885,4.1885,8.249],"rotation":0,"texture":"#1","tintindex":0}}},{"from":[8.188004,6.9759197,8.667858],"to":[8.757146,8.68792,9.237001],"rotation":{"angle":0.0,"axis":"y","origin":[9.329718,6.6890626,8.95243]},"faces":{"east":{"uv":[0.001,7.501,0.0615,7.6865],"rotation":0,"texture":"#1","tintindex":0},"south":{"uv":[0.126,7.501,0.1865,7.6865],"rotation":0,"texture":"#1","tintindex":0},"north":{"uv":[7.1885,7.4385,7.249,7.624],"rotation":0,"texture":"#1","tintindex":0},"west":{"uv":[0.376,7.501,0.4365,7.6865],"rotation":0,"texture":"#1","tintindex":0},"up":{"uv":[4.374,8.249,4.3135,8.1885],"rotation":0,"texture":"#1","tintindex":0},"down":{"uv":[4.499,8.1885,4.4385,8.249],"rotation":0,"texture":"#1","tintindex":0}}},{"from":[7.0664554,5.8948803,8.66443],"to":[8.213884,6.47088,9.24043],"rotation":{"angle":22.5,"axis":"z","origin":[8.211598,6.18288,8.95243]},"faces":{"east":{"uv":[8.1885,4.4385,8.249,4.499],"rotation":0,"texture":"#1","tintindex":0},"south":{"uv":[7.8135,2.126,7.9365,2.1865],"rotation":0,"texture":"#1","tintindex":0},"north":{"uv":[7.8135,2.001,7.9365,2.0615],"rotation":0,"texture":"#1","tintindex":0},"west":{"uv":[4.5635,8.1885,4.624,8.249],"rotation":0,"texture":"#1","tintindex":0},"up":{"uv":[7.9365,2.3115,7.8135,2.251],"rotation":0,"texture":"#1","tintindex":0},"down":{"uv":[7.9365,2.376,7.8135,2.4365],"rotation":0,"texture":"#1","tintindex":0}}},{"from":[7.8153486,5.6784897,8.666716],"to":[8.386777,6.8213468,9.238144],"rotation":{"angle":-22.5,"axis":"z","origin":[8.958206,5.964204,8.95243]},"faces":{"east":{"uv":[7.8135,2.501,7.874,2.624],"rotation":0,"texture":"#1","tintindex":0},"south":{"uv":[7.8135,2.6885,7.874,2.8115],"rotation":0,"texture":"#1","tintindex":0},"north":{"uv":[2.251,7.8135,2.3115,7.9365],"rotation":0,"texture":"#1","tintindex":0},"west":{"uv":[7.8135,2.876,7.874,2.999],"rotation":0,"texture":"#1","tintindex":0},"up":{"uv":[4.749,8.249,4.6885,8.1885],"rotation":0,"texture":"#1","tintindex":0},"down":{"uv":[8.249,4.8135,8.1885,4.874],"rotation":0,"texture":"#1","tintindex":0}}},{"from":[8.191432,8.405634,5.696744],"to":[8.76286,8.977062,6.2681727],"rotation":{"angle":45.0,"axis":"x","origin":[8.477146,8.691348,5.982458]},"faces":{"east":{"uv":[5.1885,8.1885,5.249,8.249],"rotation":0,"texture":"#1","tintindex":0},"south":{"uv":[8.1885,5.4385,8.249,5.499],"rotation":0,"texture":"#1","tintindex":0},"north":{"uv":[5.0635,8.1885,5.124,8.249],"rotation":0,"texture":"#1","tintindex":0},"west":{"uv":[5.5635,8.1885,5.624,8.249],"rotation":0,"texture":"#1","tintindex":0},"up":{"uv":[5.749,8.249,5.6885,8.1885],"rotation":0,"texture":"#1","tintindex":0},"down":{"uv":[8.249,5.751,8.1885,5.8115],"rotation":0,"texture":"#1","tintindex":0}}},{"from":[8.191432,8.523981,5.982458],"to":[8.76286,9.095409,8.8396015],"rotation":{"angle":0.0,"axis":"y","origin":[9.33429,5.952552,6.2681727]},"faces":{"east":{"uv":[6.251,1.876,6.5615,1.9365],"rotation":0,"texture":"#1","tintindex":0},"south":{"uv":[8.1885,5.876,8.249,5.9365],"rotation":0,"texture":"#1","tintindex":0},"north":{"uv":[5.8135,8.1885,5.874,8.249],"rotation":0,"texture":"#1","tintindex":0},"west":{"uv":[6.251,2.001,6.5615,2.0615],"rotation":0,"texture":"#1","tintindex":0},"up":{"uv":[6.374,3.3115,6.3135,3.001],"rotation":0,"texture":"#1","tintindex":0},"down":{"uv":[6.374,4.1885,6.3135,4.499],"rotation":0,"texture":"#1","tintindex":0}}},{"from":[8.193718,8.40792,8.556172],"to":[8.760575,8.974777,9.12303],"rotation":{"angle":-45.0,"axis":"x","origin":[8.477146,8.691348,8.8396015]},"faces":{"east":{"uv":[6.0635,8.1885,6.124,8.249],"rotation":0,"texture":"#1","tintindex":0},"south":{"uv":[6.1885,8.1885,6.249,8.249],"rotation":0,"texture":"#1","tintindex":0},"north":{"uv":[5.9385,8.1885,5.999,8.249],"rotation":0,"texture":"#1","tintindex":0},"west":{"uv":[8.1885,6.1885,8.249,6.249],"rotation":0,"texture":"#1","tintindex":0},"up":{"uv":[6.374,8.249,6.3135,8.1885],"rotation":0,"texture":"#1","tintindex":0},"down":{"uv":[8.249,6.3135,8.1885,6.374],"rotation":0,"texture":"#1",