{"textures":{"0":"modelengine:entity/boneshadingravager","1":"modelengine:entity/fallenravager"},"elements":[{"from":[6.549467,7.273116,7.142857],"to":[8.263753,8.415973,8.857143],"rotation":{"angle":0.0,"axis":"y","origin":[7.4066095,7.8445444,8.0]},"faces":{"east":{"uv":[5.996,2.004,0.004,5.996],"rotation":0,"texture":"#0","tintindex":0},"south":{"uv":[5.996,2.004,0.004,5.996],"rotation":0,"texture":"#0","tintindex":0},"north":{"uv":[5.996,2.004,0.004,5.996],"rotation":0,"texture":"#0","tintindex":0},"west":{"uv":[5.996,2.004,0.004,5.996],"rotation":0,"texture":"#0","tintindex":0},"up":{"uv":[0.004,0.004,5.996,3.996],"rotation":0,"texture":"#0","tintindex":0},"down":{"uv":[0.004,0.004,5.996,3.996],"rotation":0,"texture":"#0","tintindex":0}}},{"from":[7.97461,5.555402,6.753714],"to":[8.552896,7.8479733,7.332],"rotation":{"angle":-22.5,"axis":"y","origin":[8.263753,7.8445444,7.2714286]},"faces":{"east":{"uv":[4.0635,7.0635,4.124,7.3115],"rotation":0,"texture":"#1","tintindex":0},"south":{"uv":[4.1885,7.0635,4.249,7.3115],"rotation":0,"texture":"#1","tintindex":0},"north":{"uv":[3.9385,7.0635,3.999,7.3115],"rotation":0,"texture":"#1","tintindex":0},"west":{"uv":[7.0635,5.6885,7.124,5.9365],"rotation":0,"texture":"#1","tintindex":0},"up":{"uv":[8.4365,0.3115,8.376,0.251],"rotation":0,"texture":"#1","tintindex":0},"down":{"uv":[0.4365,8.376,0.376,8.4365],"rotation":0,"texture":"#1","tintindex":0}}},{"from":[7.97461,5.555402,8.796572],"to":[8.552896,7.8479733,9.374857],"rotation":{"angle":22.5,"axis":"y","origin":[8.263753,7.8445444,8.857143]},"faces":{"east":{"uv":[7.0635,1.876,7.124,2.124],"rotation":0,"texture":"#1","tintindex":0},"south":{"uv":[2.001,7.0635,2.0615,7.3115],"rotation":0,"texture":"#1","tintindex":0},"north":{"uv":[1.0635,7.0635,1.124,7.3115],"rotation":0,"texture":"#1","tintindex":0},"west":{"uv":[7.0635,3.5635,7.124,3.8115],"rotation":0,"texture":"#1","tintindex":0},"up":{"uv":[0.1865,8.4365,0.126,8.376],"rotation":0,"texture":"#1","tintindex":0},"down":{"uv":[0.3115,8.376,0.251,8.4365],"rotation":0,"texture":"#1","tintindex":0}}},{"from":[6.2637525,6.3016872,6.885714],"to":[8.549467,6.873116,9.171429],"rotation":{"angle":0.0,"axis":"y","origin":[7.1208954,6.273116,9.857143]},"faces":{"east":{"uv":[0.751,7.0635,0.999,7.124],"rotation":0,"texture":"#1","tintindex":0},"south":{"uv":[7.0635,1.626,7.3115,1.6865],"rotation":0,"texture":"#1","tintindex":0},"north":{"uv":[7.0635,0.501,7.3115,0.5615],"rotation":0,"texture":"#1","tintindex":0},"west":{"uv":[7.0635,1.751,7.3115,1.8115],"rotation":0,"texture":"#1","tintindex":0},"up":{"uv":[2.374,4.749,2.126,4.501],"rotation":0,"texture":"#1","tintindex":0},"down":{"uv":[2.6865,4.501,2.4385,4.749],"rotation":0,"texture":"#1","tintindex":0}}},{"from":[6.3780384,5.537401,6.992857],"to":[8.435182,7.5945444,9.05],"rotation":{"angle":0.0,"axis":"y","origin":[3.9780378,-1.8697414,8.0]},"faces":{"east":{"uv":[4.4385,3.1885,4.6865,3.4365],"rotation":0,"texture":"#1","tintindex":0},"south":{"uv":[4.4385,3.501,4.6865,3.749],"rotation":0,"texture":"#1","tintindex":0},"north":{"uv":[4.4385,2.876,4.6865,3.124],"rotation":0,"texture":"#1","tintindex":0},"west":{"uv":[0.751,4.501,0.999,4.749],"rotation":0,"texture":"#1","tintindex":0},"up":{"uv":[1.749,4.749,1.501,4.501],"rotation":0,"texture":"#1","tintindex":0},"down":{"uv":[2.0615,4.501,1.8135,4.749],"rotation":0,"texture":"#1","tintindex":0}}},{"from":[8.435182,5.4231157,7.7357144],"to":[9.00661,8.280259,8.307143],"rotation":{"angle":0.0,"axis":"y","origin":[3.9780378,-1.8697414,8.0]},"faces":{"east":{"uv":[6.5635,2.876,6.624,3.1865],"rotation":0,"texture":"#1","tintindex":0},"south":{"uv":[6.5635,3.251,6.624,3.5615],"rotation":0,"texture":"#1","tintindex":0},"north":{"uv":[6.5635,2.501,6.624,2.8115],"rotation":0,"texture":"#1","tintindex":0},"west":{"uv":[6.5635,4.0635,6.624,4.374],"rotation":0,"texture":"#1","tintindex":0},"up":{"uv":[8.374,8.249,8.3135,8.1885],"rotation":0,"texture":"#1","tintindex":0},"down":{"uv":[8.374,8.3135,8.3135,8.374],"rotation":0,"texture":"#1","tintindex":0}}},{"from":[8.43861,5.426544,7.167714],"to":[9.003181,8.276831,7.7322855],"rotation":{"angle":22.5,"axis":"y","origin":[8.720896,6.5659733,7.45]},"faces":{"east":{"uv":[6.5635,0.001,6.624,0.3115],"rotation":0,"texture":"#1","tintindex":0},"south":{"uv":[6.5635,1.126,6.624,1.4365],"rotation":0,"texture":"#1","tintindex":0},"north":{"uv":[6.501,6.376,6.5615,6.6865],"rotation":0,"texture":"#1","tintindex":0},"west":{"uv":[2.3135,6.5635,2.374,6.874],"rotation":0,"texture":"#1","tintindex":0},"up":{"uv":[8.124,8.374,8.0635,8.3135],"rotation":0,"texture":"#1","tintindex":0},"down":{"uv":[8.249,8.3135,8.1885,8.374],"rotation":0,"texture":"#1","tintindex":0}}},{"from":[8.43861,5.426544,8.310572],"to":[9.003181,8.276831,8.875143],"rotation":{"angle":-22.5,"axis":"y","origin":[8.720896,6.5659733,8.592857]},"faces":{"east":{"uv":[6.501,6.001,6.5615,6.3115],"rotation":0,"texture":"#1","tintindex":0},"south":{"uv":[6.251,6.501,6.3115,6.8115],"rotation":0,"texture":"#1","tintindex":0},"north":{"uv":[2.9385,6.501,2.999,6.8115],"rotation":0,"texture":"#1","tintindex":0},"west":{"uv":[6.376,6.501,6.4365,6.8115],"rotation":0,"texture":"#1","tintindex":0},"up":{"uv":[8.374,7.6865,8.3135,7.626],"rotation":0,"texture":"#1","tintindex":0},"down":{"uv":[7.999,8.3135,7.9385,8.374],"rotation":0,"texture":"#1","tintindex":0}}}],"display":{"head":{"translation":[0.0,-6.4,0.0],"scale":[4.0,4.0,4.0]}}}