{"textures":{"1":"modelengine:entity/fallenravager"},"elements":[{"from":[7.426857,8.464685,4.630971],"to":[8.578857,9.045258,5.7829714],"rotation":{"angle":45.0,"axis":"x","origin":[8.5742855,8.7549715,4.971257]},"faces":{"east":{"uv":[7.9385,3.4385,8.0615,3.499],"rotation":0,"texture":"#1","tintindex":0},"south":{"uv":[3.501,7.9385,3.624,7.999],"rotation":0,"texture":"#1","tintindex":0},"north":{"uv":[7.9385,3.3135,8.0615,3.374],"rotation":0,"texture":"#1","tintindex":0},"west":{"uv":[7.9385,3.5635,8.0615,3.624],"rotation":0,"texture":"#1","tintindex":0},"up":{"uv":[7.374,1.4365,7.251,1.3135],"rotation":0,"texture":"#1","tintindex":0},"down":{"uv":[7.374,2.1885,7.251,2.3115],"rotation":0,"texture":"#1","tintindex":0}}},{"from":[6.8542857,7.519257,5.371257],"to":[9.145715,8.667829,9.376971],"rotation":{"angle":0.0,"axis":"y","origin":[8.0,14.093543,8.231257]},"faces":{"east":{"uv":[4.9385,3.8135,5.374,3.9365],"rotation":0,"texture":"#1","tintindex":0},"south":{"uv":[5.751,4.001,5.999,4.124],"rotation":0,"texture":"#1","tintindex":0},"north":{"uv":[5.751,3.8135,5.999,3.9365],"rotation":0,"texture":"#1","tintindex":0},"west":{"uv":[4.9385,4.001,5.374,4.124],"rotation":0,"texture":"#1","tintindex":0},"up":{"uv":[1.0615,3.499,0.8135,3.0635],"rotation":0,"texture":"#1","tintindex":0},"down":{"uv":[1.374,3.0635,1.126,3.499],"rotation":0,"texture":"#1","tintindex":0}}},{"from":[6.9142857,8.093543,7.6598287],"to":[9.085714,9.236401,9.316972],"rotation":{"angle":0.0,"axis":"y","origin":[8.0,14.664972,8.231257]},"faces":{"east":{"uv":[3.501,6.1885,3.6865,6.3115],"rotation":0,"texture":"#1","tintindex":0},"south":{"uv":[5.751,3.4385,5.999,3.5615],"rotation":0,"texture":"#1","tintindex":0},"north":{"uv":[5.751,3.251,5.999,3.374],"rotation":0,"texture":"#1","tintindex":0},"west":{"uv":[3.751,6.1885,3.9365,6.3115],"rotation":0,"texture":"#1","tintindex":0},"up":{"uv":[0.5615,5.4365,0.3135,5.251],"rotation":0,"texture":"#1","tintindex":0},"down":{"uv":[1.249,5.251,1.001,5.4365],"rotation":0,"texture":"#1","tintindex":0}}},{"from":[7.428571,7.5221143,4.8026857],"to":[8.571428,8.664971,5.374114],"rotation":{"angle":0.0,"axis":"y","origin":[8.0,14.093543,8.231257]},"faces":{"east":{"uv":[3.0635,7.9385,3.124,8.0615],"rotation":0,"texture":"#1","tintindex":0},"south":{"uv":[7.251,1.126,7.374,1.249],"rotation":0,"texture":"#1","tintindex":0},"north":{"uv":[7.251,0.626,7.374,0.749],"rotation":0,"texture":"#1","tintindex":0},"west":{"uv":[3.1885,7.9385,3.249,8.0615],"rotation":0,"texture":"#1","tintindex":0},"up":{"uv":[8.0615,2.999,7.9385,2.9385],"rotation":0,"texture":"#1","tintindex":0},"down":{"uv":[3.4365,7.9385,3.3135,7.999],"rotation":0,"texture":"#1","tintindex":0}}}],"display":{"head":{"translation":[0.0,-6.4,0.0],"scale":[4.0,4.0,4.0]}}}