{"textures":{"0":"modelengine:entity/tiamat5"},"elements":[{"from":[0.85714245,5.460847,-0.58460903],"to":[14.571428,10.032276,6.8439627],"rotation":{"angle":-22.5,"axis":"x","origin":[7.904762,9.595917,1.0285873]},"faces":{"east":{"uv":[9.00625,4.69375,9.80625,5.18125],"rotation":0,"texture":"#0","tintindex":0},"south":{"uv":[7.25625,3.81875,8.74375,4.30625],"rotation":0,"texture":"#0","tintindex":0},"north":{"uv":[7.19375,2.56875,8.68125,3.05625],"rotation":0,"texture":"#0","tintindex":0},"west":{"uv":[9.00625,7.69375,9.80625,8.18125],"rotation":0,"texture":"#0","tintindex":0},"up":{"uv":[4.49375,6.93125,3.00625,6.13125],"rotation":0,"texture":"#0","tintindex":0},"down":{"uv":[5.99375,6.13125,4.50625,6.93125],"rotation":0,"texture":"#0","tintindex":0}}},{"from":[8.285714,5.460847,-4.0131807],"to":[8.285714,12.31799,-0.58460903],"rotation":{"angle":-22.5,"axis":"x","origin":[7.904762,9.595917,1.0285873]},"faces":{"east":{"uv":[9.99375,9.19375,9.63125,9.93125],"rotation":0,"texture":"#0","tintindex":0},"south":{"uv":[0.00625,0.00625,0.00625,0.74375],"rotation":0,"texture":"#0","tintindex":0},"north":{"uv":[0.00625,0.00625,0.00625,0.74375],"rotation":0,"texture":"#0","tintindex":0},"west":{"uv":[9.63125,9.19375,9.99375,9.93125],"rotation":0,"texture":"#0","tintindex":0},"up":{"uv":[0.00625,0.36875,0.00625,0.00625],"rotation":0,"texture":"#0","tintindex":0},"down":{"uv":[0.00625,0.00625,0.00625,0.36875],"rotation":0,"texture":"#0","tintindex":0}}},{"from":[-0.2857151,8.278467,-4.5776796],"to":[15.714286,15.135611,2.8508925],"rotation":{"angle":45.0,"axis":"x","origin":[7.904762,9.595917,1.0285873]},"faces":{"east":{"uv":[2.00625,8.00625,2.80625,8.74375],"rotation":0,"texture":"#0","tintindex":0},"south":{"uv":[5.44375,2.38125,7.18125,3.11875],"rotation":0,"texture":"#0","tintindex":0},"north":{"uv":[5.44375,1.63125,7.18125,2.36875],"rotation":0,"texture":"#0","tintindex":0},"west":{"uv":[4.75625,8.13125,5.55625,8.86875],"rotation":0,"texture":"#0","tintindex":0},"up":{"uv":[4.74375,6.11875,3.00625,5.31875],"rotation":0,"texture":"#0","tintindex":0},"down":{"uv":[6.49375,5.31875,4.75625,6.11875],"rotation":0,"texture":"#0","tintindex":0}}},{"from":[-0.2857151,17.47673,0.981513],"to":[15.714286,17.47673,8.410085],"rotation":{"angle":0.0,"axis":"y","origin":[6.857143,14.5284815,-1.2615967]},"faces":{"east":{"uv":[0.00625,0.00625,0.80625,0.00625],"rotation":0,"texture":"#0","tintindex":0},"south":{"uv":[0.00625,0.00625,1.74375,0.00625],"rotation":0,"texture":"#0","tintindex":0},"north":{"uv":[0.00625,0.00625,1.74375,0.00625],"rotation":0,"texture":"#0","tintindex":0},"west":{"uv":[0.00625,0.00625,0.80625,0.00625],"rotation":0,"texture":"#0","tintindex":0},"up":{"uv":[7.18125,0.80625,5.44375,0.00625],"rotation":0,"texture":"#0","tintindex":0},"down":{"uv":[5.44375,0.00625,7.18125,0.80625],"rotation":0,"texture":"#0","tintindex":0}}},{"from":[7.714286,19.342587,-6.332039],"to":[7.714286,25.056873,6.8108196],"rotation":{"angle":45.0,"axis":"x","origin":[6.857143,14.5284815,-1.2615967]},"faces":{"east":{"uv":[7.19375,0.00625,8.61875,0.61875],"rotation":0,"texture":"#0","tintindex":0},"south":{"uv":[0.00625,0.00625,0.00625,0.61875],"rotation":0,"texture":"#0","tintindex":0},"north":{"uv":[0.00625,0.00625,0.00625,0.61875],"rotation":0,"texture":"#0","tintindex":0},"west":{"uv":[8.61875,0.00625,7.19375,0.61875],"rotation":0,"texture":"#0","tintindex":0},"up":{"uv":[0.00625,1.43125,0.00625,0.00625],"rotation":0,"texture":"#0","tintindex":0},"down":{"uv":[0.00625,0.00625,0.00625,1.43125],"rotation":0,"texture":"#0","tintindex":0}}},{"from":[1.4285712,8.950825,-4.198203],"to":[14.0,20.950825,3.801797],"rotation":{"angle":22.5,"axis":"x","origin":[6.857143,14.5284815,-1.2615967]},"faces":{"east":{"uv":[3.00625,6.94375,3.86875,8.24375],"rotation":0,"texture":"#0","tintindex":0},"south":{"uv":[4.38125,4.00625,5.74375,5.30625],"rotation":0,"texture":"#0","tintindex":0},"north":{"uv":[3.00625,4.00625,4.36875,5.30625],"rotation":0,"texture":"#0","tintindex":0},"west":{"uv":[3.88125,6.94375,4.74375,8.24375],"rotation":0,"texture":"#0","tintindex":0},"up":{"uv":[7.36875,6.99375,6.00625,6.13125],"rotation":0,"texture":"#0","tintindex":0},"down":{"uv":[7.86875,4.88125,6.50625,5.74375],"rotation":0,"texture":"#0","tintindex":0}}},{"from":[0.85714245,6.03951,-4.141226],"to":[14.571428,14.03951,-4.141226],"rotation":{"angle":0.0,"axis":"y","origin":[6.857143,14.5284815,-1.2615967]},"faces":{"east":{"uv":[0.00625,0.00625,0.00625,0.86875],"rotation":0,"texture":"#0","tintindex":0},"south":{"uv":[5.44375,3.13125,6.93125,3.99375],"rotation":0,"texture":"#0","tintindex":0},"north":{"uv":[5.44375,3.13125,6.93125,3.99375],"rotation":0,"texture":"#0","tintindex":0},"west":{"uv":[0.00625,0.00625,0.00625,0.86875],"rotation":0,"texture":"#0","tintindex":0},"up":{"uv":[1.49375,0.00625,0.00625,0.00625],"rotation":0,"texture":"#0","tintindex":0},"down":{"uv":[1.49375,0.00625,0.00625,0.00625],"rotation":0,"texture":"#0","tintindex":0}}},{"from":[-4.285715,9.174416,-6.555773],"to":[1.4285712,21.174416,-6.555773],"rotation":{"angle":22.5,"axis":"x","origin":[4.5714283,8.714125,-3.0024147]},"faces":{"east":{"uv":[0.00625,0.00625,0.00625,1.30625],"rotation":0,"texture":"#0","tintindex":0},"south":{"uv":[7.80625,1.25625,7.19375,2.55625],"rotation":0,"texture":"#0","tintindex":0},"north":{"uv":[7.19375,1.25625,7.80625,2.55625],"rotation":0,"texture":"#0","tintindex":0},"west":{"uv":[0.00625,0.00625,0.00625,1.30625],"rotation":0,"texture":"#0","tintindex":0},"up":{"uv":[0.61875,0.00625,0.00625,0.00625],"rotation":0,"texture":"#0","tintindex":0},"down":{"uv":[0.61875,0.00625,0.00625,0.00625],"rotation":0,"texture":"#0","tintindex":0}}},{"from":[14.0,9.174416,-6.555773],"to":[19.714287,21.174416,-6.555773],"rotation":{"angle":22.5,"axis":"x","origin":[10.857143,8.714125,-3.0024147]},"faces":{"east":{"uv":[0.00625,0.00625,0.00625,1.30625],"rotation":0,"texture":"#0","tintindex":0},"south":{"uv":[7.19375,1.25625,7.80625,2.55625],"rotation":0,"texture":"#0","tintindex":0},"north":{"uv":[7.80625,1.25625,7.19375,2.55625],"rotation":0,"texture":"#0","tintindex":0},"west":{"uv":[0.00625,0.00625,0.00625,1.30625],"rotation":0,"texture":"#0","tintindex":0},"up":{"uv":[0.00625,0.00625,0.61875,0.00625],"rotation":0,"texture":"#0","tintindex":0},"down":{"uv":[0.00625,0.00625,0.61875,0.00625],"rotation":0,"texture":"#0","tintindex":0}}},{"from":[3.7142854,6.4991894,-6.1091433],"to":[12.285715,10.499189,-6.1091433],"rotation":{"angle":0.0,"axis":"y","origin":[6.857143,14.5284815,-1.2615967]},"faces":{"east":{"uv":[0.00625,0.00625,0.00625,0.43125],"rotation":0,"texture":"#0","tintindex":0},"south":{"uv":[9.86875,5.44375,8.94375,5.86875],"rotation":0,"texture":"#0","tintindex":0},"north":{"uv":[8.94375,5.44375,9.86875,5.86875],"rotation":0,"texture":"#0","tintindex":0},"west":{"uv":[0.00625,0.00625,0.00625,0.43125],"rotation":0,"texture":"#0","tintindex":0},"up":{"uv":[0.93125,0.00625,0.00625,0.00625],"rotation":0,"texture":"#0","tintindex":0},"down":{"uv":[0.93125,0.00625,0.00625,0.00625],"rotation":0,"texture":"#0","tintindex":0}}},{"from":[5.428571,14.665112,-6.483918],"to":[10.571428,17.522255,-4.198203],"rotation":{"angle":22.5,"axis":"x","origin":[6.857143,14.5284815,-1.2615967]},"faces":{"east":{"uv":[4.19375,10.69375,4.43125,10.99375],"rotation":0,"texture":"#0","tintindex":0},"south":{"uv":[10.06875,8.00625,10.61875,8.30625],"rotation":0,"texture":"#0","tintindex":0},"north":{"uv":[10.06875,6.88125,10.61875,7.18125],"rotation":0,"texture":"#0","tintindex":0},"west":{"uv":[4.94375,10.69375,5.18125,10.99375],"rotation":0,"texture":"#0","tintindex":0},"up":{"uv":[7.68125,10.49375,7.13125,10.25625],"rotation":0,"texture":"#0","tintindex":0},"down":{"uv":[8.61875,10.25625,8.06875,10.49375],"rotation":0,"texture":"#0","tintindex":0}}}],"display":{"head":{"translation":[0.0,-6.4,0.0],"scale":[4.0,4.0,4.0]}}}