{"textures":{"0":"modelengine:entity/tiamat5"},"elements":[{"from":[4.8571424,8.915422,4.057009],"to":[11.142858,11.772566,9.199866],"rotation":{"angle":-22.5,"axis":"x","origin":[8.025974,9.40135,5.229299]},"faces":{"east":{"uv":[9.88125,6.00625,10.43125,6.30625],"rotation":0,"texture":"#0","tintindex":0},"south":{"uv":[9.88125,5.69375,10.55625,5.99375],"rotation":0,"texture":"#0","tintindex":0},"north":{"uv":[7.81875,2.25625,8.49375,2.55625],"rotation":0,"texture":"#0","tintindex":0},"west":{"uv":[5.00625,10.00625,5.55625,10.30625],"rotation":0,"texture":"#0","tintindex":0},"up":{"uv":[9.80625,3.30625,9.13125,2.75625],"rotation":0,"texture":"#0","tintindex":0},"down":{"uv":[6.74375,9.19375,6.06875,9.74375],"rotation":0,"texture":"#0","tintindex":0}}},{"from":[8.285714,11.772566,4.057009],"to":[8.285714,13.486852,10.914152],"rotation":{"angle":-22.5,"axis":"x","origin":[8.025974,9.40135,5.229299]},"faces":{"east":{"uv":[10.99375,7.63125,10.25625,7.80625],"rotation":0,"texture":"#0","tintindex":0},"south":{"uv":[0.00625,0.00625,0.00625,0.18125],"rotation":0,"texture":"#0","tintindex":0},"north":{"uv":[0.00625,0.00625,0.00625,0.18125],"rotation":0,"texture":"#0","tintindex":0},"west":{"uv":[10.25625,7.63125,10.99375,7.80625],"rotation":0,"texture":"#0","tintindex":0},"up":{"uv":[0.00625,0.74375,0.00625,0.00625],"rotation":0,"texture":"#0","tintindex":0},"down":{"uv":[0.00625,0.00625,0.00625,0.74375],"rotation":0,"texture":"#0","tintindex":0}}},{"from":[4.8571424,10.072026,9.80505],"to":[11.142858,10.072026,13.80505],"rotation":{"angle":-45.0,"axis":"x","origin":[8.025974,9.40135,5.229299]},"faces":{"east":{"uv":[0.00625,0.00625,0.43125,0.00625],"rotation":0,"texture":"#0","tintindex":0},"south":{"uv":[0.00625,0.00625,0.68125,0.00625],"rotation":0,"texture":"#0","tintindex":0},"north":{"uv":[0.00625,0.00625,0.68125,0.00625],"rotation":0,"texture":"#0","tintindex":0},"west":{"uv":[0.00625,0.00625,0.43125,0.00625],"rotation":0,"texture":"#0","tintindex":0},"up":{"uv":[6.43125,5.30625,5.75625,4.88125],"rotation":0,"texture":"#0","tintindex":0},"down":{"uv":[5.75625,4.88125,6.43125,5.30625],"rotation":0,"texture":"#0","tintindex":0}}},{"from":[5.142857,9.329025,5.083581],"to":[10.857143,11.614739,9.65501],"rotation":{"angle":0.0,"axis":"y","origin":[8.025974,9.40135,5.229299]},"faces":{"east":{"uv":[10.44375,6.00625,10.93125,6.24375],"rotation":0,"texture":"#0","tintindex":0},"south":{"uv":[10.06875,7.19375,10.68125,7.43125],"rotation":0,"texture":"#0","tintindex":0},"north":{"uv":[9.00625,5.19375,9.61875,5.43125],"rotation":0,"texture":"#0","tintindex":0},"west":{"uv":[0.94375,10.50625,1.43125,10.74375],"rotation":0,"texture":"#0","tintindex":0},"up":{"uv":[4.93125,9.93125,4.31875,9.44375],"rotation":0,"texture":"#0","tintindex":0},"down":{"uv":[10.05625,6.94375,9.44375,7.43125],"rotation":0,"texture":"#0","tintindex":0}}},{"from":[6.0,6.7895103,0.9036288],"to":[10.0,9.646653,6.046487],"rotation":{"angle":0.0,"axis":"y","origin":[8.025974,9.40135,5.229299]},"faces":{"east":{"uv":[10.00625,9.19375,10.55625,9.49375],"rotation":0,"texture":"#0","tintindex":0},"south":{"uv":[8.69375,2.75625,9.11875,3.05625],"rotation":0,"texture":"#0","tintindex":0},"north":{"uv":[7.88125,5.44375,8.30625,5.74375],"rotation":0,"texture":"#0","tintindex":0},"west":{"uv":[10.00625,9.50625,10.55625,9.80625],"rotation":0,"texture":"#0","tintindex":0},"up":{"uv":[10.05625,4.61875,9.63125,4.06875],"rotation":0,"texture":"#0","tintindex":0},"down":{"uv":[10.18125,6.31875,9.75625,6.86875],"rotation":0,"texture":"#0","tintindex":0}}},{"from":[6.0,5.646653,0.9036288],"to":[10.0,6.7895103,6.046487],"rotation":{"angle":0.0,"axis":"y","origin":[8.025974,9.40135,5.229299]},"faces":{"east":{"uv":[10.56875,9.69375,11.11875,9.80625],"rotation":0,"texture":"#0","tintindex":0},"south":{"uv":[8.31875,6.94375,8.74375,7.05625],"rotation":0,"texture":"#0","tintindex":0},"north":{"uv":[8.25625,3.69375,8.68125,3.80625],"rotation":0,"texture":"#0","tintindex":0},"west":{"uv":[10.69375,8.94375,11.24375,9.05625],"rotation":0,"texture":"#0","tintindex":0},"up":{"uv":[10.24375,5.18125,9.81875,4.63125],"rotation":0,"texture":"#0","tintindex":0},"down":{"uv":[10.24375,7.44375,9.81875,7.99375],"rotation":0,"texture":"#0","tintindex":0}}},{"from":[6.0,5.873539,-0.20395947],"to":[10.0,7.5878243,-0.20395947],"rotation":{"angle":-22.5,"axis":"x","origin":[8.025974,9.40135,5.229299]},"faces":{"east":{"uv":[0.00625,0.00625,0.00625,0.18125],"rotation":0,"texture":"#0","tintindex":0},"south":{"uv":[10.63125,8.75625,11.05625,8.93125],"rotation":0,"texture":"#0","tintindex":0},"north":{"uv":[10.63125,6.88125,11.05625,7.05625],"rotation":0,"texture":"#0","tintindex":0},"west":{"uv":[0.00625,0.00625,0.00625,0.18125],"rotation":0,"texture":"#0","tintindex":0},"up":{"uv":[0.43125,0.00625,0.00625,0.00625],"rotation":0,"texture":"#0","tintindex":0},"down":{"uv":[0.43125,0.00625,0.00625,0.00625],"rotation":0,"texture":"#0","tintindex":0}}},{"from":[6.0,4.390263,7.1574383],"to":[10.0,7.8188343,10.014582],"rotation":{"angle":0.0,"axis":"y","origin":[8.025974,9.40135,5.229299]},"faces":{"east":{"uv":[10.50625,3.06875,10.80625,3.43125],"rotation":0,"texture":"#0","tintindex":0},"south":{"uv":[1.44375,10.13125,1.86875,10.49375],"rotation":0,"texture":"#0","tintindex":0},"north":{"uv":[1.00625,10.13125,1.43125,10.49375],"rotation":0,"texture":"#0","tintindex":0},"west":{"uv":[4.63125,10.50625,4.93125,10.86875],"rotation":0,"texture":"#0","tintindex":0},"up":{"uv":[9.74375,10.61875,9.31875,10.31875],"rotation":0,"texture":"#0","tintindex":0},"down":{"uv":[10.80625,3.44375,10.38125,3.74375],"rotation":0,"texture":"#0","tintindex":0}}},{"from":[4.285714,6.7895103,4.9036293],"to":[11.714286,9.646653,10.046487],"rotation":{"angle":0.0,"axis":"y","origin":[8.025974,9.40135,5.229299]},"faces":{"east":{"uv":[10.06875,3.94375,10.61875,4.24375],"rotation":0,"texture":"#0","tintindex":0},"south":{"uv":[6.50625,5.75625,7.30625,6.05625],"rotation":0,"texture":"#0","tintindex":0},"north":{"uv":[4.63125,3.63125,5.43125,3.93125],"rotation":0,"texture":"#0","tintindex":0},"west":{"uv":[10.06875,4.25625,10.61875,4.55625],"rotation":0,"texture":"#0","tintindex":0},"up":{"uv":[5.24375,9.43125,4.44375,8.88125],"rotation":0,"texture":"#0","tintindex":0},"down":{"uv":[6.05625,8.94375,5.25625,9.49375],"rotation":0,"texture":"#0","tintindex":0}}},{"from":[6.5714283,7.9726186,1.1390281],"to":[9.428572,9.686904,3.996171],"rotation":{"angle":22.5,"axis":"x","origin":[8.025974,9.40135,5.229299]},"faces":{"east":{"uv":[6.06875,8.94375,6.36875,9.11875],"rotation":0,"texture":"#0","tintindex":0},"south":{"uv":[9.13125,1.88125,9.43125,2.05625],"rotation":0,"texture":"#0","tintindex":0},"north":{"uv":[6.94375,3.81875,7.24375,3.99375],"rotation":0,"texture":"#0","tintindex":0},"west":{"uv":[9.44375,7.44375,9.74375,7.61875],"rotation":0,"texture":"#0","tintindex":0},"up":{"uv":[7.99375,10.86875,7.69375,10.56875],"rotation":0,"texture":"#0","tintindex":0},"down":{"uv":[10.86875,9.19375,10.56875,9.49375],"rotation":0,"texture":"#0","tintindex":0}}}],"display":{"head":{"translation":[0.0,-6.4,0.0],"scale":[4.0,4.0,4.0]}}}