{"textures":{"0":"modelengine:entity/tiamat5"},"elements":[{"from":[6.5714283,6.172763,6.633596],"to":[11.714286,9.601335,8.919311],"rotation":{"angle":22.5,"axis":"x","origin":[8.236034,7.238744,6.3111005]},"faces":{"east":{"uv":[5.63125,10.56875,5.86875,10.93125],"rotation":0,"texture":"#0","tintindex":0},"south":{"uv":[8.13125,9.88125,8.68125,10.24375],"rotation":0,"texture":"#0","tintindex":0},"north":{"uv":[7.13125,9.88125,7.68125,10.24375],"rotation":0,"texture":"#0","tintindex":0},"west":{"uv":[2.19375,10.63125,2.43125,10.99375],"rotation":0,"texture":"#0","tintindex":0},"up":{"uv":[9.80625,0.86875,9.25625,0.63125],"rotation":0,"texture":"#0","tintindex":0},"down":{"uv":[10.80625,4.88125,10.25625,5.11875],"rotation":0,"texture":"#0","tintindex":0}}},{"from":[4.0800037,5.106614,6.4766192],"to":[6.365718,8.535186,6.4766192],"rotation":{"angle":22.5,"axis":"y","origin":[8.236034,7.238744,6.3111005]},"faces":{"east":{"uv":[0.00625,0.00625,0.00625,0.36875],"rotation":0,"texture":"#0","tintindex":0},"south":{"uv":[2.44375,10.56875,2.68125,10.93125],"rotation":0,"texture":"#0","tintindex":0},"north":{"uv":[2.44375,10.63125,2.68125,10.99375],"rotation":0,"texture":"#0","tintindex":0},"west":{"uv":[0.00625,0.00625,0.00625,0.36875],"rotation":0,"texture":"#0","tintindex":0},"up":{"uv":[0.24375,0.00625,0.00625,0.00625],"rotation":0,"texture":"#0","tintindex":0},"down":{"uv":[0.24375,0.00625,0.00625,0.00625],"rotation":0,"texture":"#0","tintindex":0}}},{"from":[11.876499,5.106614,6.2579427],"to":[14.162213,8.535186,6.2579427],"rotation":{"angle":-22.5,"axis":"y","origin":[9.478251,7.238744,6.3111005]},"faces":{"east":{"uv":[0.00625,0.00625,0.00625,0.36875],"rotation":0,"texture":"#0","tintindex":0},"south":{"uv":[2.68125,10.56875,2.44375,10.93125],"rotation":0,"texture":"#0","tintindex":0},"north":{"uv":[2.68125,10.63125,2.44375,10.99375],"rotation":0,"texture":"#0","tintindex":0},"west":{"uv":[0.00625,0.00625,0.00625,0.36875],"rotation":0,"texture":"#0","tintindex":0},"up":{"uv":[0.00625,0.00625,0.24375,0.00625],"rotation":0,"texture":"#0","tintindex":0},"down":{"uv":[0.00625,0.00625,0.24375,0.00625],"rotation":0,"texture":"#0","tintindex":0}}},{"from":[7.714286,6.0,2.8571424],"to":[10.571428,7.714286,6.857143],"rotation":{"angle":0.0,"axis":"y","origin":[8.236034,7.238744,6.3111005]},"faces":{"east":{"uv":[10.56875,0.25625,10.99375,0.43125],"rotation":0,"texture":"#0","tintindex":0},"south":{"uv":[0.94375,10.75625,1.24375,10.93125],"rotation":0,"texture":"#0","tintindex":0},"north":{"uv":[8.56875,10.69375,8.86875,10.86875],"rotation":0,"texture":"#0","tintindex":0},"west":{"uv":[10.56875,9.50625,10.99375,9.68125],"rotation":0,"texture":"#0","tintindex":0},"up":{"uv":[9.80625,2.74375,9.50625,2.31875],"rotation":0,"texture":"#0","tintindex":0},"down":{"uv":[9.30625,10.31875,9.00625,10.74375],"rotation":0,"texture":"#0","tintindex":0}}},{"from":[9.142858,0.85714245,2.8571424],"to":[9.142858,6.0,8.571428],"rotation":{"angle":0.0,"axis":"y","origin":[8.236034,7.238744,6.3111005]},"faces":{"east":{"uv":[0.61875,11.13125,0.00625,11.68125],"rotation":0,"texture":"#0","tintindex":0},"south":{"uv":[0.94375,10.75625,1.24375,10.93125],"rotation":0,"texture":"#0","tintindex":0},"north":{"uv":[8.31875,11.75625,8.61875,11.93125],"rotation":0,"texture":"#0","tintindex":0},"west":{"uv":[0.00625,11.13125,0.61875,11.68125],"rotation":0,"texture":"#0","tintindex":0},"up":{"uv":[9.80625,2.74375,9.50625,2.31875],"rotation":0,"texture":"#0","tintindex":0},"down":{"uv":[9.36875,11.44375,9.06875,11.86875],"rotation":0,"texture":"#0","tintindex":0}}},{"from":[7.714286,7.714286,2.8571424],"to":[10.571428,8.285714,6.857143],"rotation":{"angle":0.0,"axis":"y","origin":[8.236034,7.238744,6.3111005]},"faces":{"east":{"uv":[4.63125,3.94375,5.05625,3.99375],"rotation":0,"texture":"#0","tintindex":0},"south":{"uv":[5.56875,6.94375,5.86875,6.99375],"rotation":0,"texture":"#0","tintindex":0},"north":{"uv":[5.06875,3.94375,5.36875,3.99375],"rotation":0,"texture":"#0","tintindex":0},"west":{"uv":[6.50625,6.06875,6.93125,6.11875],"rotation":0,"texture":"#0","tintindex":0},"up":{"uv":[10.05625,10.74375,9.75625,10.31875],"rotation":0,"texture":"#0","tintindex":0},"down":{"uv":[3.93125,10.38125,3.63125,10.80625],"rotation":0,"texture":"#0","tintindex":0}}}],"display":{"head":{"translation":[0.0,-6.4,0.0],"scale":[4.0,4.0,4.0]}}}