{"textures":{"0":"modelengine:entity/tiamat5"},"elements":[{"from":[8.571428,-6.8571434,6.0],"to":[11.428572,3.4285712,11.142858],"rotation":{"angle":0.0,"axis":"y","origin":[9.155226,3.3571424,9.659914]},"faces":{"east":{"uv":[1.11875,8.00625,0.56875,9.11875],"rotation":0,"texture":"#0","tintindex":0},"south":{"uv":[9.61875,9.19375,9.31875,10.30625],"rotation":0,"texture":"#0","tintindex":0},"north":{"uv":[7.68125,5.75625,7.38125,6.86875],"rotation":0,"texture":"#0","tintindex":0},"west":{"uv":[0.55625,8.00625,0.00625,9.11875],"rotation":0,"texture":"#0","tintindex":0},"up":{"uv":[4.44375,8.80625,4.74375,8.25625],"rotation":0,"texture":"#0","tintindex":0},"down":{"uv":[5.56875,10.00625,5.86875,10.55625],"rotation":0,"texture":"#0","tintindex":0}}},{"from":[1.1428566,-6.8571434,7.714286],"to":[8.571428,9.714286,7.714286],"rotation":{"angle":0.0,"axis":"y","origin":[9.155226,3.3571424,9.659914]},"faces":{"east":{"uv":[0.00625,0.00625,0.00625,1.80625],"rotation":0,"texture":"#0","tintindex":0},"south":{"uv":[4.63125,0.00625,5.43125,1.80625],"rotation":0,"texture":"#0","tintindex":0},"north":{"uv":[5.43125,0.00625,4.63125,1.80625],"rotation":0,"texture":"#0","tintindex":0},"west":{"uv":[0.00625,0.00625,0.00625,1.80625],"rotation":0,"texture":"#0","tintindex":0},"up":{"uv":[0.00625,0.00625,0.80625,0.00625],"rotation":0,"texture":"#0","tintindex":0},"down":{"uv":[0.00625,0.00625,0.80625,0.00625],"rotation":0,"texture":"#0","tintindex":0}}},{"from":[8.0,3.4285712,3.7142854],"to":[12.571428,10.285714,11.142858],"rotation":{"angle":0.0,"axis":"y","origin":[9.155226,3.3571424,9.659914]},"faces":{"east":{"uv":[8.99375,7.69375,8.19375,8.43125],"rotation":0,"texture":"#0","tintindex":0},"south":{"uv":[9.30625,9.19375,8.81875,9.93125],"rotation":0,"texture":"#0","tintindex":0},"north":{"uv":[4.30625,9.13125,3.81875,9.86875],"rotation":0,"texture":"#0","tintindex":0},"west":{"uv":[6.36875,8.19375,5.56875,8.93125],"rotation":0,"texture":"#0","tintindex":0},"up":{"uv":[0.00625,9.93125,0.49375,9.13125],"rotation":0,"texture":"#0","tintindex":0},"down":{"uv":[0.50625,9.13125,0.99375,9.93125],"rotation":0,"texture":"#0","tintindex":0}}},{"from":[12.878883,3.4285712,9.722651],"to":[12.878883,10.285714,15.436937],"rotation":{"angle":-22.5,"axis":"y","origin":[9.155226,3.3571424,9.659914]},"faces":{"east":{"uv":[9.43125,8.44375,8.81875,9.18125],"rotation":0,"texture":"#0","tintindex":0},"south":{"uv":[0.00625,0.00625,0.00625,0.74375],"rotation":0,"texture":"#0","tintindex":0},"north":{"uv":[0.00625,0.00625,0.00625,0.74375],"rotation":0,"texture":"#0","tintindex":0},"west":{"uv":[8.81875,8.44375,9.43125,9.18125],"rotation":0,"texture":"#0","tintindex":0},"up":{"uv":[0.00625,0.61875,0.00625,0.00625],"rotation":0,"texture":"#0","tintindex":0},"down":{"uv":[0.00625,0.00625,0.00625,0.61875],"rotation":0,"texture":"#0","tintindex":0}}}],"display":{"head":{"translation":[0.0,-6.4,0.0],"scale":[4.0,4.0,4.0]}}}