{"textures":{"0":"modelengine:entity/tiamat5"},"elements":[{"from":[6.857143,-1.1428576,16.857143],"to":[9.142858,5.714286,20.285715],"rotation":{"angle":0.0,"axis":"y","origin":[8.0,5.8095236,15.238096]},"faces":{"east":{"uv":[10.18125,2.31875,9.81875,3.05625],"rotation":0,"texture":"#0","tintindex":0},"south":{"uv":[4.61875,9.94375,4.38125,10.68125],"rotation":0,"texture":"#0","tintindex":0},"north":{"uv":[4.36875,9.94375,4.13125,10.68125],"rotation":0,"texture":"#0","tintindex":0},"west":{"uv":[10.18125,0.00625,9.81875,0.74375],"rotation":0,"texture":"#0","tintindex":0},"up":{"uv":[10.63125,8.74375,10.86875,8.38125],"rotation":0,"texture":"#0","tintindex":0},"down":{"uv":[9.31875,10.63125,9.55625,10.99375],"rotation":0,"texture":"#0","tintindex":0}}},{"from":[6.857143,5.714286,14.571428],"to":[9.142858,8.571428,19.142857],"rotation":{"angle":0.0,"axis":"y","origin":[8.0,5.8095236,15.238096]},"faces":{"east":{"uv":[10.74375,4.56875,10.25625,4.86875],"rotation":0,"texture":"#0","tintindex":0},"south":{"uv":[10.93125,6.25625,10.69375,6.55625],"rotation":0,"texture":"#0","tintindex":0},"north":{"uv":[10.93125,5.13125,10.69375,5.43125],"rotation":0,"texture":"#0","tintindex":0},"west":{"uv":[10.68125,6.31875,10.19375,6.61875],"rotation":0,"texture":"#0","tintindex":0},"up":{"uv":[2.75625,10.99375,2.99375,10.50625],"rotation":0,"texture":"#0","tintindex":0},"down":{"uv":[3.00625,10.50625,3.24375,10.99375],"rotation":0,"texture":"#0","tintindex":0}}},{"from":[8.0,5.714286,9.428572],"to":[8.0,12.0,21.428572],"rotation":{"angle":0.0,"axis":"y","origin":[8.0,5.8095236,15.238096]},"faces":{"east":{"uv":[6.94375,3.13125,8.24375,3.80625],"rotation":0,"texture":"#0","tintindex":0},"south":{"uv":[0.00625,0.00625,0.00625,0.68125],"rotation":0,"texture":"#0","tintindex":0},"north":{"uv":[0.00625,0.00625,0.00625,0.68125],"rotation":0,"texture":"#0","tintindex":0},"west":{"uv":[8.24375,3.13125,6.94375,3.80625],"rotation":0,"texture":"#0","tintindex":0},"up":{"uv":[0.00625,1.30625,0.00625,0.00625],"rotation":0,"texture":"#0","tintindex":0},"down":{"uv":[0.00625,0.00625,0.00625,1.30625],"rotation":0,"texture":"#0","tintindex":0}}},{"from":[6.857143,5.714286,7.142857],"to":[9.142858,10.285714,14.571428],"rotation":{"angle":0.0,"axis":"y","origin":[8.0,5.8095236,15.238096]},"faces":{"east":{"uv":[9.93125,1.38125,9.13125,1.86875],"rotation":0,"texture":"#0","tintindex":0},"south":{"uv":[2.18125,10.50625,1.94375,10.99375],"rotation":0,"texture":"#0","tintindex":0},"north":{"uv":[1.93125,10.50625,1.69375,10.99375],"rotation":0,"texture":"#0","tintindex":0},"west":{"uv":[9.93125,0.88125,9.13125,1.36875],"rotation":0,"texture":"#0","tintindex":0},"up":{"uv":[6.44375,10.55625,6.68125,9.75625],"rotation":0,"texture":"#0","tintindex":0},"down":{"uv":[0.38125,9.94375,0.61875,10.74375],"rotation":0,"texture":"#0","tintindex":0}}}],"display":{"head":{"translation":[0.0,-6.4,0.0],"scale":[4.0,4.0,4.0]}}}