{"textures":{"0":"modelengine:entity/tiamat5"},"elements":[{"from":[6.0,3.4285712,5.714286],"to":[10.0,8.0,8.0],"rotation":{"angle":45.0,"axis":"x","origin":[8.0,5.714286,6.857143]},"faces":{"east":{"uv":[1.68125,10.50625,1.44375,10.99375],"rotation":0,"texture":"#0","tintindex":0},"south":{"uv":[10.30625,5.19375,9.88125,5.68125],"rotation":0,"texture":"#0","tintindex":0},"north":{"uv":[4.11875,9.88125,3.69375,10.36875],"rotation":0,"texture":"#0","tintindex":0},"west":{"uv":[0.24375,10.50625,0.00625,10.99375],"rotation":0,"texture":"#0","tintindex":0},"up":{"uv":[9.00625,8.43125,9.43125,8.19375],"rotation":0,"texture":"#0","tintindex":0},"down":{"uv":[10.56875,0.00625,10.99375,0.24375],"rotation":0,"texture":"#0","tintindex":0}}}],"display":{"head":{"translation":[0.0,-6.4,0.0],"scale":[4.0,4.0,4.0]}}}