{"textures":{"0":"modelengine:entity/tiamat5"},"elements":[{"from":[6.5714283,-12.0,-1.7148914],"to":[9.428572,1.1428566,2.2851086],"rotation":{"angle":0.0,"axis":"y","origin":[7.4153996,2.9285712,8.797474]},"faces":{"east":{"uv":[1.99375,8.00625,1.56875,9.43125],"rotation":0,"texture":"#0","tintindex":0},"south":{"uv":[2.80625,8.75625,2.50625,10.18125],"rotation":0,"texture":"#0","tintindex":0},"north":{"uv":[8.11875,8.69375,7.81875,10.11875],"rotation":0,"texture":"#0","tintindex":0},"west":{"uv":[1.55625,8.00625,1.13125,9.43125],"rotation":0,"texture":"#0","tintindex":0},"up":{"uv":[0.63125,10.86875,0.93125,10.44375],"rotation":0,"texture":"#0","tintindex":0},"down":{"uv":[10.44375,1.06875,10.74375,1.49375],"rotation":0,"texture":"#0","tintindex":0}}},{"from":[8.285714,-12.0,-1.7148914],"to":[8.285714,24.57143,19.427967],"rotation":{"angle":0.0,"axis":"y","origin":[7.4153996,2.9285712,8.797474]},"faces":{"east":{"uv":[2.30625,0.00625,0.00625,3.99375],"rotation":0,"texture":"#0","tintindex":0},"south":{"uv":[0.00625,0.00625,0.00625,3.99375],"rotation":0,"texture":"#0","tintindex":0},"north":{"uv":[0.00625,0.00625,0.00625,3.99375],"rotation":0,"texture":"#0","tintindex":0},"west":{"uv":[0.00625,0.00625,2.30625,3.99375],"rotation":0,"texture":"#0","tintindex":0},"up":{"uv":[0.00625,2.30625,0.00625,0.00625],"rotation":0,"texture":"#0","tintindex":0},"down":{"uv":[0.00625,0.00625,0.00625,2.30625],"rotation":0,"texture":"#0","tintindex":0}}},{"from":[12.287579,-12.0,18.285713],"to":[12.287579,24.57143,32.0],"rotation":{"angle":-22.5,"axis":"y","origin":[7.4153996,2.9285712,8.797474]},"faces":{"east":{"uv":[3.80625,0.00625,2.31875,3.99375],"rotation":0,"texture":"#0","tintindex":0},"south":{"uv":[0.00625,0.00625,0.00625,3.99375],"rotation":0,"texture":"#0","tintindex":0},"north":{"uv":[0.00625,0.00625,0.00625,3.99375],"rotation":0,"texture":"#0","tintindex":0},"west":{"uv":[2.31875,0.00625,3.80625,3.99375],"rotation":0,"texture":"#0","tintindex":0},"up":{"uv":[0.00625,1.49375,0.00625,0.00625],"rotation":0,"texture":"#0","tintindex":0},"down":{"uv":[0.00625,0.00625,0.00625,1.49375],"rotation":0,"texture":"#0","tintindex":0}}},{"from":[6.0,1.1428566,-1.7148914],"to":[9.428572,8.0,2.2851086],"rotation":{"angle":0.0,"axis":"y","origin":[7.4153996,2.9285712,8.797474]},"faces":{"east":{"uv":[3.68125,9.44375,3.25625,10.18125],"rotation":0,"texture":"#0","tintindex":0},"south":{"uv":[6.43125,9.75625,6.06875,10.49375],"rotation":0,"texture":"#0","tintindex":0},"north":{"uv":[2.36875,9.75625,2.00625,10.49375],"rotation":0,"texture":"#0","tintindex":0},"west":{"uv":[3.24375,9.44375,2.81875,10.18125],"rotation":0,"texture":"#0","tintindex":0},"up":{"uv":[7.69375,10.55625,8.05625,10.13125],"rotation":0,"texture":"#0","tintindex":0},"down":{"uv":[10.13125,9.81875,10.49375,10.24375],"rotation":0,"texture":"#0","tintindex":0}}}],"display":{"head":{"translation":[0.0,-6.4,22.859566],"scale":[4.0,4.0,4.0]}}}