{"textures":{"0":"modelengine:entity/tiamat5"},"elements":[{"from":[2.8571424,6.606926,4.9537],"to":[13.142858,12.321213,10.096558],"rotation":{"angle":-22.5,"axis":"x","origin":[8.0,9.464069,7.5251284]},"faces":{"east":{"uv":[9.19375,6.31875,9.74375,6.93125],"rotation":0,"texture":"#0","tintindex":0},"south":{"uv":[7.69375,7.06875,8.80625,7.68125],"rotation":0,"texture":"#0","tintindex":0},"north":{"uv":[6.38125,7.69375,7.49375,8.30625],"rotation":0,"texture":"#0","tintindex":0},"west":{"uv":[9.25625,0.00625,9.80625,0.61875],"rotation":0,"texture":"#0","tintindex":0},"up":{"uv":[8.36875,4.86875,7.25625,4.31875],"rotation":0,"texture":"#0","tintindex":0},"down":{"uv":[8.99375,4.88125,7.88125,5.43125],"rotation":0,"texture":"#0","tintindex":0}}},{"from":[5.142857,4.3950605,5.172376],"to":[10.857143,8.966489,10.315233],"rotation":{"angle":22.5,"axis":"x","origin":[8.0,6.6807747,7.743805]},"faces":{"east":{"uv":[4.94375,9.50625,5.49375,9.99375],"rotation":0,"texture":"#0","tintindex":0},"south":{"uv":[9.44375,8.69375,10.05625,9.18125],"rotation":0,"texture":"#0","tintindex":0},"north":{"uv":[9.44375,8.19375,10.05625,8.68125],"rotation":0,"texture":"#0","tintindex":0},"west":{"uv":[5.50625,9.50625,6.05625,9.99375],"rotation":0,"texture":"#0","tintindex":0},"up":{"uv":[7.74375,9.86875,7.13125,9.31875],"rotation":0,"texture":"#0","tintindex":0},"down":{"uv":[8.74375,9.31875,8.13125,9.86875],"rotation":0,"texture":"#0","tintindex":0}}}],"display":{"head":{"translation":[0.0,-6.4,0.0],"scale":[4.0,4.0,4.0]}}}