{"textures":{"0":"modelengine:entity/tiamat5"},"elements":[{"from":[7.0,7.9452496,7.956613],"to":[14.428572,18.802393,7.956613],"rotation":{"angle":0.0,"axis":"y","origin":[9.012369,16.188362,6.9357643]},"faces":{"east":{"uv":[0.00625,0.00625,0.00625,1.18125],"rotation":0,"texture":"#0","tintindex":0},"south":{"uv":[2.19375,6.81875,2.99375,7.99375],"rotation":0,"texture":"#0","tintindex":0},"north":{"uv":[5.55625,6.94375,4.75625,8.11875],"rotation":0,"texture":"#0","tintindex":0},"west":{"uv":[0.00625,0.00625,0.00625,1.18125],"rotation":0,"texture":"#0","tintindex":0},"up":{"uv":[0.00625,0.00625,0.80625,0.00625],"rotation":0,"texture":"#0","tintindex":0},"down":{"uv":[0.00625,0.00625,0.80625,0.00625],"rotation":0,"texture":"#0","tintindex":0}}},{"from":[6.7842693,7.9452496,2.7137532],"to":[6.7842693,18.802393,6.9994674],"rotation":{"angle":22.5,"axis":"y","origin":[9.298083,16.188362,6.9357643]},"faces":{"east":{"uv":[3.80625,8.25625,3.31875,9.43125],"rotation":0,"texture":"#0","tintindex":0},"south":{"uv":[0.00625,0.00625,0.00625,1.18125],"rotation":0,"texture":"#0","tintindex":0},"north":{"uv":[0.00625,0.00625,0.00625,1.18125],"rotation":0,"texture":"#0","tintindex":0},"west":{"uv":[1.75625,6.81875,2.24375,7.99375],"rotation":0,"texture":"#0","tintindex":0},"up":{"uv":[0.00625,0.49375,0.00625,0.00625],"rotation":0,"texture":"#0","tintindex":0},"down":{"uv":[0.00625,0.00625,0.00625,0.49375],"rotation":0,"texture":"#0","tintindex":0}}},{"from":[7.0,18.191002,8.858098],"to":[14.428572,23.905287,8.858098],"rotation":{"angle":-22.5,"axis":"x","origin":[9.012369,16.230663,6.870518]},"faces":{"east":{"uv":[0.00625,0.00625,0.00625,0.61875],"rotation":0,"texture":"#0","tintindex":0},"south":{"uv":[2.19375,6.19375,2.99375,6.80625],"rotation":0,"texture":"#0","tintindex":0},"north":{"uv":[9.49375,2.13125,8.69375,2.74375],"rotation":0,"texture":"#0","tintindex":0},"west":{"uv":[0.00625,0.00625,0.00625,0.61875],"rotation":0,"texture":"#0","tintindex":0},"up":{"uv":[0.00625,0.00625,0.80625,0.00625],"rotation":0,"texture":"#0","tintindex":0},"down":{"uv":[0.00625,0.00625,0.80625,0.00625],"rotation":0,"texture":"#0","tintindex":0}}}],"display":{"head":{"translation":[0.0,-6.4,0.0],"scale":[4.0,4.0,4.0]}}}