{"textures":{"0":"modelengine:entity/tiamat5"},"elements":[{"from":[4.8571424,4.5714283,3.4285712],"to":[9.428572,8.0,6.857143],"rotation":{"angle":0.0,"axis":"y","origin":[6.952381,6.6739163,3.941208]},"faces":{"east":{"uv":[9.25625,4.31875,9.61875,4.68125],"rotation":0,"texture":"#0","tintindex":0},"south":{"uv":[8.69375,9.94375,9.18125,10.30625],"rotation":0,"texture":"#0","tintindex":0},"north":{"uv":[9.94375,1.25625,10.43125,1.61875],"rotation":0,"texture":"#0","tintindex":0},"west":{"uv":[3.25625,10.19375,3.61875,10.55625],"rotation":0,"texture":"#0","tintindex":0},"up":{"uv":[10.11875,10.30625,9.63125,9.94375],"rotation":0,"texture":"#0","tintindex":0},"down":{"uv":[10.49375,3.06875,10.00625,3.43125],"rotation":0,"texture":"#0","tintindex":0}}},{"from":[5.428571,6.1522326,5.63028],"to":[8.857143,9.009376,10.773137],"rotation":{"angle":-22.5,"axis":"x","origin":[7.714286,7.0093756,9.344566]},"faces":{"east":{"uv":[10.06875,8.31875,10.61875,8.61875],"rotation":0,"texture":"#0","tintindex":0},"south":{"uv":[10.50625,10.44375,10.86875,10.74375],"rotation":0,"texture":"#0","tintindex":0},"north":{"uv":[10.50625,10.13125,10.86875,10.43125],"rotation":0,"texture":"#0","tintindex":0},"west":{"uv":[10.06875,8.63125,10.61875,8.93125],"rotation":0,"texture":"#0","tintindex":0},"up":{"uv":[8.74375,4.86875,8.38125,4.31875],"rotation":0,"texture":"#0","tintindex":0},"down":{"uv":[0.36875,9.94375,0.00625,10.49375],"rotation":0,"texture":"#0","tintindex":0}}},{"from":[4.285714,4.972335,1.2954946],"to":[6.5714283,7.829478,4.724066],"rotation":{"angle":-22.5,"axis":"x","origin":[6.952381,6.1024876,3.941208]},"faces":{"east":{"uv":[8.06875,10.50625,8.43125,10.80625],"rotation":0,"texture":"#0","tintindex":0},"south":{"uv":[10.69375,7.06875,10.93125,7.36875],"rotation":0,"texture":"#0","tintindex":0},"north":{"uv":[6.69375,10.69375,6.93125,10.99375],"rotation":0,"texture":"#0","tintindex":0},"west":{"uv":[10.50625,9.81875,10.86875,10.11875],"rotation":0,"texture":"#0","tintindex":0},"up":{"uv":[10.30625,10.99375,10.06875,10.63125],"rotation":0,"texture":"#0","tintindex":0},"down":{"uv":[10.93125,0.69375,10.69375,1.05625],"rotation":0,"texture":"#0","tintindex":0}}},{"from":[4.285714,3.8713942,0.3553276],"to":[10.0,5.58568,0.3553276],"rotation":{"angle":-45.0,"axis":"x","origin":[6.952381,6.7158327,3.0010414]},"faces":{"east":{"uv":[0.00625,0.00625,0.00625,0.18125],"rotation":0,"texture":"#0","tintindex":0},"south":{"uv":[10.86875,7.81875,10.25625,7.99375],"rotation":0,"texture":"#0","tintindex":0},"north":{"uv":[10.25625,7.81875,10.86875,7.99375],"rotation":0,"texture":"#0","tintindex":0},"west":{"uv":[0.00625,0.00625,0.00625,0.18125],"rotation":0,"texture":"#0","tintindex":0},"up":{"uv":[0.61875,0.00625,0.00625,0.00625],"rotation":0,"texture":"#0","tintindex":0},"down":{"uv":[0.61875,0.00625,0.00625,0.00625],"rotation":0,"texture":"#0","tintindex":0}}},{"from":[6.5714283,4.972335,1.2954946],"to":[10.0,8.400907,4.724066],"rotation":{"angle":-22.5,"axis":"x","origin":[6.952381,6.1024876,3.941208]},"faces":{"east":{"uv":[10.31875,0.69375,10.68125,1.05625],"rotation":0,"texture":"#0","tintindex":0},"south":{"uv":[5.00625,10.31875,5.36875,10.68125],"rotation":0,"texture":"#0","tintindex":0},"north":{"uv":[10.13125,10.25625,10.49375,10.61875],"rotation":0,"texture":"#0","tintindex":0},"west":{"uv":[10.31875,5.13125,10.68125,5.49375],"rotation":0,"texture":"#0","tintindex":0},"up":{"uv":[7.05625,10.68125,6.69375,10.31875],"rotation":0,"texture":"#0","tintindex":0},"down":{"uv":[8.99375,10.31875,8.63125,10.68125],"rotation":0,"texture":"#0","tintindex":0}}}],"display":{"head":{"translation":[0.0,-6.4,0.0],"scale":[4.0,4.0,4.0]}}}