{"textures":{"0":"modelengine:entity/tiamat5"},"elements":[{"from":[3.4285712,2.2857141,4.8571424],"to":[8.0,11.428572,11.142858],"rotation":{"angle":0.0,"axis":"y","origin":[5.714286,3.8571424,7.285714]},"faces":{"east":{"uv":[7.50625,7.69375,8.18125,8.68125],"rotation":0,"texture":"#0","tintindex":0},"south":{"uv":[8.75625,3.69375,9.24375,4.68125],"rotation":0,"texture":"#0","tintindex":0},"north":{"uv":[2.00625,8.75625,2.49375,9.74375],"rotation":0,"texture":"#0","tintindex":0},"west":{"uv":[7.81875,1.25625,8.49375,2.24375],"rotation":0,"texture":"#0","tintindex":0},"up":{"uv":[1.49375,10.11875,1.00625,9.44375],"rotation":0,"texture":"#0","tintindex":0},"down":{"uv":[1.99375,9.44375,1.50625,10.11875],"rotation":0,"texture":"#0","tintindex":0}}},{"from":[4.084072,2.2857141,11.012584],"to":[4.084072,11.428572,14.441155],"rotation":{"angle":22.5,"axis":"y","origin":[4.084072,6.857143,12.72687]},"faces":{"east":{"uv":[9.25625,3.31875,9.61875,4.30625],"rotation":0,"texture":"#0","tintindex":0},"south":{"uv":[0.00625,0.00625,0.00625,0.99375],"rotation":0,"texture":"#0","tintindex":0},"north":{"uv":[0.00625,0.00625,0.00625,0.99375],"rotation":0,"texture":"#0","tintindex":0},"west":{"uv":[6.75625,9.31875,7.11875,10.30625],"rotation":0,"texture":"#0","tintindex":0},"up":{"uv":[0.00625,0.36875,0.00625,0.00625],"rotation":0,"texture":"#0","tintindex":0},"down":{"uv":[0.00625,0.00625,0.00625,0.36875],"rotation":0,"texture":"#0","tintindex":0}}},{"from":[3.4285712,-0.57142925,4.8571424],"to":[8.0,2.2857141,8.285714],"rotation":{"angle":0.0,"axis":"y","origin":[5.714286,3.8571424,7.285714]},"faces":{"east":{"uv":[5.88125,10.50625,6.24375,10.80625],"rotation":0,"texture":"#0","tintindex":0},"south":{"uv":[2.75625,10.19375,3.24375,10.49375],"rotation":0,"texture":"#0","tintindex":0},"north":{"uv":[10.19375,2.50625,10.68125,2.80625],"rotation":0,"texture":"#0","tintindex":0},"west":{"uv":[7.06875,10.50625,7.43125,10.80625],"rotation":0,"texture":"#0","tintindex":0},"up":{"uv":[7.49375,8.68125,7.00625,8.31875],"rotation":0,"texture":"#0","tintindex":0},"down":{"uv":[9.11875,0.88125,8.63125,1.24375],"rotation":0,"texture":"#0","tintindex":0}}}],"display":{"head":{"translation":[0.0,-6.4,0.0],"scale":[4.0,4.0,4.0]}}}