{"textures":{"0":"modelengine:entity/tiamat5"},"elements":[{"from":[6.5714283,-12.0,-1.7148914],"to":[9.428572,1.1428566,2.2851086],"rotation":{"angle":0.0,"axis":"y","origin":[8.5846,2.9285712,8.797474]},"faces":{"east":{"uv":[1.13125,8.00625,1.55625,9.43125],"rotation":0,"texture":"#0","tintindex":0},"south":{"uv":[2.50625,8.75625,2.80625,10.18125],"rotation":0,"texture":"#0","tintindex":0},"north":{"uv":[7.81875,8.69375,8.11875,10.11875],"rotation":0,"texture":"#0","tintindex":0},"west":{"uv":[1.56875,8.00625,1.99375,9.43125],"rotation":0,"texture":"#0","tintindex":0},"up":{"uv":[0.93125,10.86875,0.63125,10.44375],"rotation":0,"texture":"#0","tintindex":0},"down":{"uv":[10.74375,1.06875,10.44375,1.49375],"rotation":0,"texture":"#0","tintindex":0}}},{"from":[7.714286,-12.0,-1.7148914],"to":[7.714286,24.57143,19.427967],"rotation":{"angle":0.0,"axis":"y","origin":[8.5846,2.9285712,8.797474]},"faces":{"east":{"uv":[2.30625,0.00625,0.00625,3.99375],"rotation":0,"texture":"#0","tintindex":0},"south":{"uv":[0.00625,0.00625,0.00625,3.99375],"rotation":0,"texture":"#0","tintindex":0},"north":{"uv":[0.00625,0.00625,0.00625,3.99375],"rotation":0,"texture":"#0","tintindex":0},"west":{"uv":[0.00625,0.00625,2.30625,3.99375],"rotation":0,"texture":"#0","tintindex":0},"up":{"uv":[0.00625,2.30625,0.00625,0.00625],"rotation":0,"texture":"#0","tintindex":0},"down":{"uv":[0.00625,0.00625,0.00625,2.30625],"rotation":0,"texture":"#0","tintindex":0}}},{"from":[3.712421,-12.0,18.285713],"to":[3.712421,24.57143,32.0],"rotation":{"angle":22.5,"axis":"y","origin":[8.5846,2.9285712,8.797474]},"faces":{"east":{"uv":[3.80625,0.00625,2.31875,3.99375],"rotation":0,"texture":"#0","tintindex":0},"south":{"uv":[0.00625,0.00625,0.00625,3.99375],"rotation":0,"texture":"#0","tintindex":0},"north":{"uv":[0.00625,0.00625,0.00625,3.99375],"rotation":0,"texture":"#0","tintindex":0},"west":{"uv":[2.31875,0.00625,3.80625,3.99375],"rotation":0,"texture":"#0","tintindex":0},"up":{"uv":[0.00625,1.49375,0.00625,0.00625],"rotation":0,"texture":"#0","tintindex":0},"down":{"uv":[0.00625,0.00625,0.00625,1.49375],"rotation":0,"texture":"#0","tintindex":0}}},{"from":[6.5714283,1.1428566,-1.7148914],"to":[10.0,8.0,2.2851086],"rotation":{"angle":0.0,"axis":"y","origin":[8.5846,2.9285712,8.797474]},"faces":{"east":{"uv":[2.81875,9.44375,3.24375,10.18125],"rotation":0,"texture":"#0","tintindex":0},"south":{"uv":[6.06875,9.75625,6.43125,10.49375],"rotation":0,"texture":"#0","tintindex":0},"north":{"uv":[2.00625,9.75625,2.36875,10.49375],"rotation":0,"texture":"#0","tintindex":0},"west":{"uv":[3.25625,9.44375,3.68125,10.18125],"rotation":0,"texture":"#0","tintindex":0},"up":{"uv":[8.05625,10.55625,7.69375,10.13125],"rotation":0,"texture":"#0","tintindex":0},"down":{"uv":[10.49375,9.81875,10.13125,10.24375],"rotation":0,"texture":"#0","tintindex":0}}}],"display":{"head":{"translation":[0.0,-6.4,22.859566],"scale":[4.0,4.0,4.0]}}}