{"textures":{"0":"modelengine:entity/tiamat5"},"elements":[{"from":[7.142857,2.2387958,4.0899916],"to":[9.428572,6.238796,7.5185633],"rotation":{"angle":45.0,"axis":"x","origin":[8.285714,3.9465184,8.909753]},"faces":{"east":{"uv":[10.19375,0.00625,10.55625,0.43125],"rotation":0,"texture":"#0","tintindex":0},"south":{"uv":[10.56875,1.50625,10.80625,1.93125],"rotation":0,"texture":"#0","tintindex":0},"north":{"uv":[7.44375,10.50625,7.68125,10.93125],"rotation":0,"texture":"#0","tintindex":0},"west":{"uv":[10.19375,1.63125,10.55625,2.05625],"rotation":0,"texture":"#0","tintindex":0},"up":{"uv":[10.86875,4.49375,10.63125,4.13125],"rotation":0,"texture":"#0","tintindex":0},"down":{"uv":[10.86875,8.00625,10.63125,8.36875],"rotation":0,"texture":"#0","tintindex":0}}},{"from":[7.714286,1.0959387,4.66142],"to":[8.857143,3.3816533,10.375706],"rotation":{"angle":45.0,"axis":"x","origin":[8.285714,3.9465184,8.909753]},"faces":{"east":{"uv":[10.06875,8.94375,10.68125,9.18125],"rotation":0,"texture":"#0","tintindex":0},"south":{"uv":[1.00625,9.13125,1.11875,9.36875],"rotation":0,"texture":"#0","tintindex":0},"north":{"uv":[2.81875,8.00625,2.93125,8.24375],"rotation":0,"texture":"#0","tintindex":0},"west":{"uv":[10.19375,0.44375,10.80625,0.68125],"rotation":0,"texture":"#0","tintindex":0},"up":{"uv":[0.36875,11.11875,0.25625,10.50625],"rotation":0,"texture":"#0","tintindex":0},"down":{"uv":[8.55625,10.50625,8.44375,11.11875],"rotation":0,"texture":"#0","tintindex":0}}},{"from":[7.714286,1.1428566,8.0],"to":[8.857143,3.4285712,12.0],"rotation":{"angle":0.0,"axis":"y","origin":[8.285714,3.9465184,8.909753]},"faces":{"east":{"uv":[10.56875,1.94375,10.99375,2.18125],"rotation":0,"texture":"#0","tintindex":0},"south":{"uv":[4.31875,9.13125,4.43125,9.36875],"rotation":0,"texture":"#0","tintindex":0},"north":{"uv":[9.13125,3.31875,9.24375,3.55625],"rotation":0,"texture":"#0","tintindex":0},"west":{"uv":[10.56875,2.19375,10.99375,2.43125],"rotation":0,"texture":"#0","tintindex":0},"up":{"uv":[8.61875,2.55625,8.50625,2.13125],"rotation":0,"texture":"#0","tintindex":0},"down":{"uv":[3.80625,9.44375,3.69375,9.86875],"rotation":0,"texture":"#0","tintindex":0}}},{"from":[8.285714,1.1428566,10.285714],"to":[8.285714,5.714286,13.714286],"rotation":{"angle":0.0,"axis":"y","origin":[8.285714,3.9465184,8.909753]},"faces":{"east":{"uv":[9.94375,0.75625,10.30625,1.24375],"rotation":0,"texture":"#0","tintindex":0},"south":{"uv":[0.00625,0.00625,0.00625,0.49375],"rotation":0,"texture":"#0","tintindex":0},"north":{"uv":[0.00625,0.00625,0.00625,0.49375],"rotation":0,"texture":"#0","tintindex":0},"west":{"uv":[9.94375,0.75625,10.30625,1.24375],"rotation":0,"texture":"#0","tintindex":0},"up":{"uv":[0.00625,0.36875,0.00625,0.00625],"rotation":0,"texture":"#0","tintindex":0},"down":{"uv":[0.00625,0.00625,0.00625,0.36875],"rotation":0,"texture":"#0","tintindex":0}}}],"display":{"head":{"translation":[0.0,-6.4,0.0],"scale":[4.0,4.0,4.0]}}}