{"textures":{"0":"modelengine:entity/tiamat5"},"elements":[{"from":[5.142857,8.0,8.0],"to":[10.857143,8.0,16.0],"rotation":{"angle":0.0,"axis":"y","origin":[8.0,8.0,12.0]},"faces":{"east":{"uv":[0.00625,0.00625,0.86875,0.00625],"rotation":0,"texture":"#0","tintindex":0},"south":{"uv":[0.00625,0.00625,0.61875,0.00625],"rotation":0,"texture":"#0","tintindex":0},"north":{"uv":[0.00625,0.00625,0.61875,0.00625],"rotation":0,"texture":"#0","tintindex":0},"west":{"uv":[0.00625,0.00625,0.86875,0.00625],"rotation":0,"texture":"#0","tintindex":0},"up":{"uv":[4.43125,9.11875,3.81875,8.25625],"rotation":0,"texture":"#0","tintindex":0},"down":{"uv":[3.81875,8.25625,4.43125,9.11875],"rotation":0,"texture":"#0","tintindex":0}}}],"display":{"head":{"translation":[0.0,-6.4,0.0],"scale":[4.0,4.0,4.0]}}}