{"textures":{"0":"modelengine:entity/tiamat5"},"elements":[{"from":[8.0,5.142857,8.0],"to":[8.0,10.857143,16.0],"rotation":{"angle":0.0,"axis":"y","origin":[8.0,8.0,12.0]},"faces":{"east":{"uv":[8.25625,3.06875,9.11875,3.68125],"rotation":0,"texture":"#0","tintindex":0},"south":{"uv":[0.00625,0.00625,0.00625,0.61875],"rotation":0,"texture":"#0","tintindex":0},"north":{"uv":[0.00625,0.00625,0.00625,0.61875],"rotation":0,"texture":"#0","tintindex":0},"west":{"uv":[9.11875,3.06875,8.25625,3.68125],"rotation":0,"texture":"#0","tintindex":0},"up":{"uv":[0.00625,0.86875,0.00625,0.00625],"rotation":0,"texture":"#0","tintindex":0},"down":{"uv":[0.00625,0.00625,0.00625,0.86875],"rotation":0,"texture":"#0","tintindex":0}}},{"from":[5.142857,8.0,8.0],"to":[10.857143,8.0,16.0],"rotation":{"angle":0.0,"axis":"y","origin":[8.0,8.0,12.0]},"faces":{"east":{"uv":[0.00625,0.00625,0.86875,0.00625],"rotation":0,"texture":"#0","tintindex":0},"south":{"uv":[0.00625,0.00625,0.61875,0.00625],"rotation":0,"texture":"#0","tintindex":0},"north":{"uv":[0.00625,0.00625,0.61875,0.00625],"rotation":0,"texture":"#0","tintindex":0},"west":{"uv":[0.00625,0.00625,0.86875,0.00625],"rotation":0,"texture":"#0","tintindex":0},"up":{"uv":[9.11875,2.11875,8.50625,1.25625],"rotation":0,"texture":"#0","tintindex":0},"down":{"uv":[8.50625,1.25625,9.11875,2.11875],"rotation":0,"texture":"#0","tintindex":0}}}],"display":{"head":{"translation":[0.0,-6.4,0.0],"scale":[4.0,4.0,4.0]}}}