{"textures":{"0":"modelengine:entity/boneshadingravager","1":"modelengine:entity/fallenravager"},"elements":[{"from":[9.141066,7.572626,6.8599997],"to":[9.712494,8.286912,9.14],"rotation":{"angle":22.5,"axis":"z","origin":[8.8553505,8.286912,8.0]},"faces":{"east":{"uv":[7.0635,7.001,7.3115,7.0615],"rotation":0,"texture":"#1","tintindex":0},"south":{"uv":[1.751,8.376,1.8115,8.4365],"rotation":0,"texture":"#1","tintindex":0},"north":{"uv":[1.501,8.376,1.5615,8.4365],"rotation":0,"texture":"#1","tintindex":0},"west":{"uv":[7.126,0.001,7.374,0.0615],"rotation":0,"texture":"#1","tintindex":0},"up":{"uv":[7.1865,0.874,7.126,0.626],"rotation":0,"texture":"#1","tintindex":0},"down":{"uv":[7.1865,2.1885,7.126,2.4365],"rotation":0,"texture":"#1","tintindex":0}}},{"from":[7.714286,8.0,6.857143],"to":[9.428572,8.571428,9.142858],"rotation":{"angle":0.0,"axis":"y","origin":[5.428571,-5.1428576,8.0]},"faces":{"east":{"uv":[7.0635,6.751,7.3115,6.8115],"rotation":0,"texture":"#1","tintindex":0},"south":{"uv":[7.5635,0.751,7.749,0.8115],"rotation":0,"texture":"#1","tintindex":0},"north":{"uv":[7.501,4.6885,7.6865,4.749],"rotation":0,"texture":"#1","tintindex":0},"west":{"uv":[7.0635,6.876,7.3115,6.9365],"rotation":0,"texture":"#1","tintindex":0},"up":{"uv":[2.8115,5.4365,2.626,5.1885],"rotation":0,"texture":"#1","tintindex":0},"down":{"uv":[3.4365,5.1885,3.251,5.4365],"rotation":0,"texture":"#1","tintindex":0}}},{"from":[9.428572,5.142857,6.857143],"to":[10.0,5.714286,9.142858],"rotation":{"angle":0.0,"axis":"y","origin":[6.9714284,-5.714287,8.0]},"faces":{"east":{"uv":[6.126,7.0635,6.374,7.124],"rotation":0,"texture":"#1","tintindex":0},"south":{"uv":[8.376,1.1885,8.4365,1.249],"rotation":0,"texture":"#1","tintindex":0},"north":{"uv":[8.376,1.0635,8.4365,1.124],"rotation":0,"texture":"#1","tintindex":0},"west":{"uv":[7.0635,6.3135,7.3115,6.374],"rotation":0,"texture":"#1","tintindex":0},"up":{"uv":[6.499,7.3115,6.4385,7.0635],"rotation":0,"texture":"#1","tintindex":0},"down":{"uv":[7.124,6.4385,7.0635,6.6865],"rotation":0,"texture":"#1","tintindex":0}}},{"from":[7.714286,5.142857,6.857143],"to":[8.285714,5.714286,9.142858],"rotation":{"angle":0.0,"axis":"y","origin":[5.5714283,-5.714287,8.0]},"faces":{"east":{"uv":[7.0635,3.876,7.3115,3.9365],"rotation":0,"texture":"#1","tintindex":0},"south":{"uv":[0.876,8.376,0.9365,8.4365],"rotation":0,"texture":"#1","tintindex":0},"north":{"uv":[0.751,8.376,0.8115,8.4365],"rotation":0,"texture":"#1","tintindex":0},"west":{"uv":[7.0635,4.876,7.3115,4.9365],"rotation":0,"texture":"#1","tintindex":0},"up":{"uv":[6.0615,7.3115,6.001,7.0635],"rotation":0,"texture":"#1","tintindex":0},"down":{"uv":[7.124,6.001,7.0635,6.249],"rotation":0,"texture":"#1","tintindex":0}}},{"from":[9.425143,5.139428,8.796572],"to":[10.003428,8.003428,9.374857],"rotation":{"angle":45.0,"axis":"y","origin":[9.714286,6.857143,8.857143]},"faces":{"east":{"uv":[1.751,6.626,1.8115,6.9365],"rotation":0,"texture":"#1","tintindex":0},"south":{"uv":[2.1885,6.626,2.249,6.9365],"rotation":0,"texture":"#1","tintindex":0},"north":{"uv":[6.626,1.6885,6.6865,1.999],"rotation":0,"texture":"#1","tintindex":0},"west":{"uv":[2.5635,6.626,2.624,6.9365],"rotation":0,"texture":"#1","tintindex":0},"up":{"uv":[0.6865,8.4365,0.626,8.376],"rotation":0,"texture":"#1","tintindex":0},"down":{"uv":[8.4365,0.626,8.376,0.6865],"rotation":0,"texture":"#1","tintindex":0}}},{"from":[9.425143,5.139428,6.753714],"to":[10.003428,8.003428,7.332],"rotation":{"angle":-45.0,"axis":"y","origin":[9.714286,6.857143,7.2714286]},"faces":{"east":{"uv":[6.626,0.376,6.6865,0.6865],"rotation":0,"texture":"#1","tintindex":0},"south":{"uv":[6.626,0.751,6.6865,1.0615],"rotation":0,"texture":"#1","tintindex":0},"north":{"uv":[6.5635,5.376,6.624,5.6865],"rotation":0,"texture":"#1","tintindex":0},"west":{"uv":[1.501,6.626,1.5615,6.9365],"rotation":0,"texture":"#1","tintindex":0},"up":{"uv":[0.5615,8.4365,0.501,8.376],"rotation":0,"texture":"#1","tintindex":0},"down":{"uv":[8.4365,0.501,8.376,0.5615],"rotation":0,"texture":"#1","tintindex":0}}},{"from":[7.714286,5.714286,6.857143],"to":[10.0,8.0,9.142858],"rotation":{"angle":0.0,"axis":"y","origin":[5.428571,-5.1428576,8.0]},"faces":{"east":{"uv":[4.5635,0.001,4.8115,0.249],"rotation":0,"texture":"#1","tintindex":0},"south":{"uv":[4.5635,0.3135,4.8115,0.5615],"rotation":0,"texture":"#1","tintindex":0},"north":{"uv":[3.3135,4.501,3.5615,4.749],"rotation":0,"texture":"#1","tintindex":0},"west":{"uv":[0.4385,4.5635,0.6865,4.8115],"rotation":0,"texture":"#1","tintindex":0},"up":{"uv":[1.3115,4.8115,1.0635,4.5635],"rotation":0,"texture":"#1","tintindex":0},"down":{"uv":[4.8115,1.9385,4.5635,2.1865],"rotation":0,"texture":"#1","tintindex":0}}},{"from":[8.0,4.5714283,7.142857],"to":[9.714286,5.714286,8.857143],"rotation":{"angle":0.0,"axis":"y","origin":[5.428571,-5.1428576,8.0]},"faces":{"east":{"uv":[15.025,0.0,16.0,0.5],"rotation":0,"texture":"#0","tintindex":0},"south":{"uv":[15.025,0.0,16.0,0.5],"rotation":0,"texture":"#0","tintindex":0},"north":{"uv":[15.025,0.0,16.0,0.5],"rotation":0,"texture":"#0","tintindex":0},"west":{"uv":[15.025,0.0,16.0,0.5],"rotation":0,"texture":"#0","tintindex":0},"up":{"uv":[15.025,0.0,16.0,0.5],"rotation":0,"texture":"#0","tintindex":0},"down":{"uv":[15.025,0.0,16.0,0.5],"rotation":0,"texture":"#0","tintindex":0}}}],"display":{"head":{"translation":[0.0,-6.4,0.0],"scale":[4.0,4.0,4.0]}}}