{"textures":{"2":"modelengine:entity/hinox2"},"elements":[{"from":[6.982855,6.614833,7.4163394],"to":[14.697142,10.471976,8.702054],"rotation":{"angle":0.0,"axis":"y","origin":[0.55428314,-30.670883,19.559196]},"faces":{"east":{"uv":[3.125,10.5,3.25,10.9375],"rotation":0,"texture":"#2","tintindex":0},"south":{"uv":[4.25,11.125,5.0625,11.5625],"rotation":0,"texture":"#2","tintindex":0},"north":{"uv":[11.125,2.9375,11.9375,3.375],"rotation":0,"texture":"#2","tintindex":0},"west":{"uv":[11.5625,11.4375,11.6875,11.875],"rotation":0,"texture":"#2","tintindex":0},"up":{"uv":[12.1875,8.6875,11.375,8.5625],"rotation":0,"texture":"#2","tintindex":0},"down":{"uv":[12.25,2.1875,11.4375,2.3125],"rotation":0,"texture":"#2","tintindex":0}}},{"from":[14.697142,7.9005475,7.4163394],"to":[15.982855,10.471976,8.702054],"rotation":{"angle":0.0,"axis":"y","origin":[0.55428314,-30.670883,19.559196]},"faces":{"east":{"uv":[11.9375,6.9375,12.0625,7.25],"rotation":0,"texture":"#2","tintindex":0},"south":{"uv":[11.9375,7.3125,12.0625,7.625],"rotation":0,"texture":"#2","tintindex":0},"north":{"uv":[11.9375,6.5625,12.0625,6.875],"rotation":0,"texture":"#2","tintindex":0},"west":{"uv":[11.9375,7.6875,12.0625,8.0],"rotation":0,"texture":"#2","tintindex":0},"up":{"uv":[12.125,5.3125,12.0,5.1875],"rotation":0,"texture":"#2","tintindex":0},"down":{"uv":[5.5,12.0,5.375,12.125],"rotation":0,"texture":"#2","tintindex":0}}}],"display":{"head":{"translation":[0.0,-6.4,0.0],"scale":[4.0,4.0,4.0]}}}