{"textures":{"2":"modelengine:entity/hinox2"},"elements":[{"from":[0.01714468,7.9005475,7.4163394],"to":[1.3028588,10.471976,8.702054],"rotation":{"angle":0.0,"axis":"y","origin":[15.445717,-30.670883,19.559196]},"faces":{"east":{"uv":[11.9375,11.8125,12.0625,12.125],"rotation":0,"texture":"#2","tintindex":0},"south":{"uv":[12.0,2.9375,12.125,3.25],"rotation":0,"texture":"#2","tintindex":0},"north":{"uv":[11.5625,11.9375,11.6875,12.25],"rotation":0,"texture":"#2","tintindex":0},"west":{"uv":[4.25,12.0,4.375,12.3125],"rotation":0,"texture":"#2","tintindex":0},"up":{"uv":[12.125,5.5,12.0,5.375],"rotation":0,"texture":"#2","tintindex":0},"down":{"uv":[12.125,5.5625,12.0,5.6875],"rotation":0,"texture":"#2","tintindex":0}}},{"from":[1.3028588,6.614833,7.4163394],"to":[9.017145,10.471976,8.702054],"rotation":{"angle":0.0,"axis":"y","origin":[15.445717,-30.670883,19.559196]},"faces":{"east":{"uv":[11.625,3.625,11.75,4.0625],"rotation":0,"texture":"#2","tintindex":0},"south":{"uv":[11.125,5.5,11.9375,5.9375],"rotation":0,"texture":"#2","tintindex":0},"north":{"uv":[11.125,5.0,11.9375,5.4375],"rotation":0,"texture":"#2","tintindex":0},"west":{"uv":[11.625,4.125,11.75,4.5625],"rotation":0,"texture":"#2","tintindex":0},"up":{"uv":[12.25,2.5,11.4375,2.375],"rotation":0,"texture":"#2","tintindex":0},"down":{"uv":[12.25,2.5625,11.4375,2.6875],"rotation":0,"texture":"#2","tintindex":0}}}],"display":{"head":{"translation":[0.0,-6.4,0.0],"scale":[4.0,4.0,4.0]}}}