{"textures":{"2":"modelengine:entity/hinox2"},"elements":[{"from":[0.28571415,1.2615709,-0.9628973],"to":[1.5714283,14.118714,6.7513885],"rotation":{"angle":0.0,"axis":"y","origin":[8.0,-30.881287,15.037104]},"faces":{"east":{"uv":[1.875,7.9375,2.75,9.375],"rotation":0,"texture":"#2","tintindex":0},"south":{"uv":[0.9375,11.4375,1.0625,12.875],"rotation":0,"texture":"#2","tintindex":0},"north":{"uv":[0.75,11.4375,0.875,12.875],"rotation":0,"texture":"#2","tintindex":0},"west":{"uv":[2.8125,7.9375,3.6875,9.375],"rotation":0,"texture":"#2","tintindex":0},"up":{"uv":[3.703125,10.28125,3.5625,9.4375],"rotation":0,"texture":"#2","tintindex":0},"down":{"uv":[11.5625,3.625,11.4375,4.5],"rotation":0,"texture":"#2","tintindex":0}}},{"from":[0.28571415,3.8329992,-2.2486115],"to":[1.5714283,12.833,-0.9628973],"rotation":{"angle":0.0,"axis":"y","origin":[8.0,-30.881287,15.037104]},"faces":{"east":{"uv":[6.75,11.4375,6.875,12.4375],"rotation":0,"texture":"#2","tintindex":0},"south":{"uv":[6.9375,11.4375,7.0625,12.4375],"rotation":0,"texture":"#2","tintindex":0},"north":{"uv":[2.8125,11.4375,2.9375,12.4375],"rotation":0,"texture":"#2","tintindex":0},"west":{"uv":[7.125,11.4375,7.25,12.4375],"rotation":0,"texture":"#2","tintindex":0},"up":{"uv":[12.140625,5.140625,12.0,5.0],"rotation":0,"texture":"#2","tintindex":0},"down":{"uv":[5.3125,12.0,5.1875,12.125],"rotation":0,"texture":"#2","tintindex":0}}},{"from":[4.142857,8.975857,-3.5343266],"to":[11.857143,15.4044285,-2.2486115],"rotation":{"angle":0.0,"axis":"y","origin":[8.0,-30.881287,15.037104]},"faces":{"east":{"uv":[8.0625,11.4375,8.1875,12.125],"rotation":0,"texture":"#2","tintindex":0},"south":{"uv":[10.1875,2.9375,11.0625,3.625],"rotation":0,"texture":"#2","tintindex":0},"north":{"uv":[10.125,1.25,11.0,1.9375],"rotation":0,"texture":"#2","tintindex":0},"west":{"uv":[11.5625,7.3125,11.6875,8.0],"rotation":0,"texture":"#2","tintindex":0},"up":{"uv":[12.21875,8.328125,11.375,8.1875],"rotation":0,"texture":"#2","tintindex":0},"down":{"uv":[12.25,8.375,11.375,8.5],"rotation":0,"texture":"#2","tintindex":0}}},{"from":[2.8571424,3.8329992,-3.5343266],"to":[4.142857,6.404428,-2.2486115],"rotation":{"angle":0.0,"axis":"y","origin":[8.0,-30.881287,15.037104]},"faces":{"east":{"uv":[11.75,11.8125,11.875,12.125],"rotation":0,"texture":"#2","tintindex":0},"south":{"uv":[11.875,0.1875,12.0,0.5],"rotation":0,"texture":"#2","tintindex":0},"north":{"uv":[11.375,11.8125,11.5,12.125],"rotation":0,"texture":"#2","tintindex":0},"west":{"uv":[11.875,0.5625,12.0,0.875],"rotation":0,"texture":"#2","tintindex":0},"up":{"uv":[4.953125,12.140625,4.8125,12.0],"rotation":0,"texture":"#2","tintindex":0},"down":{"uv":[5.125,12.0,5.0,12.125],"rotation":0,"texture":"#2","tintindex":0}}},{"from":[11.857143,3.8329992,-3.5343266],"to":[13.142858,6.404428,-2.2486115],"rotation":{"angle":0.0,"axis":"y","origin":[8.0,-30.881287,15.037104]},"faces":{"east":{"uv":[11.0,11.8125,11.125,12.125],"rotation":0,"texture":"#2","tintindex":0},"south":{"uv":[11.8125,11.0625,11.9375,11.375],"rotation":0,"texture":"#2","tintindex":0},"north":{"uv":[10.8125,11.8125,10.9375,12.125],"rotation":0,"texture":"#2","tintindex":0},"west":{"uv":[11.1875,11.8125,11.3125,12.125],"rotation":0,"texture":"#2","tintindex":0},"up":{"uv":[4.578125,12.140625,4.4375,12.0],"rotation":0,"texture":"#2","tintindex":0},"down":{"uv":[4.75,12.0,4.625,12.125],"rotation":0,"texture":"#2","tintindex":0}}},{"from":[9.285714,5.118714,-4.8200407],"to":[10.571428,7.690142,-2.2486115],"rotation":{"angle":0.0,"axis":"y","origin":[8.0,-30.881287,15.037104]},"faces":{"east":{"uv":[11.5625,6.5625,11.875,6.875],"rotation":0,"texture":"#2","tintindex":0},"south":{"uv":[11.8125,9.9375,11.9375,10.25],"rotation":0,"texture":"#2","tintindex":0},"north":{"uv":[11.8125,9.5625,11.9375,9.875],"rotation":0,"texture":"#2","tintindex":0},"west":{"uv":[11.5625,6.9375,11.875,7.25],"rotation":0,"texture":"#2","tintindex":0},"up":{"uv":[11.953125,10.59375,11.8125,10.3125],"rotation":0,"texture":"#2","tintindex":0},"down":{"uv":[11.9375,10.6875,11.8125,11.0],"rotation":0,"texture":"#2","tintindex":0}}},{"from":[5.428571,5.118714,-4.8200407],"to":[6.714286,7.690142,-2.2486115],"rotation":{"angle":0.0,"axis":"y","origin":[8.0,-30.881287,15.037104]},"faces":{"east":{"uv":[11.5,0.1875,11.8125,0.5],"rotation":0,"texture":"#2","tintindex":0},"south":{"uv":[7.5,11.8125,7.625,12.125],"rotation":0,"texture":"#2","tintindex":0},"north":{"uv":[7.3125,11.8125,7.4375,12.125],"rotation":0,"texture":"#2","tintindex":0},"west":{"uv":[11.5,0.5625,11.8125,0.875],"rotation":0,"texture":"#2","tintindex":0},"up":{"uv":[7.828125,12.09375,7.6875,11.8125],"rotation":0,"texture":"#2","tintindex":0},"down":{"uv":[8.0,11.8125,7.875,12.125],"rotation":0,"texture":"#2","tintindex":0}}},{"from":[6.714286,5.118714,-4.8200407],"to":[9.285714,8.975857,-2.2486115],"rotation":{"angle":0.0,"axis":"y","origin":[8.0,-30.881287,15.037104]},"faces":{"east":{"uv":[5.625,7.125,5.9375,7.5625],"rotation":0,"texture":"#2","tintindex":0},"south":{"uv":[0.9375,7.25,1.25,7.6875],"rotation":0,"texture":"#2","tintindex":0},"north":{"uv":[5.25,7.125,5.5625,7.5625],"rotation":0,"texture":"#2","tintindex":0},"west":{"uv":[7.875,6.6875,8.1875,7.125],"rotation":0,"texture":"#2","tintindex":0},"up":{"uv":[11.71875,11.34375,11.4375,11.0625],"rotation":0,"texture":"#2","tintindex":0},"down":{"uv":[11.5,11.4375,11.1875,11.75],"rotation":0,"texture":"#2","tintindex":0}}},{"from":[6.714286,15.4044285,-0.9628973],"to":[9.285714,17.975857,1.608531],"rotation":{"angle":0.0,"axis":"y","origin":[8.0,-30.881287,15.037104]},"faces":{"east":{"uv":[11.4375,9.5625,11.75,9.875],"rotation":0,"texture":"#2","tintindex":0},"south":{"uv":[11.4375,9.9375,11.75,10.25],"rotation":0,"texture":"#2","tintindex":0},"north":{"uv":[7.6875,11.4375,8.0,11.75],"rotation":0,"texture":"#2","tintindex":0},"west":{"uv":[11.4375,10.3125,11.75,10.625],"rotation":0,"texture":"#2","tintindex":0},"up":{"uv":[11.71875,10.96875,11.4375,10.6875],"rotation":0,"texture":"#2","tintindex":0},"down":{"uv":[11.125,11.4375,10.8125,11.75],"rotation":0,"texture":"#2","tintindex":0}}},{"from":[14.428572,3.8329992,-2.2486115],"to":[15.714286,12.833,-0.9628973],"rotation":{"angle":0.0,"axis":"y","origin":[8.0,-30.881287,15.037104]},"faces":{"east":{"uv":[2.25,11.4375,2.375,12.4375],"rotation":0,"texture":"#2","tintindex":0},"south":{"uv":[2.4375,11.4375,2.5625,12.4375],"rotation":0,"texture":"#2","tintindex":0},"north":{"uv":[11.3125,0.1875,11.4375,1.1875],"rotation":0,"texture":"#2","tintindex":0},"west":{"uv":[2.625,11.4375,2.75,12.4375],"rotation":0,"texture":"#2","tintindex":0},"up":{"uv":[10.703125,3.828125,10.5625,3.6875],"rotation":0,"texture":"#2","tintindex":0},"down":{"uv":[12.0,0.9375,11.875,1.0625],"rotation":0,"texture":"#2","tintindex":0}}},{"from":[14.428572,1.2615709,-0.9628973],"to":[15.714286,14.118714,6.7513885],"rotation":{"angle":0.0,"axis":"y","origin":[8.0,-30.881287,15.037104]},"faces":{"east":{"uv":[5.25,7.8125,6.125,9.25],"rotation":0,"texture":"#2","tintindex":0},"south":{"uv":[0.5625,11.4375,0.6875,12.875],"rotation":0,"texture":"#2","tintindex":0},"north":{"uv":[0.375,11.4375,0.5,12.875],"rotation":0,"texture":"#2","tintindex":0},"west":{"uv":[0.9375,7.9375,1.8125,9.375],"rotation":0,"texture":"#2","tintindex":0},"up":{"uv":[8.390625,7.53125,8.25,6.6875],"rotation":0,"texture":"#2","tintindex":0},"down":{"uv":[3.5,9.4375,3.375,10.3125],"rotation":0,"texture":"#2","tintindex":0}}},{"from":[1.5714283,2.547285,-2.2486115],"to":[14.428572,15.4044285,8.037103],"rotation":{"angle":0.0,"axis":"y","origin":[8.0,-30.881287,15.037104]},"faces":{"east":{"uv":[7.375,0.0,8.5,1.4375],"rotation":0,"texture":"#2","tintindex":0},"south":{"uv":[0.0,5.75,1.4375,7.1875],"rotation":0,"texture":"#2","tintindex":0},"north":{"uv":[4.5,5.625,5.9375,7.0625],"rotation":0,"texture":"#2","tintindex":0},"west":{"uv":[7.375,1.5,8.5,2.9375],"rotation":0,"texture":"#2","tintindex":0},"up":{"uv":[8.34375,8.75,6.9375,7.625],