{"textures":{"2":"modelengine:entity/hinox2"},"elements":[{"from":[2.8571424,-4.714286,3.5714283],"to":[8.0,7.857143,11.285714],"rotation":{"angle":0.0,"axis":"y","origin":[5.428571,10.571428,6.857143]},"faces":{"east":{"uv":[4.25,5.75,3.375,7.125],"rotation":0,"texture":"#2","tintindex":0},"south":{"uv":[9.125,0.0,8.5625,1.375],"rotation":0,"texture":"#2","tintindex":0},"north":{"uv":[7.375,8.8125,6.8125,10.1875],"rotation":0,"texture":"#2","tintindex":0},"west":{"uv":[6.875,5.625,6.0,7.0],"rotation":0,"texture":"#2","tintindex":0},"up":{"uv":[10.8125,10.40625,11.375,9.5625],"rotation":0,"texture":"#2","tintindex":0},"down":{"uv":[5.375,4.5625,5.9375,5.4375],"rotation":0,"texture":"#2","tintindex":0}}}],"display":{"head":{"translation":[0.0,-6.4,0.0],"scale":[4.0,4.0,4.0]}}}