{"textures":{"2":"modelengine:entity/hinox2"},"elements":[{"from":[6.939556,3.9761267,7.1051183],"to":[8.653842,7.8332696,8.819404],"rotation":{"angle":0.0,"axis":"y","origin":[9.510985,12.404699,12.390833]},"faces":{"east":{"uv":[3.9375,7.0625,3.75,7.6875],"rotation":0,"texture":"#2","tintindex":0},"south":{"uv":[4.1875,7.0625,4.0,7.6875],"rotation":0,"texture":"#2","tintindex":0},"north":{"uv":[3.6875,7.0625,3.5,7.6875],"rotation":0,"texture":"#2","tintindex":0},"west":{"uv":[3.5625,7.0625,3.375,7.6875],"rotation":0,"texture":"#2","tintindex":0},"up":{"uv":[3.5,7.0,3.6875,6.8125],"rotation":0,"texture":"#2","tintindex":0},"down":{"uv":[3.75,6.8125,3.9375,7.0],"rotation":0,"texture":"#2","tintindex":0}}},{"from":[7.653842,3.4046984,7.3908324],"to":[10.7967,4.6904125,8.5336895],"rotation":{"angle":-22.5,"axis":"z","origin":[8.653842,4.6904125,8.105119]},"faces":{"east":{"uv":[2.5625,7.625,2.6875,7.8125],"rotation":0,"texture":"#2","tintindex":0},"south":{"uv":[2.5625,7.625,3.0,7.8125],"rotation":0,"texture":"#2","tintindex":0},"north":{"uv":[2.75,7.625,3.1875,7.8125],"rotation":0,"texture":"#2","tintindex":0},"west":{"uv":[3.0625,7.625,3.1875,7.8125],"rotation":0,"texture":"#2","tintindex":0},"up":{"uv":[2.90625,7.625,2.5625,7.5],"rotation":0,"texture":"#2","tintindex":0},"down":{"uv":[3.1875,7.75,2.75,7.875],"rotation":0,"texture":"#2","tintindex":0}}}],"display":{"head":{"translation":[0.0,-6.4,0.0],"scale":[4.0,4.0,4.0]}}}