{"textures":{"2":"modelengine:entity/hinox2"},"elements":[{"from":[4.0,-1.034359,7.9986286],"to":[11.714286,7.9656405,14.4272],"rotation":{"angle":0.0,"axis":"y","origin":[15.0,-1.034359,11.855772]},"faces":{"east":{"uv":[10.0625,4.0,10.75,5.0],"rotation":0,"texture":"#2","tintindex":0},"south":{"uv":[0.9375,9.4375,1.8125,10.3125],"rotation":0,"texture":"#2","tintindex":0},"north":{"uv":[0.0,9.4375,0.875,10.3125],"rotation":0,"texture":"#2","tintindex":0},"west":{"uv":[10.0625,9.9375,10.75,10.8125],"rotation":0,"texture":"#2","tintindex":0},"up":{"uv":[11.3125,8.0,10.4375,7.3125],"rotation":0,"texture":"#2","tintindex":0},"down":{"uv":[11.3125,7.3125,10.4375,8.0],"rotation":0,"texture":"#2","tintindex":0}}},{"from":[4.0,-1.034359,5.1414857],"to":[11.714286,0.6799264,8.141486],"rotation":{"angle":0.0,"axis":"y","origin":[15.0,-1.034359,11.855772]},"faces":{"east":{"uv":[10.25,4.0625,10.5625,4.25],"rotation":0,"texture":"#2","tintindex":0},"south":{"uv":[0.9375,9.5,1.78125,9.6875],"rotation":0,"texture":"#2","tintindex":0},"north":{"uv":[0.0,10.3125,0.875,10.4375],"rotation":0,"texture":"#2","tintindex":0},"west":{"uv":[10.0625,10.8125,10.390625,10.9375],"rotation":0,"texture":"#2","tintindex":0},"up":{"uv":[11.3125,8.75,10.4375,8.4375],"rotation":0,"texture":"#2","tintindex":0},"down":{"uv":[11.3125,8.125,10.4375,8.4375],"rotation":0,"texture":"#2","tintindex":0}}}],"display":{"head":{"translation":[0.0,-6.4,0.0],"scale":[4.0,4.0,4.0]}}}