{"textures":{"2":"modelengine:entity/hinox2"},"elements":[{"from":[2.8571424,1.2513552,6.8986373],"to":[10.571428,10.251355,13.327209],"rotation":{"angle":0.0,"axis":"y","origin":[13.857143,1.2513552,10.75578]},"faces":{"east":{"uv":[9.3125,9.9375,10.0,10.9375],"rotation":0,"texture":"#2","tintindex":0},"south":{"uv":[9.3125,8.875,10.15625,9.859375],"rotation":0,"texture":"#2","tintindex":0},"north":{"uv":[4.6875,9.3125,5.5625,10.3125],"rotation":0,"texture":"#2","tintindex":0},"west":{"uv":[5.625,10.0,6.328125,10.984375],"rotation":0,"texture":"#2","tintindex":0},"up":{"uv":[5.15625,11.078125,4.3125,10.375],"rotation":0,"texture":"#2","tintindex":0},"down":{"uv":[11.3125,7.3125,10.4375,8.0],"rotation":0,"texture":"#2","tintindex":0}}}],"display":{"head":{"translation":[0.0,-6.4,0.0],"scale":[4.0,4.0,4.0]}}}