{"textures":{"2":"modelengine:entity/hinox2"},"elements":[{"from":[6.775277,-4.4285717,1.4319096],"to":[10.632421,8.142858,8.003338],"rotation":{"angle":0.0,"axis":"y","origin":[8.63242,14.857143,4.1461954]},"faces":{"east":{"uv":[7.8125,5.4375,6.9375,6.8125],"rotation":0,"texture":"#2","tintindex":0},"south":{"uv":[8.625,8.859375,8.0625,10.234375],"rotation":0,"texture":"#2","tintindex":0},"north":{"uv":[8.0,8.8125,7.4375,10.1875],"rotation":0,"texture":"#2","tintindex":0},"west":{"uv":[7.6875,3.25,6.8125,4.625],"rotation":0,"texture":"#2","tintindex":0},"up":{"uv":[2.5,11.21875,2.921875,10.5],"rotation":0,"texture":"#2","tintindex":0},"down":{"uv":[9.75,7.75,10.3125,8.625],"rotation":0,"texture":"#2","tintindex":0}}}],"display":{"head":{"translation":[0.0,-6.4,0.0],"scale":[4.0,4.0,4.0]}}}