{"textures":{"2":"modelengine:entity/hinox2"},"elements":[{"from":[7.5318723,-1.3095884,6.8336897],"to":[9.389015,4.4046984,8.547976],"rotation":{"angle":0.0,"axis":"y","origin":[7.1033006,8.404698,11.547976]},"faces":{"east":{"uv":[3.375,7.0625,3.5625,7.6875],"rotation":0,"texture":"#2","tintindex":0},"south":{"uv":[4.0,7.0625,4.1875,7.6875],"rotation":0,"texture":"#2","tintindex":0},"north":{"uv":[3.5,7.0625,3.6875,7.6875],"rotation":0,"texture":"#2","tintindex":0},"west":{"uv":[3.75,7.0625,3.9375,7.6875],"rotation":0,"texture":"#2","tintindex":0},"up":{"uv":[3.703125,7.0,3.5,6.8125],"rotation":0,"texture":"#2","tintindex":0},"down":{"uv":[3.9375,6.8125,3.75,7.0],"rotation":0,"texture":"#2","tintindex":0}}},{"from":[4.9604435,-1.8810167,7.119404],"to":[8.9604435,-0.16673088,8.262261],"rotation":{"angle":22.5,"axis":"z","origin":[6.9604435,-0.7381592,7.6908326]},"faces":{"east":{"uv":[3.1875,7.625,3.0625,7.8125],"rotation":0,"texture":"#2","tintindex":0},"south":{"uv":[3.0,7.625,2.5625,7.8125],"rotation":0,"texture":"#2","tintindex":0},"north":{"uv":[3.1875,7.625,2.75,7.8125],"rotation":0,"texture":"#2","tintindex":0},"west":{"uv":[2.6875,7.625,2.5625,7.8125],"rotation":0,"texture":"#2","tintindex":0},"up":{"uv":[2.5625,7.625,3.0,7.5],"rotation":0,"texture":"#2","tintindex":0},"down":{"uv":[2.75,7.75,3.1875,7.875],"rotation":0,"texture":"#2","tintindex":0}}}],"display":{"head":{"translation":[0.0,-6.4,0.0],"scale":[4.0,4.0,4.0]}}}