{"textures":{"2":"modelengine:entity/hinox2"},"elements":[{"from":[5.510437,-4.4285717,1.4319096],"to":[9.36758,8.142858,8.003338],"rotation":{"angle":0.0,"axis":"y","origin":[7.36758,14.857143,4.1461954]},"faces":{"east":{"uv":[6.8125,3.25,7.6875,4.625],"rotation":0,"texture":"#2","tintindex":0},"south":{"uv":[8.0625,8.875,8.625,10.25],"rotation":0,"texture":"#2","tintindex":0},"north":{"uv":[7.4375,8.8125,8.0,10.1875],"rotation":0,"texture":"#2","tintindex":0},"west":{"uv":[6.9375,5.4375,7.8125,6.8125],"rotation":0,"texture":"#2","tintindex":0},"up":{"uv":[2.921875,11.21875,2.5,10.5],"rotation":0,"texture":"#2","tintindex":0},"down":{"uv":[10.3125,7.8125,9.75,8.6875],"rotation":0,"texture":"#2","tintindex":0}}}],"display":{"head":{"translation":[0.0,-6.4,0.0],"scale":[4.0,4.0,4.0]}}}