{"textures":{"2":"modelengine:entity/hinox2"},"elements":[{"from":[7.060444,2.1189837,7.1051183],"to":[8.917586,7.8332696,8.819404],"rotation":{"angle":0.0,"axis":"y","origin":[6.631872,11.83327,11.819405]},"faces":{"east":{"uv":[3.375,7.0625,3.5625,7.6875],"rotation":0,"texture":"#2","tintindex":0},"south":{"uv":[4.0,7.0625,4.1875,7.6875],"rotation":0,"texture":"#2","tintindex":0},"north":{"uv":[3.5,7.0625,3.6875,7.6875],"rotation":0,"texture":"#2","tintindex":0},"west":{"uv":[3.75,7.0625,3.9375,7.6875],"rotation":0,"texture":"#2","tintindex":0},"up":{"uv":[3.703125,7.0,3.5,6.8125],"rotation":0,"texture":"#2","tintindex":0},"down":{"uv":[3.9375,6.8125,3.75,7.0],"rotation":0,"texture":"#2","tintindex":0}}},{"from":[4.4890146,1.5475554,7.3908324],"to":[8.489016,3.2618413,8.5336895],"rotation":{"angle":22.5,"axis":"z","origin":[6.489015,2.6904125,7.962261]},"faces":{"east":{"uv":[3.1875,7.625,3.0625,7.8125],"rotation":0,"texture":"#2","tintindex":0},"south":{"uv":[3.0,7.625,2.5625,7.8125],"rotation":0,"texture":"#2","tintindex":0},"north":{"uv":[3.1875,7.625,2.75,7.8125],"rotation":0,"texture":"#2","tintindex":0},"west":{"uv":[2.6875,7.625,2.5625,7.8125],"rotation":0,"texture":"#2","tintindex":0},"up":{"uv":[2.5625,7.625,3.0,7.5],"rotation":0,"texture":"#2","tintindex":0},"down":{"uv":[2.75,7.75,3.1875,7.875],"rotation":0,"texture":"#2","tintindex":0}}}],"display":{"head":{"translation":[0.0,-6.4,0.0],"scale":[4.0,4.0,4.0]}}}