{"textures":{"2":"modelengine:entity/hinox2"},"elements":[{"from":[6.428571,1.1084976,6.8986373],"to":[14.142858,10.108498,13.327209],"rotation":{"angle":0.0,"axis":"y","origin":[3.142857,1.1084976,10.75578]},"faces":{"east":{"uv":[1.875,9.4375,2.5625,10.4375],"rotation":0,"texture":"#2","tintindex":0},"south":{"uv":[9.1875,1.0625,10.0625,2.0625],"rotation":0,"texture":"#2","tintindex":0},"north":{"uv":[9.1875,0.0,10.0625,1.0],"rotation":0,"texture":"#2","tintindex":0},"west":{"uv":[2.625,9.4375,3.3125,10.4375],"rotation":0,"texture":"#2","tintindex":0},"up":{"uv":[11.03125,5.765625,10.1875,5.0625],"rotation":0,"texture":"#2","tintindex":0},"down":{"uv":[11.0625,5.0625,10.1875,5.75],"rotation":0,"texture":"#2","tintindex":0}}}],"display":{"head":{"translation":[0.0,-6.4,0.0],"scale":[4.0,4.0,4.0]}}}