{"textures":{"2":"modelengine:entity/hinox2"},"elements":[{"from":[8.0,-4.714286,3.5714283],"to":[13.142858,7.857143,11.285714],"rotation":{"angle":0.0,"axis":"y","origin":[10.571428,10.571428,6.857143]},"faces":{"east":{"uv":[4.3125,7.125,5.1875,8.5],"rotation":0,"texture":"#2","tintindex":0},"south":{"uv":[9.0625,6.6875,9.625,8.0625],"rotation":0,"texture":"#2","tintindex":0},"north":{"uv":[8.6875,8.875,9.25,10.25],"rotation":0,"texture":"#2","tintindex":0},"west":{"uv":[0.0,7.25,0.875,8.625],"rotation":0,"texture":"#2","tintindex":0},"up":{"uv":[11.375,10.40625,10.8125,9.5625],"rotation":0,"texture":"#2","tintindex":0},"down":{"uv":[5.9375,4.5625,5.375,5.4375],"rotation":0,"texture":"#2","tintindex":0}}}],"display":{"head":{"translation":[0.0,-6.4,0.0],"scale":[4.0,4.0,4.0]}}}