{"textures":{"2":"modelengine:entity/hinox2"},"elements":[{"from":[5.8571424,-1.1486454,7.998637],"to":[13.571428,7.851355,14.427209],"rotation":{"angle":0.0,"axis":"y","origin":[2.5714283,-1.1486454,11.855781]},"faces":{"east":{"uv":[9.6875,6.6875,10.375,7.5625],"rotation":0,"texture":"#2","tintindex":0},"south":{"uv":[3.75,9.3125,4.625,10.3125],"rotation":0,"texture":"#2","tintindex":0},"north":{"uv":[9.25,2.9375,10.125,3.8125],"rotation":0,"texture":"#2","tintindex":0},"west":{"uv":[9.6875,7.875,10.375,8.75],"rotation":0,"texture":"#2","tintindex":0},"up":{"uv":[11.125,9.5,10.25,8.8125],"rotation":0,"texture":"#2","tintindex":0},"down":{"uv":[4.25,10.375,3.375,10.9375],"rotation":0,"texture":"#2","tintindex":0}}},{"from":[5.8571424,-1.1486454,4.5700655],"to":[13.571428,0.56564045,8.141495],"rotation":{"angle":0.0,"axis":"y","origin":[2.5714283,-1.1486454,5.5700655]},"faces":{"east":{"uv":[10.0,7.5625,10.375,7.6875],"rotation":0,"texture":"#2","tintindex":0},"south":{"uv":[4.1875,10.8125,5.0625,11.0],"rotation":0,"texture":"#2","tintindex":0},"north":{"uv":[9.25,3.8125,10.125,3.9375],"rotation":0,"texture":"#2","tintindex":0},"west":{"uv":[9.8125,7.8125,10.25,8.0],"rotation":0,"texture":"#2","tintindex":0},"up":{"uv":[4.25,11.0625,3.375,10.6875],"rotation":0,"texture":"#2","tintindex":0},"down":{"uv":[4.25,10.6875,3.375,11.0625],"rotation":0,"texture":"#2","tintindex":0}}}],"display":{"head":{"translation":[0.0,-6.4,0.0],"scale":[4.0,4.0,4.0]}}}