{"textures":{"2":"modelengine:entity/hinox2"},"elements":[{"from":[-5.1428576,26.857141,-2.5315313],"to":[-2.5714293,28.142857,11.611326],"rotation":{"angle":0.0,"axis":"y","origin":[7.714286,-16.857145,5.1827545]},"faces":{"east":{"uv":[11.1875,9.375,12.75,9.5],"rotation":0,"texture":"#2","tintindex":0},"south":{"uv":[11.8125,4.375,12.125,4.5],"rotation":0,"texture":"#2","tintindex":0},"north":{"uv":[11.8125,4.1875,12.125,4.3125],"rotation":0,"texture":"#2","tintindex":0},"west":{"uv":[11.3125,0.0,12.875,0.125],"rotation":0,"texture":"#2","tintindex":0},"up":{"uv":[10.34375,12.546875,10.0625,11.0],"rotation":0,"texture":"#2","tintindex":0},"down":{"uv":[10.75,11.0,10.4375,12.5625],"rotation":0,"texture":"#2","tintindex":0}}},{"from":[18.0,15.285714,11.611326],"to":[20.57143,26.857141,12.89704],"rotation":{"angle":0.0,"axis":"y","origin":[7.714286,-16.857145,5.1827545]},"faces":{"east":{"uv":[1.875,11.4375,2.0,12.6875],"rotation":0,"texture":"#2","tintindex":0},"south":{"uv":[3.875,11.125,4.1875,12.375],"rotation":0,"texture":"#2","tintindex":0},"north":{"uv":[3.5,11.125,3.8125,12.375],"rotation":0,"texture":"#2","tintindex":0},"west":{"uv":[2.0625,11.4375,2.1875,12.6875],"rotation":0,"texture":"#2","tintindex":0},"up":{"uv":[12.09375,3.953125,11.8125,3.8125],"rotation":0,"texture":"#2","tintindex":0},"down":{"uv":[12.125,4.0,11.8125,4.125],"rotation":0,"texture":"#2","tintindex":0}}},{"from":[18.0,15.285714,-3.8172464],"to":[20.57143,26.857141,-2.5315313],"rotation":{"angle":0.0,"axis":"y","origin":[7.714286,-16.857145,5.1827545]},"faces":{"east":{"uv":[1.5,11.4375,1.625,12.6875],"rotation":0,"texture":"#2","tintindex":0},"south":{"uv":[3.125,11.125,3.4375,12.375],"rotation":0,"texture":"#2","tintindex":0},"north":{"uv":[8.75,11.0625,9.0625,12.3125],"rotation":0,"texture":"#2","tintindex":0},"west":{"uv":[1.6875,11.4375,1.8125,12.6875],"rotation":0,"texture":"#2","tintindex":0},"up":{"uv":[12.09375,2.890625,11.8125,2.75],"rotation":0,"texture":"#2","tintindex":0},"down":{"uv":[12.125,3.625,11.8125,3.75],"rotation":0,"texture":"#2","tintindex":0}}},{"from":[6.428571,-0.1428585,-2.5315313],"to":[9.0,1.1428556,11.611326],"rotation":{"angle":0.0,"axis":"y","origin":[7.714286,-16.857145,5.1827545]},"faces":{"east":{"uv":[11.1875,9.0,12.75,9.125],"rotation":0,"texture":"#2","tintindex":0},"south":{"uv":[11.75,11.625,12.0625,11.75],"rotation":0,"texture":"#2","tintindex":0},"north":{"uv":[11.75,11.4375,12.0625,11.5625],"rotation":0,"texture":"#2","tintindex":0},"west":{"uv":[11.1875,9.1875,12.75,9.3125],"rotation":0,"texture":"#2","tintindex":0},"up":{"uv":[9.59375,12.546875,9.3125,11.0],"rotation":0,"texture":"#2","tintindex":0},"down":{"uv":[10.0,11.0,9.6875,12.5625],"rotation":0,"texture":"#2","tintindex":0}}},{"from":[-5.1428576,-1.4285736,11.611326],"to":[20.57143,1.1428556,12.89704],"rotation":{"angle":0.0,"axis":"y","origin":[7.714286,-16.857145,5.1827545]},"faces":{"east":{"uv":[11.75,7.3125,11.875,7.625],"rotation":0,"texture":"#2","tintindex":0},"south":{"uv":[8.5625,2.5625,11.375,2.875],"rotation":0,"texture":"#2","tintindex":0},"north":{"uv":[8.5625,2.1875,11.375,2.5],"rotation":0,"texture":"#2","tintindex":0},"west":{"uv":[11.75,7.6875,11.875,8.0],"rotation":0,"texture":"#2","tintindex":0},"up":{"uv":[12.9375,2.140625,10.125,2.0],"rotation":0,"texture":"#2","tintindex":0},"down":{"uv":[13.9375,3.4375,11.125,3.5625],"rotation":0,"texture":"#2","tintindex":0}}},{"from":[20.57143,-1.4285736,-2.5315313],"to":[21.857143,1.1428556,11.611326],"rotation":{"angle":0.0,"axis":"y","origin":[7.714286,-16.857145,5.1827545]},"faces":{"east":{"uv":[11.0625,1.625,12.625,1.9375],"rotation":0,"texture":"#2","tintindex":0},"south":{"uv":[6.5625,11.625,6.6875,11.9375],"rotation":0,"texture":"#2","tintindex":0},"north":{"uv":[6.375,11.625,6.5,11.9375],"rotation":0,"texture":"#2","tintindex":0},"west":{"uv":[6.75,11.0625,8.3125,11.375],"rotation":0,"texture":"#2","tintindex":0},"up":{"uv":[0.140625,12.984375,0.0,11.4375],"rotation":0,"texture":"#2","tintindex":0},"down":{"uv":[0.3125,11.4375,0.1875,13.0],"rotation":0,"texture":"#2","tintindex":0}}},{"from":[-6.4285717,-1.4285736,-2.5315313],"to":[-5.1428576,1.1428556,11.611326],"rotation":{"angle":0.0,"axis":"y","origin":[7.714286,-16.857145,5.1827545]},"faces":{"east":{"uv":[10.8125,4.625,12.375,4.9375],"rotation":0,"texture":"#2","tintindex":0},"south":{"uv":[5.0,11.625,5.125,11.9375],"rotation":0,"texture":"#2","tintindex":0},"north":{"uv":[4.8125,11.625,4.9375,11.9375],"rotation":0,"texture":"#2","tintindex":0},"west":{"uv":[11.0625,1.25,12.625,1.5625],"rotation":0,"texture":"#2","tintindex":0},"up":{"uv":[9.265625,12.609375,9.125,11.0625],"rotation":0,"texture":"#2","tintindex":0},"down":{"uv":[11.5,6.5625,11.375,8.125],"rotation":0,"texture":"#2","tintindex":0}}},{"from":[-5.1428576,-1.4285736,-3.8172464],"to":[-2.5714293,1.1428556,-2.5315313],"rotation":{"angle":0.0,"axis":"y","origin":[7.714286,-16.857145,5.1827545]},"faces":{"east":{"uv":[4.4375,11.625,4.5625,11.9375],"rotation":0,"texture":"#2","tintindex":0},"south":{"uv":[7.3125,11.4375,7.625,11.75],"rotation":0,"texture":"#2","tintindex":0},"north":{"uv":[10.25,9.5625,10.5625,9.875],"rotation":0,"texture":"#2","tintindex":0},"west":{"uv":[4.625,11.625,4.75,11.9375],"rotation":0,"texture":"#2","tintindex":0},"up":{"uv":[11.71875,2.890625,11.4375,2.75],"rotation":0,"texture":"#2","tintindex":0},"down":{"uv":[11.8125,0.9375,11.5,1.0625],"rotation":0,"texture":"#2","tintindex":0}}},{"from":[18.0,-1.4285736,-3.8172464],"to":[20.57143,1.1428556,-2.5315313],"rotation":{"angle":0.0,"axis":"y","origin":[7.714286,-16.857145,5.1827545]},"faces":{"east":{"uv":[10.625,9.5625,10.75,9.875],"rotation":0,"texture":"#2","tintindex":0},"south":{"uv":[5.625,9.3125,5.9375,9.625],"rotation":0,"texture":"#2","tintindex":0},"north":{"uv":[7.875,7.1875,8.1875,7.5],"rotation":0,"texture":"#2","tintindex":0},"west":{"uv":[4.25,11.625,4.375,11.9375],"rotation":0,"texture":"#2","tintindex":0},"up":{"uv":[5.90625,9.828125,5.625,9.6875],"rotation":0,"texture":"#2","tintindex":0},"down":{"uv":[10.5,3.6875,10.1875,3.8125],"rotation":0,"texture":"#2","tintindex":0}}},{"from":[-5.1428576,15.285714,11.611326],"to":[-2.5714293,26.857141,12.89704],"rotation":{"angle":0.0,"axis":"y","origin":[7.714286,-16.857145,5.1827545]},"faces":{"east":{"uv":[1.125,11.4375,1.25,12.6875],"rotation":0,"texture":"#2","tintindex":0},"south":{"uv":[8.375,11.0625,8.6875,12.3125],"rotation":0,"texture":"#2","tintindex":0},"north":{"uv":[6.0,11.0625,6.3125,12.3125],"rotation":0,"texture":"#2","tintindex":0},"west":{"uv":[1.3125,11.4375,1.4375,12.6875],"rotation":0,"texture":"#2","tintindex":0},"up":{"uv":[9.53125,4.140625,9.25,4.0],"rotation":0,"texture":"#2","tintindex":0},"down":{"uv":[9.9375,4.0,9.625,4.125],"rotation":0,"texture":"#2","tintindex":0}}},{"from":[18.0,26.857141,-2.5315313],"to":[20.57143,28.142857,11.611326],"rotation":{"angle":0.0,"axis":"y","origin":[7.714286,-16.857145,5.1827545]},"faces":{"east":{"uv":[11.125,6.375,12.6875,6.5],"rotation":0,"texture":"#2","tintindex":0},"south":{"uv":[0.9375,7.75,1.25,7.875],"rotation":0,"texture":"#2","tintindex":0},"north":{"uv":[5.625,7.625,5.9375,7.75],"rotation":0,"texture":"#2","tintindex":0},"west":{"uv":[11.1875,8.8125,12.75,8.9375],"rotation":0,"texture":"#2","tintindex":0},"up":{"uv":[6.65625,11.546875,6.375,10.0],"rotation":0,"texture":"#2","tintindex":0},"down":{"uv":[5.5625,10.375,5.25,11.9375],"rotation":0,"texture":"#2","tintindex":0}}},{"from":[-5.1428576,15.285714,-3.8172464],"to":[-2.5714293,26.857141,-2.5315313],"rotation":{"angle":0.0,"axis":"y","origin":[7.714286,-16.857145,5.1827545]},"faces":{"east":{"uv":[4.3125,5.75,4.4375,7.0],"rotation":0,"texture":"#2","tintindex":0},"south":{"uv":[5.625,11.0625,5.9375,12.3125],"rotation":0,"texture":"#2","tintindex":0},"north":{"uv":[3.75,7.9375,4.0625,9.1875],"rotation":0,"texture":"#2","tintindex":0},"west":{"uv":[4.125,7.9375,4.25,9.1875],"rotation":0,"texture":"#2","tintindex":0},