{"textures":{"3":"modelengine:entity/tank_tan"},"elements":[{"from":[3.7142854,5.6029515,9.035923],"to":[12.285715,10.745809,16.464495],"rotation":{"angle":0.0,"axis":"y","origin":[7.142857,-1.2541924,12.464495]},"faces":{"east":{"uv":[7.75,6.75,9.375,7.875],"rotation":0,"texture":"#3","tintindex":0},"south":{"uv":[5.875,7.125,7.75,8.25],"rotation":0,"texture":"#3","tintindex":0},"north":{"uv":[1.125,6.625,3.0,7.75],"rotation":0,"texture":"#3","tintindex":0},"west":{"uv":[9.375,6.75,7.75,7.875],"rotation":0,"texture":"#3","tintindex":0},"up":{"uv":[3.0,6.625,1.125,5.0],"rotation":0,"texture":"#3","tintindex":0},"down":{"uv":[7.0,2.75,5.125,4.375],"rotation":0,"texture":"#3","tintindex":0}}},{"from":[3.7142854,5.4706755,7.986634],"to":[12.285715,10.613533,9.129491],"rotation":{"angle":22.5,"axis":"x","origin":[7.428571,8.042104,8.843777]},"faces":{"east":{"uv":[3.75,5.0,4.0,6.125],"rotation":0,"texture":"#3","tintindex":0},"south":{"uv":[1.125,7.75,3.0,8.875],"rotation":0,"texture":"#3","tintindex":0},"north":{"uv":[7.25,1.5,9.125,2.625],"rotation":0,"texture":"#3","tintindex":0},"west":{"uv":[4.0,5.0,3.75,6.125],"rotation":0,"texture":"#3","tintindex":0},"up":{"uv":[10.375,10.0,8.5,9.75],"rotation":0,"texture":"#3","tintindex":0},"down":{"uv":[10.375,10.0,8.5,10.25],"rotation":0,"texture":"#3","tintindex":0}}},{"from":[3.7142854,7.1849613,16.370926],"to":[12.285715,10.613533,17.513784],"rotation":{"angle":-22.5,"axis":"x","origin":[7.428571,8.042104,16.656641]},"faces":{"east":{"uv":[7.5,10.5,7.75,11.25],"rotation":0,"texture":"#3","tintindex":0},"south":{"uv":[0.0,8.875,1.875,9.625],"rotation":0,"texture":"#3","tintindex":0},"north":{"uv":[8.75,0.625,10.625,1.375],"rotation":0,"texture":"#3","tintindex":0},"west":{"uv":[7.75,10.5,7.5,11.25],"rotation":0,"texture":"#3","tintindex":0},"up":{"uv":[10.375,10.5,8.5,10.25],"rotation":0,"texture":"#3","tintindex":0},"down":{"uv":[12.125,9.0,10.25,9.25],"rotation":0,"texture":"#3","tintindex":0}}},{"from":[1.9999995,4.4600945,9.035923],"to":[14.0,7.8886657,21.607351],"rotation":{"angle":0.0,"axis":"y","origin":[7.142857,-1.2541924,12.464495]},"faces":{"east":{"uv":[10.5,4.5,7.75,5.25],"rotation":0,"texture":"#3","tintindex":0},"south":{"uv":[7.75,6.0,10.375,6.75],"rotation":0,"texture":"#3","tintindex":0},"north":{"uv":[7.75,5.25,10.375,6.0],"rotation":0,"texture":"#3","tintindex":0},"west":{"uv":[7.75,4.5,10.5,5.25],"rotation":0,"texture":"#3","tintindex":0},"up":{"uv":[2.625,2.75,0.0,0.0],"rotation":0,"texture":"#3","tintindex":0},"down":{"uv":[5.25,0.0,2.625,2.75],"rotation":0,"texture":"#3","tintindex":0}}},{"from":[3.7142854,1.5919704,3.7753706],"to":[12.285715,5.020542,10.061085],"rotation":{"angle":-22.5,"axis":"x","origin":[7.428571,4.163399,3.7753706]},"faces":{"east":{"uv":[9.125,1.375,10.5,2.125],"rotation":0,"texture":"#3","tintindex":0},"south":{"uv":[9.0,2.625,10.875,3.375],"rotation":0,"texture":"#3","tintindex":0},"north":{"uv":[1.875,9.0,3.75,9.75],"rotation":0,"texture":"#3","tintindex":0},"west":{"uv":[9.375,6.75,10.75,7.5],"rotation":0,"texture":"#3","tintindex":0},"up":{"uv":[7.75,5.75,5.875,4.375],"rotation":0,"texture":"#3","tintindex":0},"down":{"uv":[7.75,5.75,5.875,7.125],"rotation":0,"texture":"#3","tintindex":0}}},{"from":[5.428571,1.7877088,4.7594137],"to":[10.571428,5.21628,20.759415],"rotation":{"angle":0.0,"axis":"y","origin":[7.428571,4.3591375,3.6165566]},"faces":{"east":{"uv":[5.25,0.0,8.75,0.75],"rotation":0,"texture":"#3","tintindex":0},"south":{"uv":[9.375,8.25,10.5,9.0],"rotation":0,"texture":"#3","tintindex":0},"north":{"uv":[9.375,7.5,10.5,8.25],"rotation":0,"texture":"#3","tintindex":0},"west":{"uv":[5.25,0.75,8.75,1.5],"rotation":0,"texture":"#3","tintindex":0},"up":{"uv":[5.125,6.25,4.0,2.75],"rotation":0,"texture":"#3","tintindex":0},"down":{"uv":[1.125,5.0,0.0,8.5],"rotation":0,"texture":"#3","tintindex":0}}},{"from":[1.43156,2.745214,9.607351],"to":[2.0029888,5.602357,21.035923],"rotation":{"angle":-22.5,"axis":"z","origin":[1.7172747,4.173785,15.607351]},"faces":{"east":{"uv":[5.125,8.375,7.625,9.0],"rotation":0,"texture":"#3","tintindex":0},"south":{"uv":[7.625,8.25,7.75,8.875],"rotation":0,"texture":"#3","tintindex":0},"north":{"uv":[7.625,3.75,7.75,4.375],"rotation":0,"texture":"#3","tintindex":0},"west":{"uv":[8.75,0.0,11.25,0.625],"rotation":0,"texture":"#3","tintindex":0},"up":{"uv":[7.125,13.0,7.0,10.5],"rotation":0,"texture":"#3","tintindex":0},"down":{"uv":[7.25,10.5,7.125,13.0],"rotation":0,"texture":"#3","tintindex":0}}},{"from":[4.285714,3.8886657,21.035923],"to":[11.714286,7.3172374,24.464495],"rotation":{"angle":0.0,"axis":"y","origin":[7.142857,-1.8256207,11.893066]},"faces":{"east":{"uv":[7.75,9.75,7.0,10.5],"rotation":0,"texture":"#3","tintindex":0},"south":{"uv":[5.375,9.0,7.0,9.75],"rotation":0,"texture":"#3","tintindex":0},"north":{"uv":[3.75,9.0,5.375,9.75],"rotation":0,"texture":"#3","tintindex":0},"west":{"uv":[7.0,9.75,7.75,10.5],"rotation":0,"texture":"#3","tintindex":0},"up":{"uv":[8.625,9.75,7.0,9.0],"rotation":0,"texture":"#3","tintindex":0},"down":{"uv":[10.25,9.0,8.625,9.75],"rotation":0,"texture":"#3","tintindex":0}}},{"from":[0.85714245,4.4491134,3.7753706],"to":[3.7142854,5.020542,8.918228],"rotation":{"angle":-22.5,"axis":"x","origin":[7.428571,4.163399,3.7753706]},"faces":{"east":{"uv":[5.25,2.625,6.375,2.75],"rotation":0,"texture":"#3","tintindex":0},"south":{"uv":[7.0,8.25,7.625,8.375],"rotation":0,"texture":"#3","tintindex":0},"north":{"uv":[6.375,2.625,7.0,2.75],"rotation":0,"texture":"#3","tintindex":0},"west":{"uv":[5.875,8.25,7.0,8.375],"rotation":0,"texture":"#3","tintindex":0},"up":{"uv":[5.625,10.875,5.0,9.75],"rotation":0,"texture":"#3","tintindex":0},"down":{"uv":[6.25,9.75,5.625,10.875],"rotation":0,"texture":"#3","tintindex":0}}},{"from":[6.0,6.042104,6.8437767],"to":[10.0,10.042105,9.129491],"rotation":{"angle":22.5,"axis":"x","origin":[8.0,8.042104,8.843777]},"faces":{"east":{"uv":[10.375,5.25,10.875,6.125],"rotation":0,"texture":"#3","tintindex":0},"south":{"uv":[2.375,9.75,3.25,10.625],"rotation":0,"texture":"#3","tintindex":0},"north":{"uv":[1.5,9.75,2.375,10.625],"rotation":0,"texture":"#3","tintindex":0},"west":{"uv":[10.375,9.25,10.875,10.125],"rotation":0,"texture":"#3","tintindex":0},"up":{"uv":[11.25,6.625,10.375,6.125],"rotation":0,"texture":"#3","tintindex":0},"down":{"uv":[11.25,10.125,10.375,10.625],"rotation":0,"texture":"#3","tintindex":0}}},{"from":[4.8571424,10.17438,16.464495],"to":[11.142858,16.460094,18.17878],"rotation":{"angle":22.5,"axis":"x","origin":[8.0,13.317238,17.321636]},"faces":{"east":{"uv":[7.75,9.75,8.125,11.125],"rotation":0,"texture":"#3","tintindex":0},"south":{"uv":[3.75,7.625,5.125,9.0],"rotation":0,"texture":"#3","tintindex":0},"north":{"uv":[3.75,6.25,5.125,7.625],"rotation":0,"texture":"#3","tintindex":0},"west":{"uv":[8.125,9.75,8.5,11.125],"rotation":0,"texture":"#3","tintindex":0},"up":{"uv":[10.375,3.75,9.0,3.375],"rotation":0,"texture":"#3","tintindex":0},"down":{"uv":[10.5,2.125,9.125,2.5],"rotation":0,"texture":"#3","tintindex":0}}},{"from":[3.6857138,5.6029515,7.893066],"to":[3.6857138,10.745809,17.035923],"rotation":{"angle":0.0,"axis":"y","origin":[7.142857,-1.2541924,12.464495]},"faces":{"east":{"uv":[9.0,2.625,7.0,3.75],"rotation":0,"texture":"#3","tintindex":0},"south":{"uv":[0.0,0.0,0.0,1.125],"rotation":0,"texture":"#3","tintindex":0},"north":{"uv":[0.0,0.0,0.0,1.125],"rotation":0,"texture":"#3","tintindex":0},"west":{"uv":[7.0,2.625,9.0,3.75],"rotation":0,"texture":"#3","tintindex":0},"up":{"uv":[0.0,2.0,0.0,0.0],"rotation":0,"texture":"#3","tintindex":0},"down":{"uv":[0.0,0.0,0.0,2.0],"rotation":0,"texture":"#3","tintindex":0}}},{"from":[12.314286,5.6029515,7.893066],"to":[12.314286,10.745809,17.035923],"rotation":{"angle":0.0,"axis":"y","origin":[8.857143,-1.2541924,12.464495]},"faces":{"east":{"uv":[9.0,2.625,7.0,3.75],"rotation":0,"texture":"#3","tintindex":0},"south":{"uv":[0.0,0.0,0.0,1.125],"rotation":0,"texture":"#3","tintindex":0},