{"textures":{"0":"modelengine:entity/crimson_loftwing"},"elements":[{"from":[6.285714,5.714286,2.8571424],"to":[9.714286,8.571428,8.0],"rotation":{"angle":0.0,"axis":"y","origin":[8.0,4.0,22.285715]},"faces":{"east":{"uv":[11.0,11.25,12.125,11.875],"rotation":0,"texture":"#0","tintindex":0},"south":{"uv":[14.0,11.25,14.75,11.875],"rotation":0,"texture":"#0","tintindex":0},"north":{"uv":[12.125,11.25,12.875,11.875],"rotation":0,"texture":"#0","tintindex":0},"west":{"uv":[12.875,11.25,14.0,11.875],"rotation":0,"texture":"#0","tintindex":0},"up":{"uv":[12.875,11.25,12.125,10.125],"rotation":0,"texture":"#0","tintindex":0},"down":{"uv":[13.625,10.125,12.875,11.25],"rotation":0,"texture":"#0","tintindex":0}}},{"from":[6.285714,7.428571,2.8571424],"to":[9.714286,7.428571,8.0],"rotation":{"angle":0.0,"axis":"y","origin":[8.0,4.0,22.285715]},"faces":{"east":{"uv":[13.0,15.375,14.125,15.375],"rotation":0,"texture":"#0","tintindex":0},"south":{"uv":[16.0,15.375,16.75,15.375],"rotation":0,"texture":"#0","tintindex":0},"north":{"uv":[14.125,15.375,14.875,15.375],"rotation":0,"texture":"#0","tintindex":0},"west":{"uv":[14.875,15.375,16.0,15.375],"rotation":0,"texture":"#0","tintindex":0},"up":{"uv":[14.875,15.375,14.125,14.25],"rotation":0,"texture":"#0","tintindex":0},"down":{"uv":[15.625,14.25,14.875,15.375],"rotation":0,"texture":"#0","tintindex":0}}},{"from":[8.0,5.714286,1.7142854],"to":[8.0,8.571428,2.8571424],"rotation":{"angle":0.0,"axis":"y","origin":[8.0,4.5714283,22.285715]},"faces":{"east":{"uv":[0.0,0.25,0.25,0.875],"rotation":0,"texture":"#0","tintindex":0},"south":{"uv":[0.5,0.25,0.5,0.875],"rotation":0,"texture":"#0","tintindex":0},"north":{"uv":[0.25,0.25,0.25,0.875],"rotation":0,"texture":"#0","tintindex":0},"west":{"uv":[0.25,0.25,0.5,0.875],"rotation":0,"texture":"#0","tintindex":0},"up":{"uv":[0.25,0.25,0.25,0.0],"rotation":0,"texture":"#0","tintindex":0},"down":{"uv":[0.25,0.0,0.25,0.25],"rotation":0,"texture":"#0","tintindex":0}}}],"display":{"head":{"translation":[0.0,-6.4,0.0],"scale":[4.0,4.0,4.0]}}}