{"textures":{"0":"modelengine:entity/crimson_loftwing"},"elements":[{"from":[8.0,5.0,0.28571415],"to":[8.0,7.857143,1.4285712],"rotation":{"angle":-22.5,"axis":"x","origin":[8.0,6.5714283,2.4285712]},"faces":{"east":{"uv":[0.0,0.25,0.25,0.875],"rotation":0,"texture":"#0","tintindex":0},"south":{"uv":[0.5,0.25,0.5,0.875],"rotation":0,"texture":"#0","tintindex":0},"north":{"uv":[0.25,0.25,0.25,0.875],"rotation":0,"texture":"#0","tintindex":0},"west":{"uv":[0.25,0.25,0.5,0.875],"rotation":0,"texture":"#0","tintindex":0},"up":{"uv":[0.25,0.25,0.25,0.0],"rotation":0,"texture":"#0","tintindex":0},"down":{"uv":[0.25,0.0,0.25,0.25],"rotation":0,"texture":"#0","tintindex":0}}},{"from":[6.285714,6.714286,1.4285712],"to":[9.714286,6.714286,6.5714283],"rotation":{"angle":-22.5,"axis":"x","origin":[8.0,6.5714283,2.4285712]},"faces":{"east":{"uv":[13.0,15.375,14.125,15.375],"rotation":0,"texture":"#0","tintindex":0},"south":{"uv":[16.0,15.375,16.75,15.375],"rotation":0,"texture":"#0","tintindex":0},"north":{"uv":[14.125,15.375,14.875,15.375],"rotation":0,"texture":"#0","tintindex":0},"west":{"uv":[14.875,15.375,16.0,15.375],"rotation":0,"texture":"#0","tintindex":0},"up":{"uv":[14.875,15.375,14.125,14.25],"rotation":0,"texture":"#0","tintindex":0},"down":{"uv":[15.625,14.25,14.875,15.375],"rotation":0,"texture":"#0","tintindex":0}}},{"from":[6.285714,5.0,1.3142858],"to":[9.714286,7.857143,6.457143],"rotation":{"angle":-22.5,"axis":"x","origin":[8.0,6.5714283,2.4285712]},"faces":{"east":{"uv":[11.0,11.25,12.125,11.875],"rotation":0,"texture":"#0","tintindex":0},"south":{"uv":[14.0,11.25,14.75,11.875],"rotation":0,"texture":"#0","tintindex":0},"north":{"uv":[12.125,11.25,12.875,11.875],"rotation":0,"texture":"#0","tintindex":0},"west":{"uv":[12.875,11.25,14.0,11.875],"rotation":0,"texture":"#0","tintindex":0},"up":{"uv":[12.875,11.25,12.125,10.125],"rotation":0,"texture":"#0","tintindex":0},"down":{"uv":[13.625,10.125,12.875,11.25],"rotation":0,"texture":"#0","tintindex":0}}},{"from":[6.285714,12.228531,1.0147266],"to":[9.714286,15.085674,6.157584],"rotation":{"angle":-22.5,"axis":"x","origin":[8.0,10.914246,20.443298]},"faces":{"east":{"uv":[11.0,13.5,12.125,14.125],"rotation":0,"texture":"#0","tintindex":0},"south":{"uv":[14.0,13.5,14.75,14.125],"rotation":0,"texture":"#0","tintindex":0},"north":{"uv":[12.125,13.5,12.875,14.125],"rotation":0,"texture":"#0","tintindex":0},"west":{"uv":[12.875,13.5,14.0,14.125],"rotation":0,"texture":"#0","tintindex":0},"up":{"uv":[12.875,13.5,12.125,12.375],"rotation":0,"texture":"#0","tintindex":0},"down":{"uv":[13.625,12.375,12.875,13.5],"rotation":0,"texture":"#0","tintindex":0}}},{"from":[5.714286,6.857143,5.142857],"to":[10.285714,11.428572,9.714286],"rotation":{"angle":0.0,"axis":"x","origin":[8.0,9.142858,7.428571]},"faces":{"east":{"uv":[10.0,8.875,11.0,9.875],"rotation":0,"texture":"#0","tintindex":0},"south":{"uv":[13.0,8.875,14.0,9.875],"rotation":0,"texture":"#0","tintindex":0},"north":{"uv":[11.0,8.875,12.0,9.875],"rotation":0,"texture":"#0","tintindex":0},"west":{"uv":[12.0,8.875,13.0,9.875],"rotation":0,"texture":"#0","tintindex":0},"up":{"uv":[12.0,8.875,11.0,7.875],"rotation":0,"texture":"#0","tintindex":0},"down":{"uv":[13.0,7.875,12.0,8.875],"rotation":0,"texture":"#0","tintindex":0}}},{"from":[2.3192573,6.285714,9.572991],"to":[6.890686,12.0,9.572991],"rotation":{"angle":45.0,"axis":"y","origin":[4.890686,9.142858,10.14442]},"faces":{"east":{"uv":[0.0,4.375,0.0,5.625],"rotation":0,"texture":"#0","tintindex":0},"south":{"uv":[1.0,4.375,0.0,5.625],"rotation":0,"texture":"#0","tintindex":0},"north":{"uv":[0.0,4.375,1.0,5.625],"rotation":0,"texture":"#0","tintindex":0},"west":{"uv":[1.0,4.375,1.0,5.625],"rotation":0,"texture":"#0","tintindex":0},"up":{"uv":[1.0,4.375,0.0,4.375],"rotation":0,"texture":"#0","tintindex":0},"down":{"uv":[2.0,4.375,1.0,4.375],"rotation":0,"texture":"#0","tintindex":0}}},{"from":[5.714286,6.285714,1.2857141],"to":[10.285714,12.0,1.2857141],"rotation":{"angle":-45.0,"axis":"y","origin":[-0.14285755,4.5714283,9.857143]},"faces":{"east":{"uv":[1.0,4.375,1.0,5.625],"rotation":0,"texture":"#0","tintindex":0},"south":{"uv":[0.0,4.375,1.0,5.625],"rotation":0,"texture":"#0","tintindex":0},"north":{"uv":[1.0,4.375,0.0,5.625],"rotation":0,"texture":"#0","tintindex":0},"west":{"uv":[0.0,4.375,0.0,5.625],"rotation":0,"texture":"#0","tintindex":0},"up":{"uv":[0.0,4.375,1.0,4.375],"rotation":0,"texture":"#0","tintindex":0},"down":{"uv":[1.0,4.375,2.0,4.375],"rotation":0,"texture":"#0","tintindex":0}}},{"from":[8.0,6.857143,2.2857141],"to":[8.0,15.428572,13.142858],"rotation":{"angle":0.0,"axis":"y","origin":[8.0,5.142857,19.428572]},"faces":{"east":{"uv":[4.375,4.25,6.75,6.125],"rotation":0,"texture":"#0","tintindex":0},"south":{"uv":[9.125,4.25,9.125,6.125],"rotation":0,"texture":"#0","tintindex":0},"north":{"uv":[6.75,4.25,6.75,6.125],"rotation":0,"texture":"#0","tintindex":0},"west":{"uv":[6.75,4.25,4.375,6.125],"rotation":0,"texture":"#0","tintindex":0},"up":{"uv":[6.75,4.25,6.75,1.875],"rotation":0,"texture":"#0","tintindex":0},"down":{"uv":[6.75,1.875,6.75,4.25],"rotation":0,"texture":"#0","tintindex":0}}}],"display":{"head":{"translation":[0.0,-6.4,0.0],"scale":[4.0,4.0,4.0]}}}