{"textures":{"0":"modelengine:entity/goblintek_coil"},"elements":[{"from":[7.479416,6.481576,6.625898],"to":[9.765131,12.76729,8.9116125],"rotation":{"angle":0.0,"axis":"y","origin":[8.622273,-5.518424,7.768755]},"faces":{"east":{"uv":[0.025,7.275,0.975,9.975],"rotation":0,"texture":"#0","tintindex":0},"south":{"uv":[7.275,0.025,8.225,2.725],"rotation":0,"texture":"#0","tintindex":0},"north":{"uv":[5.275,7.025,6.225,9.725],"rotation":0,"texture":"#0","tintindex":0},"west":{"uv":[1.025,7.275,1.975,9.975],"rotation":0,"texture":"#0","tintindex":0},"up":{"uv":[9.725,11.975,8.775,11.025],"rotation":0,"texture":"#0","tintindex":0},"down":{"uv":[5.975,11.275,5.025,12.225],"rotation":0,"texture":"#0","tintindex":0}}},{"from":[8.050845,5.9101477,6.0544696],"to":[10.907988,9.338719,9.483041],"rotation":{"angle":-22.5,"axis":"z","origin":[8.622273,9.6244335,7.768755]},"faces":{"east":{"uv":[7.025,2.775,8.475,4.225],"rotation":0,"texture":"#0","tintindex":0},"south":{"uv":[8.525,2.275,9.725,3.725],"rotation":0,"texture":"#0","tintindex":0},"north":{"uv":[8.275,4.275,9.475,5.725],"rotation":0,"texture":"#0","tintindex":0},"west":{"uv":[7.275,6.275,8.725,7.725],"rotation":0,"texture":"#0","tintindex":0},"up":{"uv":[8.475,9.975,7.275,8.525],"rotation":0,"texture":"#0","tintindex":0},"down":{"uv":[9.725,8.525,8.525,9.975],"rotation":0,"texture":"#0","tintindex":0}}},{"from":[5.76513,7.624433,6.9116125],"to":[8.050845,11.053005,8.625898],"rotation":{"angle":22.5,"axis":"z","origin":[8.622273,9.6244335,8.054469]},"faces":{"east":{"uv":[7.275,10.025,7.975,11.475],"rotation":0,"texture":"#0","tintindex":0},"south":{"uv":[9.775,5.275,10.725,6.725],"rotation":0,"texture":"#0","tintindex":0},"north":{"uv":[5.275,9.775,6.225,11.225],"rotation":0,"texture":"#0","tintindex":0},"west":{"uv":[8.025,10.025,8.725,11.475],"rotation":0,"texture":"#0","tintindex":0},"up":{"uv":[5.975,4.975,5.025,4.275],"rotation":0,"texture":"#0","tintindex":0},"down":{"uv":[12.725,0.025,11.775,0.725],"rotation":0,"texture":"#0","tintindex":0}}},{"from":[6.9079876,6.481576,8.340184],"to":[9.193702,9.338719,10.625898],"rotation":{"angle":22.5,"axis":"x","origin":[7.479416,9.6244335,10.05447]},"faces":{"east":{"uv":[2.025,10.025,2.975,11.225],"rotation":0,"texture":"#0","tintindex":0},"south":{"uv":[3.025,10.025,3.975,11.225],"rotation":0,"texture":"#0","tintindex":0},"north":{"uv":[1.025,10.025,1.975,11.225],"rotation":0,"texture":"#0","tintindex":0},"west":{"uv":[4.025,10.025,4.975,11.225],"rotation":0,"texture":"#0","tintindex":0},"up":{"uv":[12.225,6.225,11.275,5.275],"rotation":0,"texture":"#0","tintindex":0},"down":{"uv":[12.225,6.275,11.275,7.225],"rotation":0,"texture":"#0","tintindex":0}}},{"from":[5.76513,6.624433,5.483041],"to":[10.907988,8.338719,10.625898],"rotation":{"angle":0.0,"axis":"y","origin":[8.622273,10.338719,7.768755]},"faces":{"east":{"uv":[9.525,4.525,11.725,5.225],"rotation":0,"texture":"#0","tintindex":0},"south":{"uv":[9.775,2.275,11.975,2.975],"rotation":0,"texture":"#0","tintindex":0},"north":{"uv":[9.525,3.775,11.725,4.475],"rotation":0,"texture":"#0","tintindex":0},"west":{"uv":[9.775,3.025,11.975,3.725],"rotation":0,"texture":"#0","tintindex":0},"up":{"uv":[2.225,7.225,0.025,5.025],"rotation":0,"texture":"#0","tintindex":0},"down":{"uv":[7.225,0.025,5.025,2.225],"rotation":0,"texture":"#0","tintindex":0}}},{"from":[6.336559,5.9101477,6.625898],"to":[8.050845,7.0530047,8.9116125],"rotation":{"angle":0.0,"axis":"y","origin":[8.622273,9.6244335,7.768755]},"faces":{"east":{"uv":[2.525,12.275,3.475,12.725],"rotation":0,"texture":"#0","tintindex":0},"south":{"uv":[12.525,11.775,13.225,12.225],"rotation":0,"texture":"#0","tintindex":0},"north":{"uv":[12.525,11.275,13.225,11.725],"rotation":0,"texture":"#0","tintindex":0},"west":{"uv":[3.525,12.275,4.475,12.725],"rotation":0,"texture":"#0","tintindex":0},"up":{"uv":[1.725,12.725,1.025,11.775],"rotation":0,"texture":"#0","tintindex":0},"down":{"uv":[2.475,11.775,1.775,12.725],"rotation":0,"texture":"#0","tintindex":0}}}],"display":{"head":{"translation":[0.0,-6.4,0.0],"scale":[4.0,4.0,4.0]}}}