{"textures":{"0":"modelengine:entity/mothula"},"elements":[{"from":[5.714286,6.4973545,8.0],"to":[10.285714,9.925926,13.714286],"rotation":{"angle":0.0,"axis":"y","origin":[8.0,2.8571424,2.8571424]},"faces":{"east":{"uv":[0.125,14.315789,1.5285088,16.0],"rotation":0,"texture":"#0","tintindex":0},"south":{"uv":[4.9122806,14.315789,6.0350876,16.0],"rotation":0,"texture":"#0","tintindex":0},"north":{"uv":[1.8245614,14.315789,2.9473684,16.0],"rotation":0,"texture":"#0","tintindex":0},"west":{"uv":[3.2280703,14.315789,4.631579,16.0],"rotation":0,"texture":"#0","tintindex":0},"up":{"uv":[2.9473684,13.754386,1.8245614,10.947369],"rotation":0,"texture":"#0","tintindex":0},"down":{"uv":[4.3508773,10.947369,3.2280703,13.754386],"rotation":0,"texture":"#0","tintindex":0}}},{"from":[5.142857,5.714286,4.5714283],"to":[10.857143,10.285714,11.428572],"rotation":{"angle":0.0,"axis":"y","origin":[8.0,2.8571424,2.8571424]},"faces":{"east":{"uv":[0.0,14.035088,1.6842105,16.0],"rotation":0,"texture":"#0","tintindex":0},"south":{"uv":[4.7719297,14.035088,6.1754384,16.0],"rotation":0,"texture":"#0","tintindex":0},"north":{"uv":[1.6842105,14.035088,3.0877192,16.0],"rotation":0,"texture":"#0","tintindex":0},"west":{"uv":[3.0877192,14.035088,4.7719297,16.0],"rotation":0,"texture":"#0","tintindex":0},"up":{"uv":[3.0877192,14.035088,1.6842105,10.666667],"rotation":0,"texture":"#0","tintindex":0},"down":{"uv":[4.491228,10.666667,3.0877192,14.035088],"rotation":0,"texture":"#0","tintindex":0}}},{"from":[6.285714,6.285714,1.1428566],"to":[9.714286,9.714286,4.5714283],"rotation":{"angle":0.0,"axis":"y","origin":[8.0,2.8571424,2.8571424]},"faces":{"east":{"uv":[0.0,8.982456,0.84210527,10.666667],"rotation":0,"texture":"#0","tintindex":0},"south":{"uv":[2.5263157,8.982456,3.368421,10.666667],"rotation":0,"texture":"#0","tintindex":0},"north":{"uv":[0.84210527,8.982456,1.6842105,10.666667],"rotation":0,"texture":"#0","tintindex":0},"west":{"uv":[1.6842105,8.982456,2.5263157,10.666667],"rotation":0,"texture":"#0","tintindex":0},"up":{"uv":[1.6842105,8.982456,0.84210527,7.2982454],"rotation":0,"texture":"#0","tintindex":0},"down":{"uv":[2.5263157,7.2982454,1.6842105,8.982456],"rotation":0,"texture":"#0","tintindex":0}}}],"display":{"head":{"translation":[0.0,-6.4,0.0],"scale":[4.0,4.0,4.0]}}}