{"textures":{"0":"modelengine:entity/mothula"},"elements":[{"from":[1.1957669,8.21164,2.328042],"to":[5.1957674,8.21164,8.613756],"rotation":{"angle":0.0,"axis":"y","origin":[4.6772485,8.0,8.0]},"faces":{"up":{"uv":[8.140351,16.0,7.1578946,12.912281],"rotation":0,"texture":"#0","tintindex":0},"down":{"uv":[6.1754384,16.0,7.1578946,12.912281],"rotation":0,"texture":"#0","tintindex":0}}},{"from":[7.4814816,8.21164,2.328042],"to":[11.481482,8.21164,8.613756],"rotation":{"angle":0.0,"axis":"y","origin":[8.0,8.0,8.0]},"faces":{"up":{"uv":[7.1578946,16.0,8.140351,12.912281],"rotation":0,"texture":"#0","tintindex":0},"down":{"uv":[7.1578946,16.0,6.1754384,12.912281],"rotation":0,"texture":"#0","tintindex":0}}}],"display":{"head":{"translation":[0.0,-6.4,0.0],"scale":[4.0,4.0,4.0]}}}