{"textures":{"0":"modelengine:entity/mothula"},"elements":[{"from":[5.714286,5.9259257,3.4285712],"to":[10.285714,10.4973545,8.0],"rotation":{"angle":0.0,"axis":"y","origin":[7.714286,8.0,8.0]},"faces":{"east":{"uv":[4.491228,10.666667,5.614035,12.912281],"rotation":0,"texture":"#0","tintindex":0},"south":{"uv":[7.859649,10.666667,8.982456,12.912281],"rotation":0,"texture":"#0","tintindex":0},"north":{"uv":[5.614035,10.666667,6.736842,12.912281],"rotation":0,"texture":"#0","tintindex":0},"west":{"uv":[6.736842,10.666667,7.859649,12.912281],"rotation":0,"texture":"#0","tintindex":0},"up":{"uv":[6.736842,10.666667,5.614035,8.421053],"rotation":0,"texture":"#0","tintindex":0},"down":{"uv":[7.859649,8.421053,6.736842,10.666667],"rotation":0,"texture":"#0","tintindex":0}}}],"display":{"head":{"translation":[0.0,-6.4,0.0],"scale":[4.0,4.0,4.0]}}}