{"textures":{"0":"modelengine:entity/mothula"},"elements":[{"from":[7.9544234,8.0037775,0.5636668],"to":[7.9601374,25.146635,15.420811],"rotation":{"angle":0.0,"axis":"y","origin":[7.9544234,8.0037775,7.9922385]},"faces":{"east":{"uv":[4.2105265,7.2982454,0.0,0.0],"rotation":270,"texture":"#0","tintindex":0},"south":{"uv":[0.0,0.0,0.0014035088,0.0],"rotation":180,"texture":"#0","tintindex":0},"north":{"uv":[0.0,0.0,0.0014035088,0.0],"rotation":0,"texture":"#0","tintindex":0},"west":{"uv":[0.0,7.2982454,4.2105265,0.0],"rotation":90,"texture":"#0","tintindex":0},"up":{"uv":[0.0,0.0,0.0014035088,7.2982454],"rotation":0,"texture":"#0","tintindex":0},"down":{"uv":[0.0,0.0,0.0014035088,0.0],"rotation":180,"texture":"#0","tintindex":0}}}],"display":{"head":{"translation":[0.0,-6.4,0.0],"scale":[4.0,4.0,4.0]}}}