{"textures":{"0":"modelengine:entity/mothula"},"elements":[{"from":[2.4849877,7.593174,7.3020906],"to":[8.770702,8.736032,8.444947],"rotation":{"angle":-45.0,"axis":"z","origin":[8.0588665,9.167053,8.683069]},"faces":{"east":{"uv":[5.1929827,7.859649,5.4736843,8.421053],"rotation":0,"texture":"#0","tintindex":0},"south":{"uv":[4.491228,7.859649,2.9473684,8.421053],"rotation":0,"texture":"#0","tintindex":0},"north":{"uv":[2.9473684,7.2982454,4.491228,7.859649],"rotation":0,"texture":"#0","tintindex":0},"west":{"uv":[5.1929827,7.2982454,5.4736843,7.859649],"rotation":0,"texture":"#0","tintindex":0},"up":{"uv":[5.614035,7.2982454,4.0701756,7.859649],"rotation":0,"texture":"#0","tintindex":0},"down":{"uv":[5.614035,7.859649,4.0701756,8.421053],"rotation":0,"texture":"#0","tintindex":0}}}],"display":{"head":{"translation":[0.0,-6.4,0.0],"scale":[4.0,4.0,4.0]}}}