{"textures":{"0":"modelengine:entity/mothula"},"elements":[{"from":[6.7830687,7.0846562,1.8571424],"to":[6.788783,12.798943,16.714287],"rotation":{"angle":0.0,"axis":"y","origin":[7.6402116,18.513227,12.571428]},"faces":{"east":{"uv":[5.614035,7.2982454,4.2105265,0.0],"rotation":270,"texture":"#0","tintindex":0},"west":{"uv":[4.2105265,7.2982454,5.614035,0.0],"rotation":90,"texture":"#0","tintindex":0}}}],"display":{"head":{"translation":[0.0,-6.4,0.0],"scale":[4.0,4.0,4.0]}}}