{"textures":{"0":"modelengine:entity/mothula"},"elements":[{"from":[7.0839906,7.7384815,7.3285713],"to":[13.369705,8.881339,8.471429],"rotation":{"angle":45.0,"axis":"z","origin":[7.9411335,9.167053,7.3285713]},"faces":{"east":{"uv":[5.1929827,7.859649,5.4736843,8.421053],"rotation":0,"texture":"#0","tintindex":0},"south":{"uv":[4.491228,7.859649,2.9473684,8.421053],"rotation":0,"texture":"#0","tintindex":0},"north":{"uv":[2.9473684,7.2982454,4.491228,7.859649],"rotation":0,"texture":"#0","tintindex":0},"west":{"uv":[5.1929827,7.2982454,5.4736843,7.859649],"rotation":0,"texture":"#0","tintindex":0},"up":{"uv":[5.614035,7.2982454,4.0701756,7.859649],"rotation":0,"texture":"#0","tintindex":0},"down":{"uv":[5.614035,7.859649,4.0701756,8.421053],"rotation":0,"texture":"#0","tintindex":0}}}],"display":{"head":{"translation":[0.0,-6.4,0.0],"scale":[4.0,4.0,4.0]}}}