{"textures":{"0":"modelengine:entity/mothula"},"elements":[{"from":[4.4238462,10.786798,7.404762],"to":[8.9952755,11.929655,8.547619],"rotation":{"angle":-45.0,"axis":"z","origin":[2.995275,5.0725117,7.404762]},"faces":{"east":{"uv":[5.1929827,7.859649,5.4736843,8.421053],"rotation":0,"texture":"#0","tintindex":0},"south":{"uv":[2.9473684,7.859649,4.0701756,8.421053],"rotation":0,"texture":"#0","tintindex":0},"north":{"uv":[4.0701756,7.2982454,2.9473684,7.859649],"rotation":0,"texture":"#0","tintindex":0},"west":{"uv":[5.1929827,7.2982454,5.4736843,7.859649],"rotation":0,"texture":"#0","tintindex":0},"up":{"uv":[4.0701756,7.2982454,5.1929827,7.859649],"rotation":0,"texture":"#0","tintindex":0},"down":{"uv":[4.0701756,7.859649,5.1929827,8.421053],"rotation":0,"texture":"#0","tintindex":0}}},{"from":[8.601367,4.190858,7.404762],"to":[10.315653,5.9051437,8.547619],"rotation":{"angle":45.0,"axis":"z","origin":[3.6013665,5.4765725,7.404762]},"faces":{"east":{"uv":[8.280702,11.508772,8.561403,12.350877],"rotation":0,"texture":"#0","tintindex":0},"south":{"uv":[7.7192984,13.192983,8.140351,14.035088],"rotation":0,"texture":"#0","tintindex":0},"north":{"uv":[6.1754384,13.192983,6.5964913,14.035088],"rotation":0,"texture":"#0","tintindex":0},"west":{"uv":[8.566602,13.88434,8.566602,14.726446],"rotation":0,"texture":"#0","tintindex":0},"up":{"uv":[7.5789475,14.315789,8.0,14.877193],"rotation":0,"texture":"#0","tintindex":0},"down":{"uv":[7.1186986,12.340481,7.5397515,12.901884],"rotation":0,"texture":"#0","tintindex":0}}},{"from":[8.625877,-1.439743,7.404762],"to":[12.054449,-0.72545815,8.547619],"rotation":{"angle":45.0,"axis":"z","origin":[3.1973052,5.274542,7.404762]},"faces":{"east":{"uv":[3.368421,7.2982454,3.6491227,7.5789475],"rotation":0,"texture":"#0","tintindex":0},"south":{"uv":[4.3508773,7.2982454,5.1929827,7.5789475],"rotation":0,"texture":"#0","tintindex":0},"north":{"uv":[4.491228,7.2982454,3.6491227,7.5789475],"rotation":0,"texture":"#0","tintindex":0},"west":{"uv":[3.368421,7.5789475,3.6491227,7.859649],"rotation":0,"texture":"#0","tintindex":0},"up":{"uv":[3.6491227,7.5789475,4.491228,8.140351],"rotation":0,"texture":"#0","tintindex":0},"down":{"uv":[4.3508773,7.5789475,5.1929827,8.140351],"rotation":0,"texture":"#0","tintindex":0}}}],"display":{"head":{"translation":[0.0,-6.4,0.0],"scale":[4.0,4.0,4.0]}}}