{"textures":{"0":"modelengine:entity/mothula"},"elements":[{"from":[8.016712,8.034203,-4.338625],"to":[8.022427,29.034203,20.232805],"rotation":{"angle":0.0,"axis":"y","origin":[8.016712,8.034203,7.94709]},"faces":{"east":{"uv":[14.315789,15.719298,9.122807,3.6491227],"rotation":270,"texture":"#0","tintindex":0},"south":{"uv":[0.0,0.0,0.0014035088,0.0],"rotation":180,"texture":"#0","tintindex":0},"north":{"uv":[0.0,0.0,0.0014035088,0.0],"rotation":0,"texture":"#0","tintindex":0},"west":{"uv":[9.122807,15.719298,14.315789,3.6491227],"rotation":90,"texture":"#0","tintindex":0},"up":{"uv":[0.0,0.0,0.0014035088,0.0],"rotation":0,"texture":"#0","tintindex":0},"down":{"uv":[0.0,0.0,0.0014035088,0.0],"rotation":180,"texture":"#0","tintindex":0}}}],"display":{"head":{"translation":[0.0,-6.4,0.0],"scale":[4.0,4.0,4.0]}}}