{"textures":{"0":"modelengine:entity/mothula"},"elements":[{"from":[8.216931,7.2275133,-10.0],"to":[8.222646,14.227514,14.571428],"rotation":{"angle":0.0,"axis":"y","origin":[8.216931,10.656085,2.2857141]},"faces":{"east":{"uv":[16.0,15.719298,14.315789,3.6491227],"rotation":270,"texture":"#0","tintindex":0},"south":{"uv":[0.0,0.0,0.0,4.6511626],"rotation":180,"texture":"#0","tintindex":0},"north":{"uv":[0.0,0.0,0.0,4.6976743],"rotation":0,"texture":"#0","tintindex":0},"west":{"uv":[14.315789,15.719298,16.0,3.6491227],"rotation":90,"texture":"#0","tintindex":0},"up":{"uv":[0.0,0.0,0.0,3.924634],"rotation":0,"texture":"#0","tintindex":0},"down":{"uv":[0.0,0.0,0.0,3.924634],"rotation":180,"texture":"#0","tintindex":0}}}],"display":{"head":{"translation":[0.0,-6.4,0.0],"scale":[4.0,4.0,4.0]}}}