{"textures":{"1":"modelengine:entity/fallenravager"},"elements":[{"from":[3.7142854,6.857143,7.5714283],"to":[12.285715,8.0,8.142858],"rotation":{"angle":0.0,"axis":"y","origin":[7.714286,-5.1428576,5.285714]},"faces":{"east":{"uv":[7.8135,4.251,7.874,4.374],"rotation":0,"texture":"#1","tintindex":0},"south":{"uv":[3.001,0.626,3.9365,0.749],"rotation":0,"texture":"#1","tintindex":0},"north":{"uv":[3.001,0.626,3.9365,0.749],"rotation":0,"texture":"#1","tintindex":0},"west":{"uv":[7.8135,4.4385,7.874,4.5615],"rotation":0,"texture":"#1","tintindex":0},"up":{"uv":[5.8115,0.5615,4.876,0.501],"rotation":0,"texture":"#1","tintindex":0},"down":{"uv":[5.8115,2.3135,4.876,2.374],"rotation":0,"texture":"#1","tintindex":0}}},{"from":[4.285714,5.142857,7.5714283],"to":[11.714286,6.857143,8.142858],"rotation":{"angle":0.0,"axis":"y","origin":[7.714286,0.5714283,5.285714]},"faces":{"east":{"uv":[2.9385,7.501,2.999,7.6865],"rotation":0,"texture":"#1","tintindex":0},"south":{"uv":[2.376,2.001,3.1865,2.1865],"rotation":0,"texture":"#1","tintindex":0},"north":{"uv":[2.376,2.001,3.1865,2.1865],"rotation":0,"texture":"#1","tintindex":0},"west":{"uv":[3.0635,7.501,3.124,7.6865],"rotation":0,"texture":"#1","tintindex":0},"up":{"uv":[5.6865,2.499,4.876,2.4385],"rotation":0,"texture":"#1","tintindex":0},"down":{"uv":[5.749,1.8135,4.9385,1.874],"rotation":0,"texture":"#1","tintindex":0}}},{"from":[7.142857,4.5714283,7.5714283],"to":[8.285714,5.142857,8.142858],"rotation":{"angle":0.0,"axis":"y","origin":[8.857143,0.5714283,5.285714]},"faces":{"east":{"uv":[0.251,8.251,0.3115,8.3115],"rotation":0,"texture":"#1","tintindex":0},"south":{"uv":[7.8135,6.126,7.9365,6.1865],"rotation":0,"texture":"#1","tintindex":0},"north":{"uv":[7.8135,5.1885,7.9365,5.249],"rotation":0,"texture":"#1","tintindex":0},"west":{"uv":[8.251,0.251,8.3115,0.3115],"rotation":0,"texture":"#1","tintindex":0},"up":{"uv":[7.749,7.874,7.626,7.8135],"rotation":0,"texture":"#1","tintindex":0},"down":{"uv":[7.9365,7.8135,7.8135,7.874],"rotation":0,"texture":"#1","tintindex":0}}}],"display":{"head":{"translation":[0.0,-6.4,0.0],"scale":[4.0,4.0,4.0]}}}