{"textures":{"1":"modelengine:entity/fallenravager"},"elements":[{"from":[6.8756757,5.555402,6.753714],"to":[7.4539614,7.8479733,7.332],"rotation":{"angle":22.5,"axis":"y","origin":[7.164819,7.8445444,7.2714286]},"faces":{"east":{"uv":[3.6885,7.001,3.749,7.249],"rotation":0,"texture":"#1","tintindex":0},"south":{"uv":[3.8135,7.001,3.874,7.249],"rotation":0,"texture":"#1","tintindex":0},"north":{"uv":[7.001,3.251,7.0615,3.499],"rotation":0,"texture":"#1","tintindex":0},"west":{"uv":[7.001,4.126,7.0615,4.374],"rotation":0,"texture":"#1","tintindex":0},"up":{"uv":[3.4365,8.374,3.376,8.3135],"rotation":0,"texture":"#1","tintindex":0},"down":{"uv":[3.5615,8.3135,3.501,8.374],"rotation":0,"texture":"#1","tintindex":0}}},{"from":[6.8756757,5.555402,8.796572],"to":[7.4539614,7.8479733,9.374857],"rotation":{"angle":-22.5,"axis":"y","origin":[7.164819,7.8445444,8.857143]},"faces":{"east":{"uv":[7.001,2.626,7.0615,2.874],"rotation":0,"texture":"#1","tintindex":0},"south":{"uv":[2.6885,7.001,2.749,7.249],"rotation":0,"texture":"#1","tintindex":0},"north":{"uv":[2.5635,7.001,2.624,7.249],"rotation":0,"texture":"#1","tintindex":0},"west":{"uv":[2.8135,7.001,2.874,7.249],"rotation":0,"texture":"#1","tintindex":0},"up":{"uv":[2.9365,8.374,2.876,8.3135],"rotation":0,"texture":"#1","tintindex":0},"down":{"uv":[3.3115,8.3135,3.251,8.374],"rotation":0,"texture":"#1","tintindex":0}}},{"from":[6.8791046,6.3016872,6.885714],"to":[9.164819,6.873116,9.171429],"rotation":{"angle":0.0,"axis":"y","origin":[8.307676,6.273116,9.857143]},"faces":{"east":{"uv":[6.751,3.626,6.999,3.6865],"rotation":0,"texture":"#1","tintindex":0},"south":{"uv":[3.6885,6.751,3.9365,6.8115],"rotation":0,"texture":"#1","tintindex":0},"north":{"uv":[3.376,6.751,3.624,6.8115],"rotation":0,"texture":"#1","tintindex":0},"west":{"uv":[6.751,3.751,6.999,3.8115],"rotation":0,"texture":"#1","tintindex":0},"up":{"uv":[4.499,4.499,4.251,4.251],"rotation":0,"texture":"#1","tintindex":0},"down":{"uv":[4.5615,1.626,4.3135,1.874],"rotation":0,"texture":"#1","tintindex":0}}},{"from":[6.99339,5.537401,6.992857],"to":[9.050533,7.5945444,9.05],"rotation":{"angle":0.0,"axis":"y","origin":[11.450533,-1.8697414,8.0]},"faces":{"east":{"uv":[4.126,0.626,4.374,0.874],"rotation":0,"texture":"#1","tintindex":0},"south":{"uv":[4.126,0.9385,4.374,1.1865],"rotation":0,"texture":"#1","tintindex":0},"north":{"uv":[0.001,4.126,0.249,4.374],"rotation":0,"texture":"#1","tintindex":0},"west":{"uv":[4.126,2.876,4.374,3.124],"rotation":0,"texture":"#1","tintindex":0},"up":{"uv":[4.374,3.4365,4.126,3.1885],"rotation":0,"texture":"#1","tintindex":0},"down":{"uv":[4.374,3.501,4.126,3.749],"rotation":0,"texture":"#1","tintindex":0}}},{"from":[6.421962,5.4231157,7.7357144],"to":[6.99339,8.280259,8.307143],"rotation":{"angle":0.0,"axis":"y","origin":[11.450533,-1.8697414,8.0]},"faces":{"east":{"uv":[3.376,6.376,3.4365,6.6865],"rotation":0,"texture":"#1","tintindex":0},"south":{"uv":[3.501,6.376,3.5615,6.6865],"rotation":0,"texture":"#1","tintindex":0},"north":{"uv":[3.251,6.376,3.3115,6.6865],"rotation":0,"texture":"#1","tintindex":0},"west":{"uv":[3.626,6.376,3.6865,6.6865],"rotation":0,"texture":"#1","tintindex":0},"up":{"uv":[8.374,0.1865,8.3135,0.126],"rotation":0,"texture":"#1","tintindex":0},"down":{"uv":[8.374,0.376,8.3135,0.4365],"rotation":0,"texture":"#1","tintindex":0}}},{"from":[6.4253902,5.426544,7.167714],"to":[6.9899616,8.276831,7.7322855],"rotation":{"angle":-22.5,"axis":"y","origin":[6.707676,6.5659733,7.45]},"faces":{"east":{"uv":[3.876,6.376,3.9365,6.6865],"rotation":0,"texture":"#1","tintindex":0},"south":{"uv":[6.001,6.376,6.0615,6.6865],"rotation":0,"texture":"#1","tintindex":0},"north":{"uv":[3.751,6.376,3.8115,6.6865],"rotation":0,"texture":"#1","tintindex":0},"west":{"uv":[6.126,6.376,6.1865,6.6865],"rotation":0,"texture":"#1","tintindex":0},"up":{"uv":[8.374,0.874,8.3135,0.8135],"rotation":0,"texture":"#1","tintindex":0},"down":{"uv":[8.374,0.9385,8.3135,0.999],"rotation":0,"texture":"#1","tintindex":0}}},{"from":[6.4253902,5.426544,8.310572],"to":[6.9899616,8.276831,8.875143],"rotation":{"angle":22.5,"axis":"y","origin":[6.707676,6.5659733,8.592857]},"faces":{"east":{"uv":[6.4385,0.001,6.499,0.3115],"rotation":0,"texture":"#1","tintindex":0},"south":{"uv":[2.4385,6.4385,2.499,6.749],"rotation":0,"texture":"#1","tintindex":0},"north":{"uv":[6.376,6.126,6.4365,6.4365],"rotation":0,"texture":"#1","tintindex":0},"west":{"uv":[6.4385,2.501,6.499,2.8115],"rotation":0,"texture":"#1","tintindex":0},"up":{"uv":[1.0615,8.374,1.001,8.3135],"rotation":0,"texture":"#1","tintindex":0},"down":{"uv":[1.1865,8.3135,1.126,8.374],"rotation":0,"texture":"#1","tintindex":0}}},{"from":[6.8791046,3.2731156,6.857143],"to":[9.164819,5.5588303,9.142858],"rotation":{"angle":0.0,"axis":"y","origin":[11.450533,-1.8697414,8.0]},"faces":{"east":{"uv":[1.501,4.1885,1.749,4.4365],"rotation":0,"texture":"#1","tintindex":0},"south":{"uv":[1.8135,4.1885,2.0615,4.4365],"rotation":0,"texture":"#1","tintindex":0},"north":{"uv":[0.876,4.1885,1.124,4.4365],"rotation":0,"texture":"#1","tintindex":0},"west":{"uv":[2.126,4.1885,2.374,4.4365],"rotation":0,"texture":"#1","tintindex":0},"up":{"uv":[2.6865,4.4365,2.4385,4.1885],"rotation":0,"texture":"#1","tintindex":0},"down":{"uv":[3.5615,4.1885,3.3135,4.4365],"rotation":0,"texture":"#1","tintindex":0}}},{"from":[8.879105,4.015973,6.285714],"to":[9.450533,5.15883,6.857143],"rotation":{"angle":45.0,"axis":"z","origin":[9.164819,4.5874014,6.5714283]},"faces":{"east":{"uv":[5.1885,7.876,5.249,7.999],"rotation":0,"texture":"#1","tintindex":0},"south":{"uv":[7.876,5.3135,7.9365,5.4365],"rotation":0,"texture":"#1","tintindex":0},"north":{"uv":[5.0635,7.876,5.124,7.999],"rotation":0,"texture":"#1","tintindex":0},"west":{"uv":[5.8135,7.876,5.874,7.999],"rotation":0,"texture":"#1","tintindex":0},"up":{"uv":[8.374,1.8115,8.3135,1.751],"rotation":0,"texture":"#1","tintindex":0},"down":{"uv":[8.374,2.001,8.3135,2.0615],"rotation":0,"texture":"#1","tintindex":0}}},{"from":[8.879105,4.015973,6.857143],"to":[9.450533,4.5874014,7.428571],"rotation":{"angle":45.0,"axis":"z","origin":[9.164819,4.5874014,6.5714283]},"faces":{"east":{"uv":[2.251,8.3135,2.3115,8.374],"rotation":0,"texture":"#1","tintindex":0},"south":{"uv":[8.3135,2.376,8.374,2.4365],"rotation":0,"texture":"#1","tintindex":0},"north":{"uv":[2.126,8.3135,2.1865,8.374],"rotation":0,"texture":"#1","tintindex":0},"west":{"uv":[2.501,8.3135,2.5615,8.374],"rotation":0,"texture":"#1","tintindex":0},"up":{"uv":[2.6865,8.374,2.626,8.3135],"rotation":0,"texture":"#1","tintindex":0},"down":{"uv":[2.8115,8.3135,2.751,8.374],"rotation":0,"texture":"#1","tintindex":0}}},{"from":[9.050533,7.5945444,9.05],"to":[6.99339,5.537401,6.992857],"rotation":{"angle":0.0,"axis":"y","origin":[11.450533,-1.8697414,8.0]},"faces":{"east":{"uv":[4.126,3.124,4.374,2.876],"rotation":0,"texture":"#1","tintindex":0},"south":{"uv":[0.001,4.374,0.249,4.126],"rotation":0,"texture":"#1","tintindex":0},"north":{"uv":[4.126,1.1865,4.374,0.9385],"rotation":0,"texture":"#1","tintindex":0},"west":{"uv":[4.126,0.874,4.374,0.626],"rotation":0,"texture":"#1","tintindex":0},"up":{"uv":[4.126,3.501,4.374,3.749],"rotation":0,"texture":"#1","tintindex":0},"down":{"uv":[4.126,3.4365,4.374,3.1885],"rotation":0,"texture":"#1","tintindex":0}}}],"display":{"head":{"translation":[0.0,-6.4,0.0],"scale":[4.0,4.0,4.0]}}}